<?xml version="1.0"?>
<VTKFile type="UnstructuredGrid" version="0.1" byte_order="LittleEndian">
  <UnstructuredGrid>
    <Piece NumberOfPoints="10000" NumberOfCells="10000">
      <Points>
        <DataArray type="Float32" NumberOfComponents="3" format="ascii">
          -1.782668 0.3571129 0.16523 -2.463356 2.524616 -3.047289 -1.539146 -1.550622 -0.5219958 0.356844 0.674046 1.886833 3.400394 -0.361485 1.733455 3.160291 -3.170887 4.802638 2.723968 -3.79791 2.12812 1.927812 -3.682094 3.545347 -2.124507 -1.430375 -0.3338228 -0.5575855 1.963158 -1.523563 2.81217 -1.284226 2.16072 3.056024 -1.844219 1.067843 3.037903 -0.04692613 2.604794 -0.9833698 1.957844 -2.067625 0.6254087 0.9783115 -2.782301 -1.241488 2.388018 -2.370473 -3.701875 3.981709 -5.549223 0.07238155 -2.142162 0.7541062 0.9013098 -1.741579 2.184552 -4.220022 2.948359 -4.739747 1.765127 -1.875836 1.76122 1.699531 -2.203157 -0.1357983 0.5037034 -0.06737047 0.8521674 1.061597 -3.777363 2.681159 0.5111712 -4.625675 1.113297 0.507448 0.6408808 -2.577155 -1.504406 2.095816 -2.667348 -2.048019 4.078878 -3.664957 -0.3510102 0.1388889 0.09329669 -0.7422314 2.35614 -4.464781 -1.652944 2.057031 -4.522004 2.652227 0.2692246 2.837369 2.234282 -4.300221 2.85814 2.260175 -0.2609316 2.948085 -1.0652 -2.068356 1.63972 1.767023 0.7354899 3.008945 0.7704242 0.5294821 0.4413936 1.394867 -4.794289 1.332808 1.730014 -3.092507 3.656214 1.508874 -3.4207 -0.08632511 2.842457 0.3264388 1.026727 3.74607 -2.423786 4.475575 -1.184894 3.141954 -4.558078 3.160829 -2.445473 3.381252 -0.4980926 0.1580292 0.07505441 -1.310045 -0.6023318 2.633212 1.252009 -2.472739 1.627406 -0.5262313 3.347853 -3.65341 0.1696148 2.29109 -3.770331 3.576289 -2.346334 4.100957 0.6544603 0.4848139 -0.4983545 0.8781176 -0.5363811 1.45199 0.5241917 -3.816729 2.00072 0.5140629 2.285722 -1.518749 -0.3195578 1.146227 -0.9658615 1.402547 -3.846421 0.111363 2.948179 -2.871528 2.600155 0.4914526 2.066708 0.5437676 -3.862292 3.073401 -5.159625 -2.564301 0.238074 1.251331 -2.178337 0.5611753 1.564199 0.2513369 -0.503595 -0.1192773 -2.401124 0.1428443 0.2101372 2.233022 -2.768967 0.1496031 0.9747489 1.663685 -0.850152 2.273358 0.1191862 1.001537 0.02922105 1.465597 1.533888 0.207025 -3.423139 1.031327 -3.705017 2.78741 -4.811603 1.33401 -1.817002 1.830745 -1.765376 -0.4233738 -0.7286944 3.249585 -0.5187129 1.089112 3.683507 -2.677906 4.438241 0.2139508 -0.5924382 -0.1790635 1.988318 -1.542688 -0.02042639 1.89457 -2.593148 3.859891 -3.345502 3.360444 -3.230958 -2.341165 2.137467 -4.43583 0.9852559 -0.6553292 1.119412 2.093514 -2.923168 0.07023607 1.004654 1.267872 2.610792 -2.286152 4.152828 -3.636492 -1.125476 3.068836 -2.68337 2.042784 -1.699233 2.02859 -1.21056 3.523638 -4.316057 -1.349535 0.5051489 0.2637456 1.201631 -0.8921178 1.707758 1.156063 0.5433146 0.6982455 0.9062275 2.207279 1.696032 1.539233 -0.5655148 1.553417 1.370188 -4.73077 1.825706 2.610708 -3.020197 4.998343 -0.8317626 1.122315 -3.455194 -0.3405952 2.964428 -2.370089 0.1437023 0.8184174 1.463056 -2.208483 -0.9871345 2.009927 2.074946 -4.398945 2.743097 1.590976 0.8658139 0.7590367 1.260466 -4.617403 2.081923 2.111912 -1.706494 -0.01113071 -3.949341 2.82957 -4.059308 -1.602635 -0.2052239 -0.610866 1.101234 1.144025 -1.246605 0.169177 2.872524 -2.6209 2.17937 -2.566722 4.767006 0.162776 0.7922406 1.492358 0.5762859 -0.5965223 2.197683 -1.35204 0.7187753 0.6976362 0.2189351 0.5202102 -1.144817 0.6316502 2.341616 -2.388186 1.097673 -1.976562 1.957225 -2.45983 2.196305 -4.456261 1.839704 -1.487158 -0.03021726 -2.614356 4.150655 -3.487241 2.011547 -4.125864 1.204037 -2.276002 -1.529436 1.29881 -0.3206428 -2.179641 0.6604744 2.460452 -2.779355 0.914449 1.388034 2.001288 1.346698 -0.2527087 -2.22613 0.7652878 2.673407 -3.754723 1.964505 -1.032537 -0.01986743 -0.4296169 0.3193173 -2.209013 1.045888 -1.328649 1.770412 -4.331668 -2.673389 -0.1556022 1.495254 1.489024 -0.2143146 2.813489 2.404024 0.5538983 2.817376 0.3081106 0.7172608 0.3912163 2.456006 -0.06477953 2.938086 -0.543696 0.8714548 -1.681777 -2.572571 4.110192 -4.903098 0.6522818 -0.2589189 1.645746 -0.4058482 1.513657 0.1194523 1.841589 1.988805 1.860575 -3.341676 2.807709 -4.972726 -0.7796901 1.100924 -2.281973 -3.28003 4.725007 -4.73949 0.06604876 0.6478015 -2.761168 0.5365014 2.268857 -3.013328 -2.038752 3.365587 -2.929244 -2.072487 -0.4682199 2.27385 1.14332 -0.8026666 1.571426 1.225192 1.278763 -0.02585786 2.740563 -1.702499 4.405553 0.0864913 2.053943 0.2253942 -2.401256 4.009717 -3.373433 1.112556 -3.303944 2.488401 1.074794 1.459912 -1.183051 0.9354452 1.601423 -2.189419 -3.619845 2.836101 -3.648315 2.903939 0.7432424 2.223226 -2.074347 -1.735506 0.4873595 -1.150259 -0.3406129 -0.7191376 -1.009228 -1.170461 2.429969 -2.07881 0.4759057 0.4195229 -3.971219 3.610152 -3.457385 -0.4236615 0.9954307 -1.447633 -0.4259398 1.621566 -0.03634285 2.376327 -0.6723323 2.866778 1.601156 -3.525523 3.305251 1.729694 -0.9410403 0.8387243 -2.196472 2.986158 -4.99793 3.038804 -3.544853 3.808442 0.5061485 -4.265336 0.5307876 1.054188 -0.7102741 1.646734 -0.1350578 2.405453 -4.06262 -2.002719 0.7363842 1.268097 -1.271026 0.4934379 0.2629358 3.31949 -0.1854833 1.307676 -3.866673 3.147127 -3.572567 -0.9709471 2.069221 -2.068831 -1.987803 0.580358 0.5858142 -0.3624082 0.4189182 0.5140106 2.369746 -1.123809 2.586811 1.861374 -2.998842 2.393981 0.3631971 1.960428 1.606549 0.7124243 -2.285208 1.570278 -0.1407926 -2.200862 0.769214 -2.563894 -0.5054954 1.818581 0.9246495 -2.953673 -0.02000356 -2.804858 2.623763 -3.196579 -1.342673 -1.290819 -0.8131449 3.419027 -1.94492 4.202872 0.03407692 3.027871 -3.29306 -2.066218 3.227172 -4.974871 0.2182431 -4.110738 1.132472 1.203306 -3.761305 2.801648 2.413484 -4.156127 3.023113 3.329003 0.1107649 1.652626 2.720672 0.3732798 2.76937 0.7332407 1.206392 2.422308 -1.304242 3.045055 -2.709727 0.9839422 -4.855107 1.162746 0.8430699 -0.4915186 1.662977 2.653424 -2.23783 1.630539 -0.944368 0.3426675 0.1590392 2.333162 -3.798087 1.58457 2.48347 -0.2330384 0.593218 -2.501159 4.332857 -3.907288 0.06063317 2.910424 -3.483953 -1.995098 -1.286015 -0.6316133 -0.7700847 -0.003320373 -0.3310153 -0.7468207 0.6757092 2.150177 2.178302 -0.4707427 2.924437 0.8822116 -0.57569 1.842623 1.668112 -4.081856 2.907416 -2.881644 -1.147856 0.2523174 -3.212374 4.387568 -3.624764 2.147154 -2.211199 3.943562 1.611399 -3.516135 3.331049 -0.6087953 1.667575 -1.024617 0.9838703 0.9220476 -1.833669 0.2526684 -3.032197 1.038153 -1.754338 -0.3247907 -0.6680202 -0.7383392 -1.801875 -0.02976733 0.8271175 0.6654885 -2.01149 2.712093 -1.901 3.948162 -2.163729 -1.409032 -0.334457 2.721773 -2.118517 0.3911434 0.309571 -1.426461 0.1354998 3.135625 -3.06547 5.070369 1.992296 0.6859647 2.956254 0.8893222 -0.5482008 1.360083 0.406682 -0.06640385 0.4628987 -0.5297672 0.1522967 2.493901 0.54939 -3.81778 0.2924099 -0.1428908 0.04169928 0.04931181 -0.2842357 0.02735709 -0.04563464 1.637617 -3.142101 3.467756 -2.061667 -1.039333 -0.7045242 -0.3745685 0.9788299 -1.424702 -2.091356 -1.351268 1.838069 2.69828 -3.247311 4.710785 -2.304101 1.966786 -4.067551 2.533422 -2.664289 0.9422783 1.971981 -3.846556 3.382977 -1.520197 0.4600029 0.1951039 2.005435 -0.4136153 0.8962472 -0.4913422 2.510314 -1.926278 -3.277838 3.562918 -3.209941 -0.2293404 2.188386 -0.9728612 2.37252 0.298517 1.013652 -0.9770118 1.206416 -3.167534 -1.306095 0.6163754 0.4832019 0.712288 -2.429141 0.6331873 -0.3365161 2.069711 -0.507167 2.258339 -2.883989 0.2862602 -1.500782 0.5533936 0.3338783 2.181361 -3.724122 3.718438 1.355102 0.5410604 0.8433895 0.4103205 0.51546 1.329537 0.8034878 1.75125 -2.573725 1.705492 -1.238744 1.726604 2.667628 0.8558279 2.505812 -0.4130981 1.197178 -0.8000143 -1.264858 2.356596 -2.377004 1.547578 -2.543708 1.581288 -1.068545 -1.829224 1.856273 0.7299086 -0.380665 0.952554 3.06025 -1.42266 0.546042 2.957273 -3.504108 2.620522 -1.960689 -1.825846 0.9312595 1.371315 -1.992845 -0.08396324 2.938211 -2.053593 1.107983 2.562003 -1.451152 0.1623416 1.449802 -2.492569 1.594137 -1.804709 4.004122 -3.703203 2.787086 0.9046012 2.13521 3.012725 -1.012516 2.134498 1.845405 -2.601594 3.475461 -0.4720738 0.7367903 1.442713 1.88136 0.2730861 3.043505 1.038961 1.78036 0.6041061 -1.264704 3.361155 -4.504929 0.5844888 0.4183945 1.241958 -2.142859 -1.228315 1.889184 0.6946979 -2.213865 0.5881441 -2.243756 -1.632936 1.038664 -2.001283 -1.435491 -0.4405486 2.904434 -2.634018 2.838834 -2.10091 -0.251035 -0.4280257 1.363984 0.5202163 0.8747545 2.007191 -3.011596 2.133256 -0.9514135 3.622704 -3.644638 0.7423775 -2.177661 1.912839 1.964337 -1.216641 2.547398 1.856732 1.924614 1.687327 0.9114285 1.756811 -2.175858 -2.548145 0.1482959 1.444858 -2.17011 3.194905 -2.8713 2.200556 -2.724086 0.07963614 2.337185 -1.011138 2.676129 -2.123227 -1.539511 -0.0948732 -0.911781 -0.637305 -0.7585743 -2.445789 -1.55931 0.6128905 -3.590226 4.915556 -4.506504 -3.054347 3.788257 -3.21632 2.824761 -3.566215 4.067242 -1.133128 -1.986508 0.3322237 0.9593936 2.230238 1.626082 -1.355544 0.7694361 0.8240119 1.367266 1.817358 2.371077 -3.082658 -0.2691297 0.8080326 -1.326763 -0.5309528 2.630046 -1.443553 -2.032185 1.47029 -0.8406312 1.235412 -2.245437 1.282177 2.185629 1.562701 1.083577 1.839441 0.7976159 1.491283 -3.187563 3.089909 2.849621 -2.25088 3.339211 0.06809029 3.018883 -3.203778 -0.1183756 2.067337 -0.2639957 -1.152452 2.701594 -2.49737 0.1532002 -1.768395 2.296685 0.9474332 2.219023 1.685807 2.36231 -3.777604 3.722454 -2.904204 2.25757 -4.104053 -0.5377842 1.89056 -0.4498588 2.084671 -3.406081 0.896387 -2.492839 -1.138001 1.442618 -4.356065 3.915543 -3.581756 1.401362 -2.740002 -0.1440578 0.6597351 -2.231317 1.73558 3.1355 -3.27235 3.027549 -2.33763 2.805101 -4.969814 2.014104 -1.334641 0.0268234 1.14652 -3.078073 1.821262 -4.326828 3.531054 -3.65302 0.8428718 -3.678977 0.1023961 0.5591915 1.063701 2.311928 0.9916765 -1.15424 2.196347 -0.497196 0.8025267 -2.591434 0.02381727 -2.001052 2.063528 1.690046 0.8982171 2.928611 -2.671092 2.206656 -4.31461 1.320299 -1.911096 1.796122 -2.205305 -1.454302 -0.2088059 0.4332681 -3.833676 1.866475 -2.071607 1.928231 -3.407465 2.005605 -4.176829 3.041298 0.6820329 0.4362519 -1.888361 2.451554 -0.3856723 0.493377 -2.2967 -1.318549 1.615034 -1.612897 2.312314 -2.643127 2.35496 -2.878497 2.102139 -3.894504 3.783065 -5.58103 -1.658073 2.755301 -4.791276 -1.918213 3.851974 -4.603059 1.871648 -0.03078003 1.149132 -0.380017 1.622838 0.1747739 0.7086916 0.8542353 2.424639 2.101387 -1.307588 0.05690819 0.3511545 -4.423335 1.126399 -0.9383429 1.579718 -4.170165 2.143949 -3.252282 0.7415318 1.549484 0.259673 3.020078 2.056474 -2.561553 4.448302 -0.01870775 1.471466 -3.752477 1.696595 0.5092381 3.050217 -0.6312908 0.6138968 0.8105635 2.040343 1.006958 1.142044 0.71755 2.190364 -2.480077 3.275127 -0.2155204 2.051546 -1.049248 3.666717 -3.259047 -0.5408764 -1.041301 -0.6339878 0.8969522 1.601019 -2.360132 0.4679263 2.264864 -1.309285 -0.9481319 -1.682862 -0.3247966 2.838319 -3.200754 4.826725 1.944231 -1.025807 2.663272 1.744567 -3.991017 0.507246 0.8373858 -3.04303 0.0284723 -3.359089 3.884546 -5.427342 -3.054776 2.844478 -5.036049 1.805183 -0.7665462 2.74596 -2.975305 4.560943 -4.665221 1.437455 -1.198481 1.676051 0.1848167 1.87976 -3.745239 -1.179749 1.867082 -4.40674 -2.471995 2.594944 -4.864304 1.756444 -4.612742 2.311142 0.8616755 0.6929719 -1.955802 0.8360194 -0.6624833 2.035671 1.375356 -3.125705 2.586524 1.404575 -0.5223544 1.697391 -0.8379859 1.881498 -1.913993 3.231701 -1.755075 4.297827 -1.951109 -0.08413744 2.237669 2.809206 -2.530942 2.883897 -2.699944 -1.170247 1.065346 -1.817505 -1.911072 1.019943 3.395354 -3.061732 3.722846 -1.57594 -0.1013644 -0.4763141 -1.031497 -1.627162 2.126381 3.244223 -1.373366 1.141826 2.275977 -2.504226 1.711605 -2.741387 -0.3842357 1.439434 2.103892 -3.113761 1.384949 -2.873422 2.238728 -4.053994 -0.8045369 0.5758367 2.263895 -0.1054782 1.261843 1.131482 -2.701002 3.065631 -5.127841 2.89276 -2.097762 0.8166988 -0.4094045 2.658932 -4.188465 1.260268 -2.885368 1.733525 -3.309704 4.403736 -3.624299 -1.058639 0.3752956 2.423706 -0.5512925 -1.516101 -0.3818675 3.186386 -1.350127 0.8149821 -2.536641 -0.7793349 -0.443572 -2.527572 0.009443711 1.656532 -2.134315 -0.4432392 -0.5663813 -3.614657 3.120713 -3.428038 1.445369 1.794279 1.124923 0.7330527 2.137856 -1.627379 -1.921324 -1.846857 1.059786 2.901699 -2.478362 3.065752 -0.3096973 1.053808 0.04158203 -1.739711 0.800272 1.085379 1.8897 -0.7150391 0.7994021 -0.5418071 2.356239 -1.857111 -0.249535 -1.182568 -0.4714989 1.566194 -3.144615 2.154807 -0.6098105 -1.291941 2.466215 2.593937 -3.975321 2.14697 -2.889333 3.836687 -5.235334 -0.4704395 0.7100375 -2.275455 0.8489227 2.059062 0.924513 -0.1923694 -2.386512 1.394745 0.0393304 3.028388 -3.273413 0.7456594 -2.231094 1.777588 0.9562512 -2.573223 1.556974 -0.8027686 3.326146 -2.841517 -0.4481851 2.446411 -1.834538 -2.225181 3.915709 -4.797955 0.9526547 -4.577159 1.869759 -0.8375668 1.217039 -2.279662 -1.103618 0.9424207 1.335425 -0.7438316 2.514046 -2.132951 2.507361 -2.666571 2.430471 0.02117414 -0.1351832 2.33221 1.701554 -0.7476085 2.715673 1.881528 -0.6732867 2.807597 2.229933 -2.272189 4.857053 1.639172 1.51779 2.578487 -0.8008739 2.040807 -1.93274 -1.19102 -1.000432 2.487855 -0.9750534 -2.292151 1.119864 0.2444701 2.426726 -1.629833 -1.359382 -1.552965 -0.5860944 -1.659054 1.812626 -3.193314 1.258938 -0.9754116 1.680125 2.906366 -3.697529 3.107081 -1.677848 -0.1675462 -0.5325215 -1.244501 0.8669287 1.120011 0.9748019 2.192123 1.319 -1.330161 2.524639 -2.49336 0.5301313 2.027193 1.731057 -0.9997767 -1.941872 1.769602 0.4391755 2.137672 0.9111236 -1.319501 1.940158 -2.548747 -2.621053 -0.4514498 1.694217 -0.8956105 3.116732 -4.376857 -0.04995304 1.021702 0.7971029 1.706601 -2.831193 3.389472 0.4311302 2.103358 0.6175991 2.23725 -2.210503 3.587894 -0.7531514 -1.283095 -0.6739466 -1.420888 1.502186 -3.617403 -1.882751 0.1510988 2.160668 1.666856 -4.626764 2.200381 -0.1634522 1.690983 1.029738 2.049141 -2.434729 4.327645 0.1869138 -0.6537952 2.510404 -1.723166 2.675315 -2.672901 -2.080421 -0.4094367 -0.5708782 -0.4009303 -0.2185951 -0.3804029 0.570538 -1.133547 2.439053 1.710438 1.351842 0.9634392 2.229534 -0.537385 2.912787 3.404444 -0.26461 1.692755 3.185135 -1.253383 0.7724932 0.6715224 1.905994 -0.1739236 -4.66951 3.229223 -4.222489 0.1774247 0.5528788 -0.6290488 -1.485209 1.572727 -3.970393 1.034683 0.5393974 0.5899518 0.8914511 -0.6719732 1.990156 -2.634984 3.952548 -5.05488 -1.413781 3.080812 -4.677958 1.230177 0.623583 0.654452 1.899954 1.448753 1.217895 -1.193733 3.68473 -3.930866 0.1636909 0.8993244 -3.116075 -1.489515 0.8494284 1.079817 2.74909 -2.843306 2.342173 2.114103 -2.486815 4.594962 0.6979489 0.5226922 -2.076191 -0.4943341 2.580161 -4.266537 1.83966 1.746334 2.35135 0.9287675 1.847886 0.5898183 2.910515 -3.706539 3.474864 2.218464 -3.776008 3.665613 -1.043434 1.260873 -3.184986 -0.02390294 -2.106833 0.6367958 -1.63895 1.904727 -4.391374 1.329538 0.9916349 0.4526233 0.08939292 2.746579 -2.180042 1.50184 1.393213 2.685831 0.06679305 0.3271361 -1.835516 -1.296955 -1.921767 1.645459 -2.101849 -0.8027902 -0.701865 1.551261 -3.169147 1.76076 -1.653784 -1.779569 1.629984 1.593633 -2.996065 3.211389 -1.298772 1.422677 -3.557686 1.690647 -3.204234 1.908321 0.05044502 0.01309956 0.1432308 1.427277 -0.6865586 1.901974 0.2903441 -0.06462772 0.2609558 0.3357821 0.6647263 0.9067715 -1.148676 0.1719418 -0.1280926 3.172759 0.4803417 1.907708 -0.5688961 2.066232 -4.314171 0.6893343 1.679399 -2.846442 -0.6075444 -0.07750248 -0.361531 2.26483 0.9321101 2.701689 -3.783068 2.698769 -4.215073 3.039193 -0.6065611 2.376468 3.107139 -0.6630796 2.240113 1.975924 0.9460581 1.017161 1.535594 -3.200875 1.835252 0.8500978 1.80856 -0.8067889 -2.084877 -0.7375345 -0.7032326 -1.59289 -0.6284903 2.528454 2.025622 -0.4531379 2.915941 1.488231 -4.103931 0.3457464 -0.1734359 1.039656 0.4844312 0.6271724 -2.084368 0.5410376 0.04653268 0.8201848 -3.052342 -2.645953 3.657136 -3.103685 -2.24975 0.06235565 0.06344794 0.9494207 -0.8893443 2.118236 -1.155359 -0.7766845 -0.8670465 -1.216575 -0.9552841 2.513211 -0.1299536 1.176602 0.9434924 3.027743 0.3988956 1.30248 0.9822026 1.404197 -1.991987 -1.403761 2.351582 -4.645588 1.935373 -2.350489 -0.1092031 0.5322276 1.99241 -0.26221 -0.8599026 0.645559 0.6934438 1.289348 -1.855379 0.01991537 1.613571 -3.706235 0.1343034 2.481314 -0.2009839 2.935111 3.232681 -1.389495 1.261975 -3.804244 2.825054 -3.857662 1.012294 -4.353805 2.287213 2.308667 -2.118215 1.922683 2.857324 -1.944257 1.63361 -1.126884 1.608945 -4.197597 1.994775 -4.002141 1.054419 -1.022949 1.28278 -2.946592 2.595016 -1.751439 1.996241 3.063505 0.6948409 1.841825 0.7162738 -1.839356 0.3929932 2.25884 -1.965412 1.978895 0.6452699 -0.2718827 1.725584 -0.04229605 2.251924 -0.9490315 1.02549 1.604037 -0.06980074 2.201183 -2.60483 2.65034 1.670686 -2.388489 -0.1425675 -3.044126 2.934397 -3.18425 -2.158325 2.150274 -4.528183 -1.58247 0.6744925 0.6042712 1.465294 -4.763844 1.637461 -0.5526172 -0.04341993 -0.290727 -1.15647 1.005487 1.676783 -2.955242 -1.004431 0.2560996 1.658203 -0.9121082 1.525073 -2.725865 4.107736 -5.020899 -2.181078 2.713918 -2.800673 0.3092049 -3.881379 0.5538363 0.9765015 1.000826 -1.957423 2.087524 -4.289653 2.905775 2.848367 -3.709095 3.642231 -2.320234 2.672206 -4.906476 -3.828519 3.622124 -5.519485 -0.5711336 0.8170072 1.54057 -1.878665 0.2794162 0.1412011 -1.591846 -0.0305222 -0.3385459 -0.6175899 -0.3138058 2.67851 -3.121146 3.073724 -5.186507 -0.1910384 -0.3839771 2.570328 -0.5974433 1.156979 -1.53172 -0.9194902 2.384691 -4.546589 2.451875 -4.017093 1.976217 -0.3883927 -2.312247 1.603097 -1.578933 -0.5290736 2.534347 0.9000366 1.873733 -1.337802 1.974962 -2.917918 4.229133 0.2434014 -1.898648 2.20948 -0.5973682 1.774453 -1.437171 2.0839 -3.073951 1.884329 1.600847 -4.068633 0.414292 2.354773 -1.029647 2.658247 3.295341 -0.9647205 1.222934 -1.26759 1.649223 -2.788438 -2.446633 4.0785 -3.443871 3.372556 -0.0634869 1.525694 -2.236152 2.04375 -4.355174 0.1332229 -1.292922 -0.1126223 2.941258 -2.109879 3.601882 0.3577479 2.092275 0.4782287 1.963654 -4.141368 1.083441 -2.455436 -0.542921 -0.41214 2.094644 0.340102 1.039521 1.654408 -1.470406 -0.0213309 -2.762477 -0.4511469 0.0109081 1.177763 -2.091511 1.787716 1.461513 -1.035673 1.204633 2.821102 0.3729592 2.714429 -2.970248 3.817711 -3.216414 2.79029 -0.05085261 2.852984 -2.124928 0.2340965 1.952778 1.888909 -1.767379 -0.0799469 -0.9614561 -1.754574 -0.1282738 0.3395612 -3.80147 0.4823637 -1.106238 3.706326 -3.518251 0.5230648 -4.516508 1.442479 -1.593447 3.599982 -3.074134 3.38393 -3.072084 3.686889 0.8214766 -2.736794 1.542704 2.710937 0.2390271 2.826501 -1.139393 -1.853813 1.781812 0.2783753 0.2481945 1.298737 1.050256 0.9902214 -1.537811 0.3775925 -0.1619454 0.217743 -1.439623 2.062582 -2.619177 3.357149 -2.220138 3.845827 3.181146 -1.20416 0.7511044 -1.632767 -0.8108081 2.45687 -1.265095 -0.068225 -0.489542 -0.4593922 -1.824718 2.088935 0.9298807 1.961593 2.201614 -0.3170308 -1.79992 2.12263 -2.982513 -0.04804829 0.850751 0.07075276 1.772895 1.389597 0.3541355 -3.995555 1.737864 -3.436213 3.077342 -5.20118 0.813414 -1.990326 2.097074 1.544538 -0.9491403 2.061445 -1.904683 -1.757727 1.490131 2.509912 -1.171973 2.487274 -1.620984 1.624569 -3.673466 2.526744 -1.963191 3.916782 -1.855688 1.991103 -3.117596 2.692689 -1.402778 2.168678 2.94208 -0.8122382 2.37972 2.906346 -2.986116 2.424798 1.120257 -0.2215494 2.230247 1.886287 1.437068 1.195087 1.942139 -0.9693537 2.690661 1.021504 -3.508324 2.556677 -1.688806 1.833915 -3.193893 1.811434 -0.8308262 0.8958079 -0.9253471 -1.082866 2.496995 -2.330487 4.11407 -3.538946 1.963362 1.835459 2.023611 -0.5787864 0.05138452 2.545544 0.2268227 1.167756 -3.298479 2.544241 -3.264171 1.719804 2.655161 -1.783164 0.2047021 -1.322193 3.804304 -3.526172 -1.60231 2.132581 -4.572633 -2.699558 -1.111965 -0.1006497 2.191624 -2.727837 2.471648 -0.4232339 0.6756829 1.852624 3.469751 -2.342744 3.912876 2.532216 -3.144985 4.770301 1.823488 -4.281125 0.8707404 0.9158424 1.410239 -2.345208 1.040455 0.764652 -0.5645161 0.7377483 -2.050928 2.075726 2.864616 -3.226151 2.14414 2.614692 1.037486 2.334156 -0.02034783 -1.732233 0.1874842 -2.01225 2.16332 -3.041278 -0.561747 1.953583 -1.523349 -3.28839 3.458775 -5.363462 -0.03926893 0.3748208 -1.734595 1.947048 -4.045684 3.172506 0.2477968 1.399558 1.906762 2.910441 -2.043161 0.7555261 0.3525264 -3.36747 1.548401 0.2593478 0.245347 1.082621 -2.650816 4.23568 -4.841111 -2.651686 0.2387003 1.031537 -1.786691 0.7974126 1.131528 0.1083023 1.285173 1.729891 -1.408883 0.5917257 2.181156 -0.4550002 -2.396763 1.153627 0.4827389 -0.7736658 2.396487 -1.764902 -1.509835 -0.4725885 0.07479286 2.47804 -1.697037 0.8331036 0.9556102 2.555207 -2.465161 0.3329727 1.351075 0.2747224 0.8239353 -2.979468 2.281266 -2.880941 1.254966 -0.6915681 0.3618347 2.413831 2.079141 -2.638722 2.798824 2.955976 -1.572838 0.4415989 -0.7637227 3.541063 -3.193591 -2.932312 -0.958589 0.9565168 0.6096032 2.176445 1.474863 2.752547 0.7497091 1.562567 1.349038 0.5838355 0.7941933 -0.5596023 3.441952 -3.257817 -2.98859 -0.07583802 0.8827651 -1.083337 3.385463 -2.875492 1.136673 -1.967685 0.2043909 1.793583 -3.690185 3.399965 -2.954426 2.833144 -3.175564 0.3421124 -3.376996 0.5218329 1.826533 1.240358 1.008719 2.147027 0.1755091 2.982354 2.896751 -3.485609 4.21559 -1.945378 3.144032 -4.92975 0.9719687 -4.707939 1.642375 -0.3751654 1.227374 -1.038583 1.48532 0.9345162 2.912677 -0.5505093 0.8257079 -2.423474 -2.042262 3.910998 -4.647366 3.018506 -3.181179 2.641401 2.104088 -3.312752 1.259891 0.1458479 1.931114 -3.803624 0.5095488 2.428107 -2.840806 -0.3583403 -1.655003 2.227263 0.8179096 1.980026 0.7259742 1.905143 -2.713933 -0.1032348 0.882925 0.5322375 -1.364367 -4.108361 3.916377 -3.496166 -3.112507 -0.6053464 0.6535792 0.9909835 -2.663971 -0.01042614 -2.135687 -0.8463416 -0.689191 2.770973 -0.4949569 0.4822733 -1.992535 -0.5202807 -0.6835464 2.134759 -3.645145 1.278613 3.606466 -2.372956 4.148231 2.524091 -1.577612 2.133073 -1.372464 2.27395 -2.468964 -1.868891 0.03637931 -0.1038928 0.1862923 1.299411 -3.43383 2.072585 -2.702906 1.602853 1.921872 -3.948585 0.8049082 3.123929 -0.2409573 0.916572 0.8163119 -4.439574 1.951223 1.466597 -1.555456 1.793237 2.027043 -2.939382 0.01360022 -0.4971915 0.8410044 -2.745062 1.076346 0.9404085 -1.318069 -2.644991 0.2954146 0.8285127 3.334981 -0.09047827 1.899433 0.7896018 -4.678689 0.7379541 -0.06313024 0.8024834 0.03646443 -2.56152 -1.46553 0.6337275 2.871908 0.8285702 2.124009 1.418271 2.166246 1.617667 -1.934581 -1.830794 0.7714518 0.4484778 2.201356 -0.8492149 -2.217538 1.938351 -3.59853 -2.696139 3.345425 -3.016408 2.313397 -0.7617766 0.3491315 -1.067301 -2.105656 1.611329 2.949866 0.6166973 1.548474 2.244479 -3.006715 0.4178142 0.9513693 1.720528 -0.9556956 -1.616737 0.4578418 2.146964 -3.133005 2.384139 -4.270979 2.003772 -1.01328 0.2113916 -1.71661 -0.7625802 2.431203 -0.5201698 2.257781 -4.317071 2.599052 -2.261046 0.2971569 -4.022499 2.817683 -4.320577 -0.5819206 -1.472548 2.355146 1.922285 -1.225198 0.06804846 -1.644509 3.879636 -4.226903 0.8983388 -2.157117 0.4010239 1.665131 -2.901755 1.568069 -0.2501425 1.025479 0.2119054 -2.3178 4.250264 -4.366206 0.350313 -4.421916 1.09749 -2.751876 3.247519 -3.02052 0.2359502 0.2625503 1.069748 0.8122461 -3.576469 2.251825 -0.102935 -0.8156734 2.638986 -1.439013 1.565613 -3.374583 -1.131294 3.478297 -2.954148 -2.421686 -1.476154 1.021027 -1.263958 0.3668503 0.08602034 -3.81797 4.838994 -4.026024 1.333124 -4.262955 0.3586675 -2.450208 -1.11232 -0.4362559 0.3301415 2.036081 -0.164074 -1.299571 -1.4296 -0.7297612 -2.343946 2.618716 -2.923805 -3.77674 4.793417 -3.973228 1.974022 1.688625 1.59348 -2.007178 1.816284 -3.980227 -2.447703 4.045593 -4.860543 -3.470957 2.644293 -3.767294 1.039918 0.6182029 0.3344781 -3.45416 2.745154 -3.597991 0.9359543 2.066775 1.025007 1.266569 0.5577644 0.7692129 -0.02794898 -1.811756 2.190532 -1.998125 1.822937 -3.660592 -1.145105 1.342047 -3.248245 0.582418 2.149531 1.524745 1.493943 1.018855 0.6604694 1.818067 -3.237834 -0.01794104 0.5332182 -3.555517 1.896037 -2.770437 -1.194212 0.8715973 -0.5324197 2.412421 -1.887688 0.9372199 -0.9341092 0.4808391 0.001972784 -1.75228 0.2252768 1.696337 -0.6075093 2.768259 1.402844 -0.07048276 1.394793 2.947599 -1.223731 2.069588 3.296674 -0.9779623 1.242837 -2.830979 -1.002467 1.083999 1.40188 0.6371192 0.7768412 -0.2212819 1.111251 0.548596 -2.0101 -0.2036978 -0.420995 1.463593 1.866388 2.342782 0.2043214 -3.601724 0.9613225 -2.993353 -0.537318 1.105636 0.1710341 -2.173815 1.875238 3.273477 -1.173427 1.082775 -0.382827 -0.08600267 -0.253517 0.8757956 -4.692763 0.7172621 1.211005 1.921894 2.311205 1.105696 -0.797887 1.124793 2.692494 0.4053457 1.055968 0.01015311 0.581039 -1.389691 0.6225844 -0.1920475 1.493098 -1.865649 0.7817614 1.561052 2.122798 -3.294724 0.7728062 -2.827236 -0.4470787 1.323159 0.9370349 -2.592221 1.550021 -3.001654 4.483173 -4.866633 1.650583 1.263302 2.746762 2.693627 0.285119 2.817792 2.124976 1.038593 2.703798 -3.594137 4.902508 -4.384399 2.979012 -1.826519 1.536775 0.5332761 -0.1005794 0.9008321 -3.508122 4.476866 -5.310957 -3.307708 3.665311 -3.233681 0.6372873 -4.728923 1.037984 0.6688509 2.104358 -2.762226 0.004876802 -0.6367682 2.584645 -0.3318952 -2.081492 1.905218 -0.6102653 1.478036 -0.7540401 -0.188402 0.9316571 -0.8374759 2.126852 -3.908379 1.32304 1.217602 -4.840413 1.282155 -1.521995 3.354395 -2.901748 2.417726 -2.866134 2.116587 2.55574 0.3326388 2.848128 -0.2615682 1.003968 0.1075009 2.409904 -3.424021 1.586357 0.5886949 -4.170736 1.968433 -2.144703 3.992334 -4.64898 1.00791 1.589325 -1.522631 1.60144 -1.075591 2.277994 -1.065618 -2.241182 1.458419 1.277673 -4.713446 0.790527 1.025101 0.1872387 1.320696 -3.587851 3.839569 -3.33733 -2.524117 2.208975 -3.400191 -1.005219 0.8977758 1.253132 1.448271 -3.560618 -0.03771175 0.9486521 0.9784494 -2.067151 0.3410898 -4.301816 0.8039821 1.330048 -0.4542817 2.422052 1.005725 -4.845316 1.042552 1.396281 -1.111621 0.5713238 -1.254071 0.4648758 0.2185433 1.097082 -3.363003 -0.06633973 1.801392 -3.716449 0.348517 -2.613453 2.459893 -3.191266 -0.4265586 1.286851 -0.07756465 -0.3399345 1.030595 -0.2333766 0.6952397 -3.187236 1.781106 0.01743172 -1.596807 0.07341427 -2.507113 0.150257 0.2724964 -0.4021291 3.213074 -2.787117 0.2800758 -0.1862337 2.086783 0.765244 -2.004201 0.4397445 3.065361 0.18621 2.460575 -0.02370043 0.4781133 1.353939 -3.236244 2.858307 -5.037267 1.831856 -2.749396 2.966925 -1.072277 -0.639245 -0.8266225 -0.8005975 3.555526 -3.57913 1.603772 -4.717894 1.681305 -1.683841 3.662309 -3.121256 1.251058 -3.186107 1.931349 1.243408 -2.142151 -0.05295455 -1.746366 -1.330575 2.039203 -1.706516 -1.490081 -0.5471004 0.04111996 -1.410132 -0.08451755 -1.428376 1.617527 -3.206754 0.87617 0.9393252 2.601985 1.640735 -3.707442 3.211323 1.949397 -2.772561 4.192526 -4.151111 2.984632 -4.007891 1.51678 -0.589195 1.592842 2.398973 -1.9529 4.172279 0.117914 2.320503 -1.193423 2.289335 -0.2739579 0.625872 -1.05804 1.673839 -4.261548 2.755227 -3.878675 2.73828 -1.878384 2.537441 -2.719275 2.133269 -1.659705 2.10021 -1.735731 -1.76191 1.611973 -0.631183 1.016737 -3.207047 2.874336 -1.850173 4.027597 -2.157157 3.27059 -2.89626 0.6252105 0.4651586 -2.089433 2.614923 -0.1290944 0.6892229 -2.914101 3.870317 -3.236147 -1.152465 2.765401 -4.61773 1.007514 -2.92789 -0.06314117 1.01009 -3.849132 2.603909 -3.522678 4.261577 -5.426835 -1.170738 0.3910398 2.388856 0.5866321 -4.354343 1.767778 0.2839308 2.107469 -3.625856 -0.2461904 0.5339961 -2.317788 1.183447 1.521211 0.3088029 -3.563547 2.617227 -3.987213 -2.604577 4.422279 -4.166221 1.983619 -3.718379 0.7806834 2.332415 -2.919974 0.5096114 1.094697 2.191633 1.418759 2.847558 -3.686512 3.715034 0.8568872 -1.380457 0.3274539 -1.263438 -0.1545222 2.559104 0.04401649 0.4352264 1.391921 1.924824 -0.6239289 0.8302161 1.641226 -3.524444 3.370205 2.195279 -4.301697 2.07076 -1.889109 -1.864444 0.9097895 2.275706 -1.322016 2.459903 -1.37449 1.493001 -3.465121 -3.083365 4.594116 -4.759262 -0.07869393 3.02913 -2.647328 0.3251341 -3.566048 1.615731 0.8148896 1.910185 -1.014205 0.6934148 -1.084798 0.2662836 1.548271 -3.154936 1.748824 2.366471 0.9514108 1.543062 2.124083 -3.76633 1.268109 0.4618478 2.537512 -2.754543 0.4348807 1.989659 0.02527589 -0.03337659 2.332725 -3.995727 2.663054 -0.9899362 2.518885 0.2823317 -1.225046 -0.04309443 1.878835 -1.374108 2.194816 -2.067096 3.865745 -3.278974 -3.14739 4.334445 -3.578919 0.6432338 1.09408 -2.813957 -0.6294141 1.86594 -1.63216 2.861649 -1.977556 3.791823 2.630553 -1.12244 2.446975 -0.004652257 -2.185373 0.8303362 2.679246 -0.2701216 2.896074 -0.1831784 -1.536529 2.396266 -0.07013496 1.14184 1.08541 -0.3277109 0.353731 2.192087 -2.500074 2.796344 -4.986703 1.376672 -4.185158 2.719489 -0.5816852 -1.187965 -0.6281815 0.3521093 2.706789 -2.648784 0.3876392 2.019765 -0.1456191 1.076502 0.9592946 -1.34581 1.210313 -3.20244 2.36887 1.931436 1.847021 2.139526 -0.8051634 0.8996629 1.394651 0.8599032 -4.370276 0.3872895 -0.147923 0.3711077 0.6413354 -3.700547 2.65868 -4.393367 -3.252002 4.748148 -4.450361 -1.387278 3.307207 -4.609524 -1.356924 -1.470125 -0.6883227 1.560323 1.229045 2.785153 -3.179602 4.680984 -4.172219 2.136864 0.6322488 2.905946 2.538256 -1.877643 4.147498 3.18225 -1.758393 4.265786 -1.2083 0.3423516 2.405643 0.3261213 2.752046 -2.739522 1.779035 0.2410636 3.044375 0.226658 2.804666 -2.551142 3.3938 -0.5046231 1.507366 2.173049 -2.860604 0.1311375 1.56809 -3.167839 -0.1328516 -1.404714 -0.8895668 -0.8825839 -2.26991 4.153184 -3.650585 1.259607 -4.261117 0.3172472 2.398593 -4.234485 2.749297 1.867534 1.532763 1.239556 1.738394 -1.439116 -0.01849647 0.8589113 1.157146 2.544851 -1.683089 0.3272556 2.179506 1.245874 1.533742 0.4852906 0.9742503 1.498523 -1.975045 1.488968 -0.8631932 2.335361 -1.648175 0.04051594 -0.1779468 3.310045 -0.2969299 1.990742 0.412389 2.130608 0.7874635 -1.444383 1.564041 -3.396818 -2.127587 2.575959 -4.839711 1.380821 -0.6363645 2.015133 -0.4594913 -2.184155 1.73973 2.258877 -0.526834 0.4496045 -1.546169 3.076368 -4.746242 0.4190071 2.262081 -1.151182 0.3872741 0.6655121 -2.710181 3.704155 -2.589843 4.424165 0.284488 -0.8457744 -0.1613069 0.9306577 -3.258821 -0.01282526 2.528836 -2.687443 0.8239292 -3.486291 4.616461 -5.17625 0.4257168 -4.085259 1.800268 3.208547 -0.228188 2.168195 -2.713207 4.296651 -4.827126 2.120934 -4.203838 1.74504 2.064075 -1.767482 -0.02968875 2.036715 -0.4160615 0.7927467 1.626155 -2.997991 1.606877 -1.788239 1.732439 -4.035645 0.01582613 -0.8794404 2.61406 0.7028726 0.513966 -2.046751 1.180532 -4.060136 0.1757999 -0.4211804 -2.329666 0.9483198 -3.03751 -0.7423303 0.3736444 -1.07793 3.201568 -2.750652 2.28724 -2.646019 0.1442088 -0.1466573 3.139504 -2.822929 0.03001747 -1.123819 -0.2963591 1.740857 1.593125 1.165342 2.240185 -2.984497 4.638647 0.2195605 1.448761 1.850402 0.1869437 1.528409 -3.574452 0.3295354 -4.191443 0.7028441 -0.1212202 3.018533 -2.583471 0.3586804 -1.41835 0.1628474 -0.5574564 -2.186071 1.696205 2.721595 0.7979727 2.489797 -3.629311 4.814711 -4.083579 0.1584841 -2.255323 1.647215 1.056825 1.835101 0.7531148 0.9613177 1.955706 0.8554242 -2.63011 -1.335792 0.09392062 0.9807816 0.9653982 2.6997 0.7349205 -0.9651798 0.2957461 -2.520751 -0.8321849 1.693563 0.7186964 2.240098 -2.205795 2.64568 -3.096353 4.917556 -0.6098226 0.9287104 -1.770196 -1.74997 1.768298 -3.417738 3.030675 -1.130285 0.494807 -2.849975 2.227434 -3.911346 -0.07325319 0.3819244 -2.017428 -1.960695 -1.406178 1.867566 0.2738232 2.315862 -1.206922 -3.224482 2.413546 -4.096566 -2.635746 3.890725 -5.08704 1.93209 -4.359365 2.798583 -4.255728 3.057365 -4.992006 1.204544 -0.8867372 1.372635 2.553275 -2.782235 2.289608 0.7274515 1.223866 -2.709406 1.954248 -4.452184 2.706076 -1.292036 2.889576 -2.639349 1.466633 1.180241 2.81778 1.113122 0.8286393 -0.3399797 3.161711 -1.602994 0.9950727 0.5393065 -1.25126 2.455554 3.106866 -3.029594 2.87993 -2.764221 2.989056 -5.107632 -0.5623949 1.910091 -1.044803 1.219177 -0.9190761 1.715979 1.220079 -4.597535 0.5980716 1.497404 0.8673771 0.7025106 -3.553843 3.74852 -3.312451 1.214764 -1.895328 0.1282859 2.22445 -2.75341 4.783985 -1.657924 0.687934 0.6686104 3.264081 -0.1448267 1.212881 -2.931131 -0.9258904 0.1461473 3.399101 -0.5305228 1.613821 -1.407547 3.534648 -4.481294 1.301501 -2.457445 1.6217 2.968391 -1.997393 1.164675 0.3563842 -1.759386 2.323743 -0.4281107 0.7255383 -2.525161 2.187063 -1.318954 0.07365541 -0.9218544 2.949337 -4.471461 3.243267 -1.168314 0.9207147 -1.585822 3.425347 -2.950999 -0.4442683 -1.981179 1.965539 2.405895 -2.049178 3.818321 0.6796901 -3.377792 1.896023 -0.1360587 0.1715387 2.233605 -4.110893 2.899762 -4.721788 -1.063442 2.189796 -2.162586 -0.9454654 -2.133914 0.5429896 0.3963074 -3.186893 0.526598 3.142594 -3.136544 4.901218 -0.4873052 -0.02328019 2.54753 -1.885903 2.190772 -4.610147 -2.124637 -1.305614 -0.5351891 2.34631 -1.962909 4.34835 1.22779 -3.208285 2.478713 -1.084603 -0.7810383 2.659634 1.325235 1.470146 2.598902 1.771383 1.218854 0.9374207 -0.5663606 1.349663 -0.6981524 0.5772339 -0.2599711 1.846504 0.4132273 -0.8164722 -0.02918864 -2.50339 3.188839 -5.114296 2.148835 -3.647926 1.30561 2.257885 0.5164373 2.892265 1.009986 0.6209216 0.1669492 1.948075 -3.75402 3.472414 0.0632975 2.815061 -2.320012 -0.5303391 2.897208 -4.195286 -0.09153656 -0.922025 2.63366 0.5560045 -1.273178 0.2189693 3.173639 -1.543185 0.9475709 1.351711 -1.965286 1.753813 -0.7728758 1.584557 -1.781177 3.731616 -2.648107 4.61987 1.253833 -0.9737116 1.713909 0.7457047 -4.777771 1.013085 0.9250736 1.698444 -0.1554787 0.4504527 1.577777 2.117795 -2.486289 0.2618406 1.425536 -0.8781005 0.6354777 2.228713 -3.617306 2.614305 -4.187869 -0.6078652 1.827179 -0.8726156 0.3237827 1.476115 1.988577 0.5093487 -0.06521025 0.9189484 -2.227301 2.512167 -2.907829 -1.638279 0.2158175 2.263795 -0.9145532 1.504582 -2.154353 -1.676675 -0.5989532 -0.8200229 0.2099779 2.045336 -3.74358 -3.087962 3.605956 -5.332766 3.163631 -0.5894291 0.8081399 2.584501 -2.595837 0.7200592 2.045156 -3.596268 3.775204 3.039719 -1.696013 1.551868 2.875332 -2.1909 3.443374 -0.395775 -0.3931659 2.655967 -0.3712551 1.828291 -4.14059 0.8855481 -2.360703 1.568465 0.0810281 -1.334397 -0.1205548 0.7408609 -3.473095 2.056853 -3.210435 4.568352 -3.870128 3.594134 -2.892253 4.637745 2.849778 -1.324719 2.099883 2.780966 -2.300607 0.9050049 -1.847689 3.220888 -2.853472 -0.8469794 1.77762 -4.304939 2.64283 -1.810818 0.2003743 -0.6228657 1.539532 -4.083665 1.298443 -0.4935783 1.970101 0.9480529 2.223936 1.656337 0.1926936 -1.252244 -0.09523446 -2.159859 2.88356 -4.965803 -0.05697836 -1.57036 -0.003028554 1.960549 -3.014466 -0.0124765 -0.8065793 1.579124 -4.152427 -0.9019085 1.777467 -4.317635 -4.041087 3.293775 -5.345674 0.4051889 -2.85011 1.290063 -0.1047727 1.548926 -3.854563 -2.64826 2.158226 -4.201493 0.3203587 2.258538 -0.9664451 2.061205 1.674593 2.142423 -1.499943 2.865512 -2.677483 -0.09377901 0.400688 -2.088294 -2.045779 4.012038 -4.514427 1.685601 -2.538065 1.585814 1.76983 -1.171634 2.495395 1.787187 -2.665959 1.573073 -2.689046 -0.8274228 1.393636 2.812575 -0.2484065 2.832805 -1.527713 3.618831 -4.498962 -1.920574 2.369446 -4.719934 -2.782488 2.961645 -5.09705 2.552839 0.8514424 2.609119 2.086499 -3.832196 1.195834 0.4845083 2.2906 -1.476957 -3.525849 2.710655 -4.77123 -1.600921 -0.4118257 2.512086 1.174021 -3.227074 2.414806 -1.509915 -0.7973682 2.515802 -2.010082 4.081544 -3.721621 -3.827122 2.772646 -4.676743 -0.01776628 -2.25847 1.740581 2.41696 -1.979985 4.02716 2.179513 -2.282621 3.455117 1.202882 0.8090554 0.263906 0.7644481 -2.31916 0.5520654 -2.74413 -1.182559 0.9490074 1.546389 -4.089197 0.382306 0.1547601 1.919774 1.356066 -3.665209 4.237727 -5.505472 0.1242642 2.764647 -2.265048 0.8898857 1.440404 -2.415728 -2.639253 3.971411 -5.047222 3.204024 -0.2733877 2.177454 -4.476079 3.0485 -4.673579 -2.095975 3.948189 -3.379602 0.8356169 0.5502126 0.1687123 0.1575734 1.278006 1.802739 1.596894 -2.404938 -0.1435819 -2.065447 3.195657 -4.975475 1.961598 -0.1040731 2.973536 1.912384 -4.578658 2.271199 -1.43743 3.857595 -3.772001 -0.5183945 -0.2419955 2.632256 -0.14798 0.4489803 0.8798577 -1.86335 -0.8711334 2.298463 0.8454341 -4.779045 1.362504 0.4766707 -3.126339 1.596197 -0.6693469 1.660566 -4.178003 1.782655 -3.810913 3.270609 0.7341849 0.8613131 -2.526147 -2.461573 -0.303926 1.956392 -2.318771 -0.4938765 -0.4884944 -0.1839844 0.5736372 1.468338 1.019907 -4.815262 0.9449574 1.407341 -0.6059903 1.809151 -2.502561 2.387701 -3.176263 1.29024 -4.210809 0.2959146 0.5777668 2.158124 -3.001426 1.112519 -4.783937 0.862537 -2.991544 3.819918 -3.219737 2.857826 -2.001311 1.569255 0.5399189 2.044431 1.712372 -0.1628528 3.062656 -2.640896 -0.4351913 -2.156455 1.782226 -2.347044 4.055941 -4.765657 -2.487899 -1.535126 0.4660277 0.6370975 0.457273 -0.6095452 2.058984 -3.171249 1.726274 -2.486645 -1.203158 1.381516 -4.059051 2.849084 -4.234349 2.1847 -3.709407 1.371055 0.4360761 -2.097132 0.6447636 1.411252 1.240068 2.791623 -1.848635 1.827221 -4.217319 0.7493659 2.060046 -2.559373 -0.162792 0.4884211 1.775678 -4.032349 3.195481 -5.257466 1.119807 -2.210497 1.733712 -0.2899164 2.155264 -0.9105484 -2.484665 -0.4904896 1.952633 -1.340081 1.50467 -3.312999 -0.1306689 2.239225 -1.045494 0.8357711 0.5533537 -0.5523725 -0.1983825 1.096765 -3.508361 2.906781 -0.3620934 0.6031482 1.571409 -0.2978842 1.416061 1.331296 -4.366361 0.4360139 1.050678 1.826304 0.726034 2.933243 -0.9286196 2.3047 2.713572 -3.670269 3.884766 2.064523 -2.315312 3.785188 -0.3115866 1.326389 0.5999753 0.5906134 -0.1427609 1.426385 -2.420904 2.943212 -2.893915 1.019792 0.6354185 0.1154188 -1.49201 2.690553 -2.618499 -1.26245 2.299198 -2.358716 0.05982772 0.3978221 1.093119 -2.935622 4.524147 -3.974596 2.192317 -1.940606 0.003099303 -3.338317 4.452252 -3.670605 -0.8011786 0.6996352 0.9025093 -3.041188 -0.5707414 0.3850885 -0.1200222 -0.181059 -0.1889666 2.811904 -3.217639 4.792277 -0.4758729 1.33672 -1.028676 -0.7930894 -0.8183439 2.707007 2.987181 0.3772582 1.196244 -0.68103 1.546075 -4.103014 0.2757965 0.1974716 0.9532164 1.386286 1.439585 2.638552 1.489958 -3.068328 2.581339 -2.036959 -1.226724 -0.6487865 -0.779341 -1.911945 0.117672 -0.8943621 -0.09657115 -0.4932056 -0.2059132 1.044556 0.4164703 -0.1989256 -0.1570177 -0.2181197 0.5241693 -2.819252 1.409143 -0.9302821 0.7934141 1.041736 -1.386013 0.7859768 2.056464 -1.840591 0.8146284 1.426231 -1.696626 2.381631 -2.669678 0.4981722 0.4757132 2.000174 -2.757347 -1.312925 0.5725312 -1.411519 1.491571 -3.711194 -2.74844 -0.8516273 1.309245 0.3339092 0.6338683 0.1636157 1.472661 -2.56712 1.589196 0.9383215 1.655935 -2.102471 0.6911395 -1.415158 0.3068807 -2.033784 4.048028 -4.431356 -2.040916 1.958461 -4.335522 0.5024396 -3.570626 1.869481 -2.752325 -0.7874981 -0.1500553 2.567483 1.096272 2.005895 -1.388655 -0.7482315 2.579221 -0.4337903 2.069301 -0.7883128 -0.1526787 0.8172521 -0.1375088 -1.137913 3.178191 -4.520632 0.7597749 2.180034 -2.194001 -1.822104 -1.046386 2.217269 -0.137874 0.1448282 0.2093012 -0.2427626 0.1870441 0.2108646 0.3930736 2.032205 0.2623622 -0.4979866 0.7011071 1.263843 -0.0769762 1.44234 1.291027 -0.1702266 0.2670197 2.130036 -0.5906289 1.872841 -1.523706 -0.8537248 3.347672 -2.85321 2.217335 -4.13665 1.838985 -0.08821705 1.342719 -3.722811 1.414181 -0.04866334 2.840964 0.4946353 2.153744 1.371461 2.542691 -3.119301 1.813311 0.07761085 -0.2900632 -0.1356819 -2.035869 2.269646 -4.654301 0.6160796 0.4212415 -0.9503681 0.7466111 -2.158062 0.517813 -0.5941131 0.3114429 2.416779 2.264748 -3.033821 0.5504671 -2.198283 2.826874 -2.801438 2.532904 -2.275 0.2327887 0.9313324 0.5974889 -0.008666591 -1.051226 2.049528 -4.4849 1.157916 -3.430693 -0.06435119 0.8492183 0.6270457 -1.879937 1.887761 0.9726347 0.9352541 -0.884419 -1.462439 2.304563 -3.459702 4.814122 -4.241433 0.9205165 0.6147123 -0.5137344 -1.855721 -1.727153 0.162294 2.192634 -3.161087 0.6623551 -1.142379 0.4774187 2.340653 1.045604 1.49967 -1.407371 2.95554 -0.5343996 2.523498 2.665989 -3.876925 3.419501 -1.182595 -1.845165 1.764862 1.885539 -3.004053 -0.06658774 3.148705 -1.042862 0.6762825 2.955126 -2.839432 2.645925 -3.99917 4.437919 -3.630157 -1.718935 0.6649127 1.952287 3.185661 -1.876283 4.092169 -3.888129 3.233935 -5.305868 1.152015 -2.134603 1.772802 0.4986166 -0.9970961 0.08489976 1.612669 -0.6501336 2.707705 1.232354 0.606058 0.678955 1.003251 -1.202238 0.3598248 -2.221603 3.45 -5.012175 3.263487 -1.094423 1.603094 0.1324154 2.060747 1.038138 1.50735 -4.418959 0.6082981 -0.9272509 -0.9889348 2.562745 -1.443353 2.346047 -2.527082 -0.4392089 -2.072051 0.4534982 0.7380934 0.1962767 1.486593 -0.9101248 0.9072491 1.331243 0.1136014 -1.066441 -0.259885 -0.5070893 0.7972357 -2.527719 0.9442836 1.187051 2.612881 0.8898636 1.781368 2.301843 -2.77193 -0.5090654 1.392791 1.516625 0.2074467 2.999495 0.2691185 -3.288367 1.354638 -1.469278 1.675272 -4.200288 0.7449011 0.131145 1.809892 -0.7567535 -2.262916 0.8211431 1.736678 -2.798006 3.058296 -3.459431 3.007281 -3.391964 2.401965 -3.622514 3.983644 -0.01485533 -0.9331261 -0.3795349 1.716054 -0.2361695 2.911072 2.360105 -2.471705 2.827587 -0.2641836 -2.286453 1.682718 -0.8749782 -2.294155 1.46321 -1.692665 -0.9826332 2.325475 1.734376 -3.093718 3.664638 3.130154 -1.693182 1.066769 -0.8325862 0.5918605 0.5760565 -0.3395416 3.212198 -3.601993 -0.3032483 1.514491 0.7727019 -0.2988151 1.149227 -1.154946 1.481451 -1.17726 0.3712098 -0.3144543 0.5705944 -2.287353 0.501232 0.5096358 -0.2129554 1.403046 1.854018 1.170035 2.096702 -3.164928 4.282154 0.1297935 0.2009319 0.6324906 -1.061558 0.2951952 0.04270442 -4.023932 3.169175 -5.232579 1.434855 -0.7587657 2.161835 0.7366295 0.732635 -2.356137 0.2474079 -3.277497 1.296728 -0.02962366 2.058378 0.4453536 -3.523139 3.324012 -3.311369 1.519423 -3.068235 1.698334 -1.635557 -0.8070703 2.457279 3.37566 -2.209929 3.879254 -0.3915573 1.839363 -4.155164 -1.700057 -1.552057 -0.4187009 1.029118 1.647819 0.1788774 0.1491844 0.599017 -0.9171188 0.3768782 1.410248 -3.277259 2.093031 -0.7912233 2.803235 2.722497 -0.7807078 0.3773331 3.101469 -0.415588 0.7777776 -4.436116 3.122169 -4.117386 0.06265453 0.9080383 0.989562 1.251047 0.084727 2.740161 -3.269136 3.227824 -3.216311 1.48951 -3.075629 -0.1495524 -3.523205 4.066556 -3.396811 3.147631 -2.265689 3.555703 -1.539313 0.6382172 0.5045257 0.8336769 1.79658 0.09505179 1.420998 1.590892 2.514159 0.2662189 -3.369483 0.7234438 0.3298802 -2.887883 0.9558219 0.712662 0.464199 -0.7690955 -0.1436216 2.175963 -0.6207556 -2.954927 3.08196 -3.104452 -1.147684 3.6449 -3.962724 -3.48889 4.530376 -5.258001 -1.358389 -2.149264 1.070461 2.558609 -2.594553 1.09371 -0.8093243 2.695984 -2.29345 1.425501 -1.202646 0.3620871 1.479372 -3.936234 2.90037 -2.709517 4.366496 -3.787207 -0.279418 1.415265 0.8274668 2.08273 1.458929 2.491306 0.3101583 -2.913135 1.013636 -1.667867 0.82436 1.097615 -1.498303 1.942721 -2.808524 2.614396 -4.009439 2.296381 0.6766311 -2.327848 1.412984 1.962202 1.142296 1.107242 -0.8776137 -1.758011 -0.1156471 -1.06362 2.12832 -4.519501 0.9039268 1.680188 -2.29814 -1.689239 2.015229 -2.940141 -0.004467441 -1.184591 -0.292894 -3.712664 3.76721 -5.533019 -1.400008 -1.94088 0.4271565 1.016123 -3.19631 1.909996 -0.898959 2.818889 -4.497999 1.364954 0.143292 1.255466 0.877525 -3.471487 0.04763947 1.803229 1.348604 2.66044 3.101293 -0.004311744 2.405247 -2.979638 4.497649 -3.87263 -1.624359 -2.013499 0.9928324 3.410421 -2.599335 3.665079 -2.479773 -0.9337037 1.675195 0.264974 0.2936735 -1.894277 0.2009828 2.034176 0.04075125 1.242053 1.657324 0.6837535 3.405071 -0.4379158 1.650177 1.030048 1.547763 -1.435519 -3.052447 -0.2044294 0.5693993 2.989268 -3.289445 2.519346 3.340305 -0.7771201 1.37736 -0.739401 2.847067 -4.370512 -1.627109 0.5187637 0.2909422 -0.9249315 -0.1358429 -0.5336676 -2.031375 -0.8734961 2.205461 0.212328 -3.429208 1.227815 1.136959 0.511101 2.795401 2.463577 -0.618117 0.3926977 3.406463 -0.2295353 1.622404 -2.42022 -1.571341 0.6502654 -4.510078 3.423024 -3.832209 0.4635697 -0.2436162 0.2592798 0.3192421 -3.991965 1.67634 3.097659 -0.5748189 0.6923111 -0.5203142 -1.937284 0.1941217 -3.111521 2.531312 -3.530127 1.240209 -0.9302946 1.439828 0.3417047 0.4674573 -0.9538509 1.048015 0.7980521 -0.8691174 -0.3364152 -0.2101703 -0.3416593 2.677927 -3.304011 4.609796 -0.3200346 0.9619914 -1.400111 1.415096 0.8638542 2.924917 2.418903 -4.178635 2.919984 2.710777 -2.259 0.490191 1.968327 -2.525397 4.09974 -0.3898562 0.633608 1.195134 -3.500341 4.543901 -5.25597 1.983736 -2.926227 2.395923 -0.02690827 0.6724271 -0.4385002 -1.836763 -1.29766 -0.6954209 -0.1249929 0.04573692 0.06518597 1.387924 -3.123314 2.461755 0.5798998 2.003808 0.4492532 -2.267426 0.555476 0.9264752 -2.622245 0.08676364 1.361925 -0.5979616 0.9082422 -2.663394 1.955846 -1.459921 2.174454 -3.567806 3.967614 -3.366885 -0.6939359 1.030631 -3.106402 -2.320591 -1.518822 1.19348 0.04843313 2.989295 -3.359079 1.094506 -2.968629 1.782979 1.625311 0.06211069 1.213519 1.806918 -2.991301 2.473112 1.866323 0.2694646 3.044498 1.705799 1.219523 2.755412 1.056477 2.024033 1.083273 0.08062374 0.894776 1.238402 1.059896 0.7446972 -0.313291 2.169715 -2.594253 2.740015 1.796264 -4.312403 0.8508609 0.7453541 -4.124043 0.2911104 -1.34359 -0.8799734 -0.885205 -1.249785 3.736057 -3.348015 0.6393483 2.063614 -0.8610646 2.862057 0.5556343 2.52617 -0.5824472 3.276286 -3.948529 0.4189276 0.4938776 1.742789 3.042649 -3.37125 4.382166 1.769736 -3.445529 3.596309 -0.02632257 1.305888 1.424158 1.614151 -3.780595 3.122306 -2.04055 1.89565 -4.227776 3.04547 -1.170514 0.509627 -1.280545 -0.121749 -0.5566968 2.711715 -3.377635 4.486354 -2.418571 -1.211743 -0.3676555 3.164025 -2.082955 3.793519 0.1305393 0.5739927 -2.632704 1.885142 -3.01972 4.008285 -1.53925 1.989523 -2.810842 2.9159 0.5758356 1.459719 -1.376366 1.979641 -4.474337 -0.193343 0.7325739 -1.434206 0.1181381 -2.207023 1.005249 3.1429 -2.825816 3.047239 1.980064 -2.646476 -0.08728185 2.239445 -2.916559 1.282976 0.1928297 2.088521 1.043331 -1.595973 1.618329 -3.608792 -3.727432 2.824687 -3.769184 -2.976319 2.886919 -5.068123 -3.919118 2.867677 -3.927652 -1.83633 -0.0167372 2.271997 -1.000195 0.5104783 0.3848056 2.810437 0.06151949 2.833198 0.4600765 0.460783 1.385389 2.10602 -4.455099 2.598665 1.745438 -2.825199 3.55764 2.710827 0.07372623 2.870011 0.9922368 -2.840846 1.707726 0.6539311 0.3839112 -1.748669 -0.5603694 1.448265 -1.236158 -0.05967006 -1.547893 2.424517 1.552266 -4.46766 0.6940519 1.227391 0.134035 2.736415 -1.961366 3.46725 -2.979466 2.315459 -3.274743 4.421993 -2.226992 -0.1702786 -0.2709478 -0.9118373 2.46715 -2.21191 0.647815 0.2551777 1.936321 2.717176 -1.747825 4.308948 -0.1413133 -2.209141 1.817423 -0.2503246 1.172652 -3.638647 1.742944 -1.063197 0.2767822 1.454396 -1.906589 1.737003 -0.2466036 2.18108 -0.977553 -0.1061971 0.8344857 0.03643592 0.5242137 -3.634654 1.939157 0.3906606 2.139474 1.054164 -0.7429624 1.247707 -1.789875 3.081868 -0.1548474 0.9074097 0.1689729 1.546099 1.723538 -0.3261567 1.175194 -1.070465 0.7177798 0.4179727 1.049995 -1.61932 0.3252746 2.216507 -0.9639863 2.696203 -4.558731 1.551689 0.1494692 2.994639 0.660076 -2.109559 0.5414425 -0.1541694 1.358861 -3.779562 -0.7454265 1.97011 -1.856213 -1.818034 -1.230346 2.084053 0.6536193 -2.194739 1.875499 2.752562 -3.560392 4.118328 -1.272422 -1.785687 -0.003646017 0.6455083 -0.5414855 0.3376238 0.1826372 -1.507667 2.482534 1.902549 -3.106484 -0.01733482 -2.029038 -0.5450497 2.297681 2.464 1.18225 2.031076 2.98667 0.4760206 2.374624 1.822018 -0.9406838 0.3856649 0.374364 2.36236 -1.558802 2.24124 -4.352915 2.698694 -2.912329 0.07638794 0.6755379 -2.625358 -0.7847959 1.523782 -2.281651 -0.9377255 -0.6190735 1.93837 -1.226904 0.06731553 -0.8222198 -0.3082487 -0.5982201 2.631259 -2.30323 3.167566 0.2432334 -4.079348 1.459651 1.489959 0.7308843 2.9786 2.776387 0.9223301 2.085532 -0.8318619 1.138168 -2.637682 0.6799799 1.369104 2.346236 0.6540611 2.055538 -2.846376 -0.1513807 1.405448 1.100134 -0.5504488 0.6146043 0.9117471 0.5542448 2.167036 -3.063503 1.254227 -1.948175 1.825099 1.396793 -0.6694744 2.025749 -3.009734 -0.7372343 1.000198 0.821715 -2.081152 2.024715 -0.5597103 -1.653233 2.205055 1.955922 -2.845388 2.612496 -3.356836 2.487026 -4.294171 0.337684 -0.2973615 2.12628 2.717827 0.4319029 1.091954 0.9536212 1.804412 0.5225559 -0.09041294 3.0864 -2.770381 -0.4469714 3.330174 -3.517535 2.314956 0.4012292 1.041251 2.440943 0.5908793 1.213384 1.079778 0.6825324 0.1282703 -2.699299 -0.9637895 -0.222457 0.7031417 1.943795 0.4697637 0.5905649 -4.57863 1.444395 -0.9927172 1.340431 -2.610121 2.078778 0.1372251 2.994964 2.897206 -3.660694 2.619223 -4.029478 3.590403 -3.486484 3.268234 -0.3620432 1.165879 0.5097934 1.997552 -3.255309 0.2836213 0.7209573 0.3382474 2.121484 -4.030106 3.286562 -1.656419 3.955792 -3.778213 -3.091291 2.382062 -4.348293 1.981358 1.583431 2.426837 0.9144955 1.712966 -0.6848336 1.298073 0.7926116 0.5429961 2.53957 -2.551941 1.33376 -0.7968742 0.1350271 -0.08827978 -1.976104 -1.606001 -0.0489552 0.4315079 -2.154983 1.957086 -0.8543386 -0.05476372 -0.435156 2.700654 -3.932814 2.433134 1.263552 -0.3595732 2.378649 -0.4254414 2.371435 -4.252099 -2.519858 0.04829948 1.630348 1.049992 2.212795 1.788621 -0.8988256 1.143427 -3.215755 3.310174 -2.852561 3.375258 0.2241632 -3.8348 1.452387 3.129105 0.1379579 1.138836 3.099746 -0.328019 0.825614 -4.32195 3.948098 -3.568509 1.415741 -0.6670322 2.369217 1.037642 -4.670682 0.655062 1.19318 1.168984 -0.4491054 -1.177722 0.6773829 0.6306195 2.136219 -2.296197 -0.02922764 2.314564 -3.595033 3.985905 2.390634 0.7549192 2.731319 -1.565459 -2.027032 1.351874 2.133527 -3.209479 1.03849 2.280486 -2.142972 4.927459 1.983831 -1.445554 2.232134 -2.437889 -0.3866217 2.008331 2.057164 -2.372137 3.435232 1.922827 1.100494 1.031319 0.9282041 -4.473227 0.4480731 0.1073719 -1.092648 2.585224 -0.2683665 1.347746 -3.83351 0.7162362 1.091202 -2.692366 -2.095965 -1.709985 0.4030333 -1.677705 1.702121 -3.476908 0.7235741 1.272175 -2.726564 -0.2090588 1.159865 -3.601292 -0.7185969 1.399519 -1.677919 0.8292496 2.233071 1.423629 1.65539 -2.293842 -0.140287 2.776311 -0.267418 2.853152 2.476387 1.186716 2.295358 3.139393 0.1706864 1.185106 -2.243586 -1.371899 -0.318565 0.2821561 -3.21022 0.7521869 1.763831 -0.9108781 2.672725 0.1764071 2.350886 -3.739568 0.6662536 0.6038844 -2.288849 1.563058 -0.4379242 1.47501 0.5870981 0.3863152 1.315644 -1.332034 2.16189 -4.566389 -0.4097088 -0.7869394 -0.559257 -4.070454 3.030869 -3.844083 3.377043 -3.172111 3.975959 1.064824 1.490157 -1.234231 -1.560792 1.584265 -3.705961 1.039213 1.560954 -1.31641 1.536435 0.4596392 0.993435 -3.34959 2.584418 -4.63881 1.882681 -2.883973 2.633447 1.467984 -0.8083165 2.333344 0.07520592 0.04843568 0.2137236 1.062497 -0.7183767 1.301497 2.971468 -0.9330921 2.25104 -2.470226 3.350834 -5.118052 0.4299154 2.195345 -0.7871368 1.094046 -0.8604888 0.8869946 1.966841 -2.192336 1.779194 -1.819112 3.56784 -3.042962 0.2400259 -3.676625 0.7021192 0.03401004 2.266207 -0.9516284 -1.769645 3.338775 -2.909942 -3.384631 3.362246 -3.245768 -2.324285 2.153388 -4.46594 2.203776 -3.76685 3.670607 1.992679 -0.04886635 1.088527 2.376053 -4.101007 3.230936 -1.260426 2.037229 -2.389817 0.8503748 -3.611138 2.333375 -3.426409 4.042849 -3.374412 2.773207 -3.857203 2.634542 0.280157 0.9714532 1.945118 1.38933 0.3168957 2.959178 1.988293 -4.307008 1.42435 -0.5043254 0.9259772 -3.049129 2.0585 -3.115222 1.830017 -1.588234 3.402923 -4.688718 -2.338247 0.2992605 1.686091 1.208395 0.7880436 0.3461128 2.287705 -2.234768 3.429788 -0.7125009 -1.566797 -0.4149747 -0.4352406 1.173561 -0.691143 2.988211 -2.254812 3.427066 -3.128349 2.77293 -3.316682 0.3412544 -0.6087942 2.396904 0.5191734 0.32493 -1.528533 -1.576886 3.891621 -4.046864 -2.435872 4.088316 -4.809577 0.5054788 0.424814 -0.8430648 1.368 -2.665755 1.623121 3.487671 -3.030725 4.367382 -1.68268 0.8685251 1.353156 0.6669366 0.3041106 1.365305 -0.2900331 2.930496 -2.320635 2.619837 -0.7659832 0.3595255 -3.002815 2.383141 -3.651814 0.2164353 0.7733353 1.645767 1.959566 -1.699754 1.945616 0.9539614 -4.370404 2.206169 -0.4208958 1.464464 0.0407654 -4.102563 3.164052 -5.209485 1.232214 0.3753093 2.854995 -1.427594 2.207229 -2.529785 -4.087757 3.137032 -3.744952 2.851575 -3.741112 2.804919 3.120961 -1.623348 0.822741 1.866083 -3.633652 3.540463 0.5938531 -2.882005 0.5136788 -2.646364 3.875185 -3.227858 3.261945 -3.048154 3.252823 2.85789 -2.189181 1.118354 -0.1362957 0.1688365 2.237137 0.1540537 2.63367 -1.992005 -2.55904 -0.9984767 1.466397 2.441919 -0.1055052 0.7417628 0.3990897 1.962716 1.656752 1.106137 0.3505952 1.059186 3.308449 -0.2193745 1.990846 0.816976 1.547457 2.358309 -2.127207 2.639425 -4.870407 -2.170063 1.884926 -3.957104 0.7417966 0.5114796 -0.5085157 -1.110751 -2.256406 1.199988 -0.1146036 1.931524 -4.02044 2.656822 -0.5832121 2.809292 0.3989834 0.4469137 -0.862589 -3.145987 4.543101 -3.858339 -0.6103023 1.453106 -1.426527 1.22557 -1.471268 2.029076 -3.446966 3.253672 -3.290715 3.095821 -0.5536739 0.697669 -0.8111959 -1.918454 0.1291653 0.9032235 -4.509829 0.4884847 -2.36051 0.2025933 1.743025 -1.117747 -1.712651 -0.2924848 3.258572 -3.261011 3.410936 -3.13224 4.571411 -4.875365 -0.1226111 -2.358036 1.283927 -4.16913 3.46369 -3.593897 2.715039 -0.6363695 2.721005 0.4408103 1.973519 -3.381752 1.773472 -0.8226441 1.14475 0.3242809 -3.165667 1.399352 0.9536037 1.783005 -1.460284 -2.218522 -0.3250023 2.166537 -2.652815 -1.01209 -0.2591455 1.475476 -4.696167 0.9155975 -2.652362 3.399227 -5.180542 1.776223 2.050166 1.950672 3.188909 -0.3331954 2.201306 2.214988 -2.342217 3.210588 -1.64495 2.850388 -4.795822 -0.9357177 -0.2860924 2.667729 -0.5635154 1.472818 -0.2830251 -2.084856 2.084677 -3.175234 3.244521 -2.920439 3.211861 -0.1417919 0.8107527 -0.6404315 -0.8240186 -2.209721 0.6978934 0.2972311 -1.506878 0.1940775 -0.4828376 0.7240672 -2.268123 -2.047625 3.333513 -2.915254 0.9765832 2.185796 1.830731 -1.958447 0.1504968 2.115914 -0.3703966 0.2208139 0.2046591 -0.03370571 1.110789 1.197035 0.1288065 2.883463 -3.379328 -0.4766228 0.7293766 1.823034 0.6240265 1.808985 -3.015143 0.7037145 -3.56035 0.1427812 -3.465412 4.855267 -4.55049 -3.910578 3.260064 -3.535928 0.6418516 -4.053071 2.11179 -2.911048 4.044179 -3.34598 0.8864323 1.841458 -2.244403 1.702343 -2.401994 -0.1414964 1.704227 -2.81669 3.147191 1.445629 1.984032 1.356335 -0.7609168 -1.338698 2.40363 1.802456 -3.466571 3.624964 0.9617506 1.519405 -2.076329 1.638398 -3.955426 2.994858 3.053596 -2.879597 2.823044 -1.407671 -0.9345272 2.476053 -2.047032 3.049949 -4.963356 2.699832 0.609845 2.649514 0.05252967 -2.264275 1.142405 2.422134 -2.970537 4.879065 -0.02280588 0.7362119 -0.8017208 0.05105376 2.02779 0.08965641 -0.05176872 1.121358 1.123652 1.860757 -4.215038 0.8817607 1.998433 -0.2416496 1.061622 -0.1403785 0.9157081 0.1780253 0.9238999 -3.053233 -0.02305791 -0.2835286 -1.092448 2.609626 0.9434153 1.708759 0.08586545 -2.695654 0.2540949 0.8840104 3.024811 -1.434525 0.4930994 0.5153251 0.5748147 0.2288938 -2.457883 -1.516735 0.7801361 -1.15063 1.45319 -2.842141 -0.1810131 -0.08750696 2.451113 1.107417 1.241525 -1.072945 -0.3848176 2.571577 -1.907562 -2.443318 2.39869 -3.125479 2.019315 1.738711 1.907318 -0.02656907 3.061064 -3.359102 -3.113749 -0.4621849 0.6604608 0.7895254 -2.943316 1.703605 -3.803988 2.710992 -4.207505 -0.1634142 1.297701 -3.736136 1.703822 -0.3035806 1.338572 -0.8403769 -2.037116 1.74706 2.747005 -3.873619 3.032105 -1.841666 0.8158405 1.351712 -1.903281 3.77648 -4.665841 0.5920599 -2.682866 1.321617 -0.2780041 3.263563 -2.992706 0.5283711 -1.812715 2.26613 -1.958325 4.098997 -4.013526 -0.3330731 0.5880651 1.11221 0.004009393 0.4618474 1.346338 -0.4559501 2.100041 -1.422746 -0.6001952 -0.320129 2.678333 -0.8094559 2.310665 -2.061048 -1.775818 3.253208 -4.84002 1.679966 -3.240862 3.549478 0.1176128 -1.450015 2.507134 -2.914468 2.988871 -3.1051 1.474017 -3.18326 1.82516 -0.3702086 -1.357316 -0.4356804 -0.8679278 1.613421 -1.961638 -2.514256 -1.34216 1.12492 3.197619 -1.258178 0.8041599 -0.9531628 1.200963 -3.091468 2.495095 -3.905772 3.510211 1.365386 -4.510404 2.437473 3.263311 -1.275193 1.235476 -0.9355862 1.656704 -4.235843 2.02841 -2.964837 4.313463 2.660984 0.4363126 2.769516 2.308252 -2.479892 2.84364 1.519289 0.4899511 0.9648072 3.096879 -1.738236 1.268473 -0.6301149 3.08872 -2.562363 -0.9843497 -0.02629462 -0.4324194 3.691409 -2.744013 4.655197 2.865833 -3.08838 5.031059 1.894254 1.675272 1.392529 -1.324579 -2.140039 1.40259 -2.42935 0.4319097 0.6903096 -0.03235921 2.061215 0.4948027 -1.561135 -1.35867 -0.7486816 -2.533295 2.389583 -3.195863 -0.1537237 2.413445 -4.074216 -1.896668 3.67544 -4.741005 2.966871 -2.001058 1.029269 2.170462 -3.012518 1.284711 -1.821625 -1.864746 0.6534213 3.000411 -0.8588758 2.270261 -1.170481 0.9082672 1.96409 -0.1654581 1.010033 -3.368899 1.673739 -1.189757 0.1626473 -2.372346 -0.6996918 2.029362 -0.3002748 -2.045125 1.94821 1.755646 -1.209911 0.09833775 2.030516 1.007511 1.124641 -2.028583 -1.688474 0.2292428 -2.200304 3.752479 -3.153405 2.48523 -3.051751 4.850986 0.0001756315 1.665835 -3.831755 1.195241 0.8968088 -0.03733644 -1.061968 1.361126 -2.780107 1.978887 1.222817 2.666988 -0.6088237 2.983381 -4.213761 1.287367 -0.281198 2.53146 2.095657 -3.286864 0.4823586 0.1171808 1.971019 1.215848 1.854806 -2.994001 2.416079 -1.244035 1.454226 -3.186818 -0.9421776 -1.766464 2.010934 -1.07879 0.720913 0.7524821 -3.109544 4.656203 -4.607239 -1.956936 3.101493 -2.810961 -0.5992726 -0.4779645 -0.560501 -2.498389 2.266593 -3.297956 -0.7722773 1.479664 -1.781724 -2.67193 -0.332424 -0.0225481 3.246783 -0.843316 0.9475269 0.8131851 2.056121 -2.280909 -3.251613 4.275855 -5.265069 1.245958 -0.9947105 1.81869 -0.5048309 1.299329 -3.856521 -3.050742 -0.3224697 0.4883273 1.917863 -0.8452701 0.3940872 2.937844 -3.668927 3.58747 1.909992 -4.338018 1.171407 2.23811 -0.1016894 0.8855317 2.519629 -0.380026 2.919022 3.301768 0.1602763 1.813046 -3.469269 2.816224 -3.538278 0.206505 -3.96911 1.315321 3.155607 -1.150169 1.786037 0.8801572 -0.5546876 1.797954 -1.194924 -1.797115 1.811124 -1.354643 -0.9035977 -0.8838387 0.3329395 2.112896 1.203383 1.50702 -0.6701686 2.601958 3.178786 -3.368192 4.133459 2.012575 -1.297201 0.04205352 1.816546 -2.927716 2.62027 0.6958565 0.1801883 1.706724 -0.03456689 0.911271 -3.210186 -2.653764 3.360536 -5.178354 -3.059421 -0.611638 0.9260796 -1.130002 3.465802 -2.943118 0.3023171 2.738827 -2.557915 -0.5313838 -0.868903 2.696179 -2.322534 0.5195002 0.9020714 -0.6069309 1.431653 -1.423404 0.5314676 -2.811072 1.405774 2.164494 -0.05121858 2.96773 -0.1408097 -1.79133 0.1823214 -0.8621277 0.7433692 0.9659019 0.6022951 -1.802829 0.4023595 0.7532296 -3.886859 2.27245 -1.678498 3.967786 -3.83459 0.09973484 2.242931 -0.7619222 -2.355552 3.277547 -5.076211 -1.318787 0.7499928 2.120784 0.02680178 2.642587 -1.951763 2.031127 -3.838028 3.436537 -1.369209 0.919722 1.319626 -1.34113 0.6805842 0.6120647 2.01457 -2.42547 -0.08865059 -2.296407 0.5458069 1.282583 1.074888 0.9402407 -1.334708 2.72173 -2.812919 2.352714 2.969744 -1.999411 1.093153 -0.5946842 1.235459 -3.797986 1.773734 2.040329 2.007311 0.3715129 -2.220652 1.685521 1.559213 -3.93173 0.2723901 2.578212 -3.807414 1.865171 -3.730162 4.935924 -4.290583 0.7187872 0.5308957 -2.045807 -1.166771 3.152189 -4.546095 1.922295 -0.6300299 0.8292236 1.697055 -0.954239 1.24664 1.253798 2.225865 1.675459 -0.09471 -2.073377 0.5674212 1.018144 -4.862503 1.121192 3.19609 -3.413562 3.601659 -3.563383 3.962392 -5.499349 -1.303337 2.864226 -2.631636 0.7879131 0.5297069 -0.5410017 2.047731 0.3932281 1.032455 1.915595 1.622844 2.420327 -0.2303921 1.393158 0.9437523 2.12475 -3.16376 4.322424 2.302904 -3.950518 1.689364 0.5064713 -2.255663 0.9254721 -0.1343366 -0.5211401 -0.386722 2.025069 -4.296469 1.592285 0.8264048 -3.665873 2.326874 -2.617973 -1.137531 1.251349 -1.227428 0.3300489 0.04787241 0.9550396 0.9696261 -2.031158 2.83418 -3.38289 4.472988 2.089198 -0.3402129 0.7824555 1.024065 1.737228 0.464005 0.7783032 -3.15526 0.06299676 -1.662421 -0.3575719 -0.7240772 1.883855 -2.263368 1.715344 1.032618 0.9243228 2.74593 -2.069675 -1.744868 0.5351461 -0.7204812 2.749237 -4.391286 -0.141359 0.434527 0.8405045 -1.870791 -0.9826266 2.231687 0.4267689 0.01710541 0.8272272 1.988158 -1.029853 2.666058 -0.7603776 -0.6698077 2.741428 0.4402468 -2.818981 0.798488 2.970243 0.622313 2.248163 -1.660635 2.238683 -2.71165 1.343249 -3.649279 -0.007873069 1.097809 -2.834514 -0.0921009 0.3601721 -0.6921192 -0.07470655 -0.4165952 -2.380103 1.088605 0.5888444 0.4399918 1.179161 0.05394414 2.049636 0.2311778 1.569253 -1.024367 2.230769 0.8994069 1.846029 -2.112976 -0.1774153 0.2566325 2.157707 -2.779376 3.969507 -3.295493 1.261163 -4.838181 1.065706 -2.666163 2.150002 -3.764139 -3.482207 4.461363 -5.304385 -0.03174596 0.9340085 0.4585288 -1.37824 -0.4875413 2.609436 2.812668 -3.790042 3.399177 -0.4755281 -0.3822553 -0.4835026 3.232462 -0.7545255 1.992806 -0.683332 -0.8644047 -0.697413 3.502141 -2.989277 4.707099 1.090356 -2.027147 0.2356117 -0.0575383 1.40418 -3.744802 1.118789 -4.577135 0.540652 1.979348 -2.421973 3.778718 0.3446673 -2.233249 1.179885 1.444315 -3.594912 3.055773 -2.838269 -0.7538472 1.256261 -1.549822 -1.6703 1.763649 2.12572 -3.290387 0.8224561 0.4040101 2.429241 -3.225283 -2.673532 -0.5320398 1.556643 -0.6026555 1.65941 -1.079056 0.04818482 0.5109262 -2.515164 -3.465331 4.630837 -3.85701 -1.232266 -0.2360528 -0.6659433 -1.053183 1.61994 -4.212126 1.295737 -3.174677 2.5208 2.078916 -1.858773 -0.03252894 2.330339 -2.120672 3.714306 -0.06406006 -1.592063 2.384692 2.761639 -2.405528 3.058059 0.5578025 -0.1365598 0.8922608 0.02380195 0.4439538 1.449164 -0.6208012 3.370416 -3.80277 -2.642691 -1.111367 1.244211 -0.6272319 1.672448 -1.506551 -0.1370494 1.43578 -3.81666 -0.7449936 1.353908 -1.74625 -0.9980997 0.4940129 0.3597169 1.797052 -1.396984 1.843308 2.084896 -3.986304 3.315215 1.683347 -2.925309 1.56587 1.767084 1.860166 2.29186 2.040178 -2.373993 4.15002 -1.697381 -1.881314 1.492367 -2.003862 0.2115823 2.051752 -2.066166 2.463564 -2.841011 0.7808858 -3.882768 0.1798718 -1.177336 1.338663 -3.415025 2.414723 -1.984107 4.018088 -0.7262023 1.925941 -4.340795 -0.4006034 0.6157184 1.112047 0.7345235 0.4816552 0.7052425 2.15417 -2.395253 -0.01845622 -1.440689 -0.02578623 -0.3871165 -0.4540618 2.08381 -4.254263 -0.1974782 0.9130147 0.03574718 2.358281 1.281242 2.389266 0.1732073 -1.895078 2.194017 0.8075309 0.4829674 -1.624606 0.0967619 0.2600801 1.735438 2.129103 1.567227 2.167006 0.08115277 -2.301097 1.478571 0.1403836 0.8433693 0.6317953 -1.268382 2.718745 -4.658389 -2.264238 4.24474 -3.974327 -2.703725 -1.337008 0.6579006 -0.03973921 -1.749004 2.241311 -0.5252389 1.235719 -0.5516897 3.232834 -3.362967 3.66799 0.572236 2.189317 1.218402 -4.458254 3.169866 -4.062355 -1.66375 3.825727 -3.319035 -1.070705 0.8358982 1.069666 3.221294 -3.217079 3.214265 -0.1448503 2.910719 -3.808323 -0.1118516 -1.783264 2.182881 1.295752 -2.85242 -0.1387837 -4.338497 2.994587 -4.309363 -2.809692 -1.023702 -0.009139191 2.344691 -2.954031 0.7687048 0.7802974 0.1890939 1.445237 0.7661946 -0.4186355 1.131315 -2.550323 -0.9205205 1.553607 1.596017 -3.98489 0.3483009 -3.489817 3.887128 -3.327311 -0.6371896 1.655771 -1.532232 -4.037818 3.445063 -5.455957 -2.68164 -1.031254 1.267533 -0.4426721 1.09472 -3.558885 1.283832 0.9600317 0.342986 0.6764001 -3.912651 0.2402091 0.9367666 -3.076992 1.813911 -0.5005444 0.3530107 0.3326384 -3.028416 -0.6094123 0.3480238 -2.494304 3.143564 -2.932251 0.1660791 0.6688306 0.04964269 -2.324658 4.047083 -4.754761 3.128078 -1.333887 1.67419 -3.40525 2.963304 -3.382591 -2.905081 2.537044 -3.335273 1.544222 -1.945008 -0.1193257 2.201476 -3.041865 4.53551 -2.401178 -1.570599 0.7407067 -1.683628 -0.2337495 2.434314 3.264276 -3.314081 3.647475 0.7165903 2.229226 -2.357219 -0.7920661 2.642398 -4.477303 0.8362944 0.5641015 -0.2797871 3.521259 -2.399723 3.969156 -1.811026 3.944357 -3.494915 2.035096 -3.120606 0.1329575 -0.9148327 -1.889188 0.1092694 2.049027 1.664493 2.218679 1.979097 0.3086245 3.030366 2.566614 -0.02830745 2.920974 -0.6392582 0.5910013 2.178054 3.104899 -1.60363 1.474367 2.401541 0.064187 0.928555 1.154233 -2.5918 -0.0875803 -0.2263557 1.26721 0.8241289 -1.959001 -1.316183 -0.6253223 2.3442 -4.033432 1.862638 -0.312547 0.6502538 -2.525531 -0.03369132 0.4568745 1.612146 0.8043029 -4.810054 1.144849 2.886647 -0.6409916 0.4849686 -1.792695 3.967105 -3.573183 -4.318496 2.987994 -4.730206 3.0342 -2.209791 3.520895 2.252773 -2.430156 1.757698 -2.993743 -0.368689 1.093904 -1.203163 1.480035 -2.954883 2.45795 -2.606309 1.43273 0.5104481 1.678538 -3.234745 -2.503533 3.914451 -3.263339 3.712887 -2.460584 4.390514 0.5275725 2.069622 1.646612 1.697858 -3.0985 2.237037 -1.543537 3.846933 -4.133558 -3.481856 4.83888 -4.304572 -0.6888711 1.333225 -3.902384 1.049038 0.4118804 2.638727 0.3102392 2.719728 -3.119651 -1.291794 -0.467954 2.633677 -1.332795 2.543756 -4.669648 0.2499825 0.5125723 -0.7032968 2.944423 -0.04780072 2.742641 3.13128 -1.31578 1.682999 1.303633 -4.673593 1.958222 2.768303 0.4971016 2.674877 -2.724703 3.809966 -5.163656 1.790424 -4.499926 1.097523 -2.726204 -1.210931 0.9292229 -0.4620624 -1.150481 -0.5838814 0.5216249 2.16076 1.095284 -2.167794 0.6408857 1.292518 0.8803305 0.5409671 2.510616 -1.921797 0.5426876 0.4505262 -0.6822065 -2.260927 1.56947 -0.6562463 -1.093383 2.562015 0.1280789 2.167008 -3.851006 -3.198332 4.615233 -3.966018 2.186047 -2.165052 4.422988 0.889162 -0.5456774 1.235294 0.02699974 0.3947191 1.006913 2.57545 1.030881 1.832804 -2.582977 4.378838 -3.955549 0.9312576 -1.452644 0.3316216 -1.40241 3.606734 -4.398844 2.797245 -0.08053023 2.852567 -4.144593 3.659085 -3.525124 0.2165617 -3.292109 1.157301 0.6343238 2.285941 -1.804111 0.4626592 -4.406807 0.7175014 1.926186 0.9439794 2.839548 -2.999305 -0.3595746 1.080176 1.508035 -3.191839 2.00702 0.3744591 1.954901 1.630381 2.514186 0.7725523 2.669383 3.070505 -2.24301 3.510745 1.943096 -2.640797 1.607157 -0.1520563 0.9081616 -0.9030958 3.309589 -2.380181 3.637807 0.2173533 -1.239789 2.551049 -0.7895018 -1.091612 2.528955 -3.440614 4.820824 -4.736003 2.294958 -4.307478 2.257334 -1.440402 0.1856071 -0.06494604 -2.164175 -0.05471601 2.093358 0.04278789 -1.133108 2.587559 -1.435707 -0.2292156 2.528753 2.868899 -3.40385 2.136405 1.782566 -2.180892 1.696653 -1.608544 -1.392353 -0.7106457 -0.1824771 0.2049597 2.241929 2.496459 1.165114 2.076877 2.467877 -4.143705 2.90728 -0.6305102 3.286614 -4.000648 1.365026 -3.091493 1.780695 -2.978242 -1.002277 0.7434804 -0.09968448 1.00529 0.572445 -2.97167 -0.9784762 0.2832244 0.8222599 -3.128685 0.03615727 -0.9887757 2.913023 -4.524 0.7144846 -3.933338 0.2270689 -1.761174 -1.867167 0.5594051 -0.4023552 2.328807 -1.669623 1.824692 0.2209524 1.083271 -3.455983 2.992638 -5.134334 0.6886556 -0.8009772 0.2856726 0.07480218 0.8903089 0.8889281 3.060868 -3.392611 4.29961 0.7980343 1.715004 2.293233 -2.530096 3.703295 -5.097508 3.359105 -0.1622223 1.398956 -3.847181 3.393278 -5.415013 1.714064 -3.050905 2.377352 -0.6795698 -1.043879 2.586842 2.934 -1.796244 1.658487 1.201142 2.072114 1.302514 -1.190957 -0.5338138 -0.8169147 1.088732 -4.222546 2.499918 0.6928511 0.418492 2.2742 0.9926683 -2.303664 0.2632715 -2.126893 -1.685036 1.234269 1.62655 -0.6729383 2.708671 -1.284954 1.691027 -4.269286 -0.4018978 1.238531 -0.009806262 1.605925 0.2213203 1.132775 -3.292408 2.503058 -3.818624 0.04672405 0.8720668 -3.130266 -0.4594043 -0.01947819 -0.2079362 -2.716178 -1.266562 0.8251036 1.792016 -3.592876 3.50174 3.036254 0.1083932 2.585328 0.3538208 -2.8507 1.170149 -2.074205 1.870219 -3.590615 2.111609 -2.93963 1.488975 2.052993 -4.142477 1.347305 -2.782975 2.235445 -4.267989 0.1952201 -0.4205154 -0.1260271 -0.3192551 1.807231 0.05986412 1.4698 -3.14383 -0.1446739 -2.31351 -0.9728854 1.912611 -0.3325818 3.136966 -3.760967 2.181082 -0.1562633 2.95848 -4.068718 3.783038 -3.481728 -3.581037 2.887166 -3.563179 -2.151283 4.130648 -4.418058 1.85724 -2.618696 3.246722 0.3708721 2.586035 -2.121563 3.247128 -0.9613264 0.9161474 -1.904356 -0.336482 -0.6062208 2.606188 -2.450214 0.4660514 -0.3697745 0.4928093 2.05284 1.049813 -3.384272 2.483032 2.0203 -4.218572 1.361286 -1.571383 -0.6587705 2.534221 -0.5316221 1.394378 -0.9399558 -1.111528 -0.6926099 2.686302 -0.4206142 -2.167549 0.6169029 2.547073 -2.332305 3.101118 -0.4485914 0.7272617 1.760672 3.387652 -2.889189 3.570476 -0.6459181 0.6999344 1.067193 -2.136391 4.153949 -4.32397 -2.252992 3.040404 -2.847875 0.8537759 -4.775834 0.8950422 3.100287 0.4247181 1.464376 -0.2776905 1.955722 -0.1876834 2.001555 1.172445 1.181533 2.03345 0.653539 2.950272 2.99208 -3.200316 4.822476 1.267382 -3.734718 2.855481 2.312782 0.02641617 2.952721 -0.9497268 -0.5904891 2.728523 1.405518 -0.6665313 2.309856 1.890807 1.841251 2.228916 -3.863631 2.736294 -4.401298 -2.29029 0.05927518 1.928495 -1.11029 1.799444 -2.290857 2.557982 -2.630876 0.6761482 2.535009 1.053357 2.47975 -3.508393 4.683455 -3.915897 -1.903164 -1.778556 0.3811415 2.525223 -2.640352 2.459304 -1.138813 -0.2260584 2.610405 1.137068 0.413055 0.9310389 0.09886657 -2.290002 1.546329 3.402625 -0.3274001 1.724084 2.511297 -1.877284 0.1267201 2.057184 -4.476312 2.171494 3.329881 -0.9317566 1.571393 2.047934 -2.436156 4.324645 -2.002837 3.216808 -2.861519 -1.675571 0.8354692 1.146498 -2.553408 -0.8023188 1.653969 2.117711 -1.828645 2.000457 0.774406 0.4851423 -0.8558702 -1.946758 2.652276 -4.845732 -3.489312 4.844272 -4.314255 -0.8556955 1.120663 -3.134575 -1.912944 -1.604376 -0.1102288 -2.558829 4.080091 -3.417186 -3.696963 4.928507 -4.30857 3.21777 0.08461073 1.255865 0.3327186 -0.7523884 -0.1094665 -0.4812352 1.769337 -0.2407831 -1.043792 1.849368 -2.16216 -1.982279 1.798836 -3.875675 3.270805 -0.9904708 1.022901 1.997354 -4.339452 1.575923 -2.145957 -0.7159625 -0.6740798 0.1390414 -1.861203 2.211083 3.330592 -3.058443 3.46686 1.500337 -4.350462 0.5415882 0.5865583 0.2924606 1.724269 1.316364 -1.238569 1.883348 -2.645307 3.164791 -5.144795 -0.9559502 1.349158 -2.483889 2.171199 -1.104904 2.631309 -2.057852 0.7096719 1.278043 -3.404683 2.988848 -5.133751 3.61363 -2.649764 4.15794 -2.149641 2.36404 -4.713147 0.5242497 1.972556 1.824101 3.021131 0.6822405 1.7138 3.293317 -3.145885 4.700663 -1.200698 -1.63842 -0.4831023 1.94552 -2.793806 4.184162 1.17691 2.202113 1.518468 3.073427 -0.5847158 0.6574665 1.82591 0.2953205 1.060715 3.262875 -3.15614 4.724154 -2.896594 2.251955 -4.077975 0.1657769 0.5541353 -0.431146 3.472056 -2.023453 4.181078 -0.3424397 1.72569 0.2155749 -2.078384 1.995465 -3.289514 -0.03479359 2.590935 -1.86487 1.576387 -0.4808943 2.756375 2.379963 1.275896 2.319652 3.216582 0.1658188 1.329544 2.259842 0.87941 1.408433 0.05923695 0.6661321 -2.792165 0.8942948 -4.243341 0.2967833 -1.70907 -1.884286 0.5549594 1.842772 0.1763347 3.03225 -1.166 1.322671 -3.562304 -1.275096 0.854767 1.080249 2.185264 -2.402997 -0.001039397 0.3447073 2.138098 0.8674135 -1.226477 3.532592 -3.005449 -1.185403 3.659361 -3.182679 -2.33279 2.015377 -3.558012 -0.9786982 -1.11604 -0.8212482 2.836799 -2.101737 0.6052306 1.811652 -3.223852 3.783029 -0.300805 2.5795 -1.879124 -1.0895 0.7905943 0.9423141 1.362291 -1.840727 -0.04143344 -0.9601669 1.173257 -3.397726 -2.462448 -0.257463 1.936493 -0.7216693 -1.808634 -0.02000933 0.3433155 -1.788891 0.4123485 1.801373 -1.504289 1.814026 1.868838 -2.565661 3.465131 1.18194 -1.877996 1.940704 -1.119175 0.9844261 1.446718 2.038086 -3.027612 4.294958 0.2468336 2.347464 -1.381827 -2.852446 2.262707 -4.267071 2.710115 -1.671198 4.526219 0.2330274 -1.657744 0.2807981 0.5252921 1.685129 2.13163 0.5119955 1.812344 -3.263434 2.308205 -1.549053 2.220075 -0.5515453 -2.264518 1.608302 -1.910662 3.488529 -2.991932 1.858045 -1.959067 -0.1059885 -0.5917572 -2.380181 1.099869 0.2998107 -2.17106 1.887541 1.177953 -4.67057 1.889382 -1.986624 4.103955 -3.875788 -0.1149895 1.360974 -3.755568 3.099826 0.541841 2.047007 0.4068763 -4.368721 1.491822 -0.930014 -1.116732 -0.8071784 -0.16993 0.873989 -1.326326 0.4861133 1.51793 -3.202232 2.259398 -0.02521323 2.959048 -0.8856628 0.979114 1.64406 -0.3866359 2.118971 -1.172869 -1.355756 -1.470504 -0.6879951 0.7754691 -0.7000194 0.4413476 -0.7043447 -1.271686 2.453192 2.570152 1.045867 1.861612 0.5879818 -3.781021 2.083076 3.597242 -2.883963 4.767519 -3.175535 2.433683 -4.405964 -0.2093165 0.5640118 1.253241 -1.956916 4.000112 -4.424716 -2.247865 -1.530136 1.379675 0.6169739 -1.216343 2.418263 1.110192 1.343356 -0.7667016 0.8243704 0.4973646 -1.07 0.2921344 1.036877 -3.152375 0.4882598 0.7345932 2.186785 0.9051725 1.798864 0.405574 -0.08167985 0.5465978 -2.520554 0.5442994 -3.835918 2.029348 0.5175971 1.345726 2.247156 3.249094 -0.8857569 0.9450598 -0.9384 -0.2906512 -0.6305106 -1.01783 -2.171285 0.6801868 1.103592 -1.118483 2.108363 -2.09091 0.6747391 1.127186 -1.238908 0.9879469 1.739901 3.103566 0.6033124 1.741394 1.190306 0.5332872 0.7429873 2.993761 -2.348004 3.31012 -3.441781 2.524059 -4.143594 1.238749 0.915222 2.86169 1.372408 -4.632942 0.7267194 -3.853392 2.991819 -3.689327 2.826576 -1.972853 3.793388 -1.495458 0.3131159 2.290727 2.08952 -2.648877 2.752495 1.213869 -1.814842 1.942944 -1.897109 3.055359 -4.908484 1.037133 -0.1493398 1.997253 -1.136657 1.321832 -3.30402 -1.023829 0.4578971 0.2939489 1.66146 -1.525761 1.736325 -2.123532 -1.059205 2.026073 2.130463 1.556248 2.010899 -0.4350332 -2.31593 1.583102 -1.350762 -1.943234 0.3950634 1.034244 1.579328 -0.18157 -3.67218 3.945234 -5.538494 0.4126932 -0.1402325 0.3156956 -1.71458 -1.973585 1.204628 1.735278 -4.638714 1.759986 0.513473 -3.055728 0.4484742 0.9226083 -1.964005 2.072689 -2.463651 4.28829 -4.52957 -1.466863 0.2875269 0.02452208 -2.640063 3.183575 -2.981307 1.08694 -3.346655 2.510518 -2.31352 2.806541 -2.855244 3.695138 -2.460826 4.343079 -1.775896 -0.04249509 -0.2806001 0.7202677 1.870428 0.1623565 -0.4510934 -1.659916 2.210981 0.9242272 -0.03899304 1.958267 -1.326613 0.1230292 -0.1683275 -0.9440536 -0.9418501 2.592952 0.5983799 2.383161 -2.230995 2.808316 0.02135843 2.839815 1.589284 -4.709442 1.198513 2.482612 -1.369085 2.332702 2.52461 -3.765498 3.747903 2.00578 -0.5153527 0.7078342 1.798101 -3.205148 1.854883 1.329328 0.1174191 1.291028 -0.908374 3.336314 -4.231969 0.6070336 -0.178893 1.188721 3.683135 -2.692602 4.46465 2.200547 -3.172619 4.411648 -3.261338 3.51354 -5.368929 -1.242671 3.649561 -4.118502 -0.9387044 1.864337 -2.023183 2.431084 -2.753635 0.4731039 -3.686481 3.26662 -3.406291 1.389329 -0.4921451 2.525394 0.7942942 -0.4616124 0.9410742 2.924781 0.7234754 2.212364 2.226851 -2.580086 2.680977 1.629103 2.078099 2.120219 0.8872939 1.726509 -0.3993802 1.374478 -0.6025615 2.297789 2.047587 -2.64498 4.440633 1.161915 -1.241551 2.085899 0.2945997 -0.2582392 0.03768767 0.0962252 0.3169378 -1.908003 1.732401 0.8580879 2.945486 2.008367 -2.507735 4.250209 -2.303979 -1.54706 1.161241 -2.201969 -0.1400645 2.109651 -3.79587 4.882932 -4.110734 0.3749879 2.374391 -1.589551 1.003699 1.326441 2.564119 0.5997696 -0.1570301 1.450554 2.650399 -0.2867169 2.90168 -0.2424121 1.186563 -3.654263 -0.6512307 2.010403 -1.763952 -0.9302954 3.474047 -2.971874 -2.010529 3.708311 -4.796592 -3.046888 -0.6702871 0.3959012 0.643107 1.991078 0.5107652 1.634086 -2.912677 3.151802 2.076354 -2.706457 4.506247 -2.511479 -0.9293444 -0.4675704 -0.9309428 3.086656 -2.644758 -1.867504 2.729344 -4.850207 0.4025858 0.6974692 -2.750393 1.198296 -3.290491 -0.1164776 2.594505 0.675462 1.406704 0.6935278 -1.442574 0.3117663 -0.5253892 1.792771 -0.3194944 0.9994315 1.328051 -1.879875 0.5810342 2.038249 0.5678235 2.32666 0.3892365 2.904654 0.2267316 -3.319475 1.245959 0.4938631 -3.892388 1.95492 -2.41896 0.4454148 0.7663504 -0.5958763 1.422471 -0.3602053 -1.277201 1.499691 -3.146491 -3.312022 2.502203 -3.859375 -0.3464692 -0.7403133 -0.5291128 -1.522313 -1.960866 0.5856391 -3.019281 -0.3185597 1.022587 -2.679647 4.346531 -4.711575 2.204589 -2.668353 2.542751 0.4232923 1.957098 1.70185 -3.074436 4.064977 -3.360687 -0.9010495 1.149864 -3.147885 -2.668403 3.820452 -5.130893 1.560628 0.5452965 3.028068 1.475827 -3.077138 2.706654 -1.48231 3.870478 -3.859309 0.3542209 2.13696 0.8841103 -1.462562 2.355513 -4.65659 -2.9147 2.808211 -5.013699 0.5738261 0.7225364 2.289097 -3.557766 3.035425 -5.163492 0.5014056 2.09141 1.568461 1.949433 0.9012497 0.9732696 1.494323 -0.7016758 1.737802 -0.2001395 3.128994 -3.538926 -1.540348 1.632095 -4.076643 -2.085332 2.803277 -2.760094 0.8384234 -4.000447 2.346031 0.9791323 -3.877388 2.559564 1.938723 -1.841775 -0.07406183 -1.170764 0.704007 2.192652 -2.037517 -1.734225 0.4067945 -0.8572976 1.818452 -4.332697 -0.1681656 0.4843706 1.791096 -0.4904916 -0.08076099 -0.308081 1.928876 -4.477251 1.768927 0.6704512 0.222791 1.565362 -4.144796 4.451567 -3.649778 0.03432835 0.9782159 1.235831 -3.181494 2.623907 -4.789675 -1.507129 2.06038 -4.522218 0.6925806 0.2863132 2.132053 2.679271 -3.966161 2.695036 1.715245 -1.631572 1.753583 0.02487839 0.946092 0.8685819 0.7517087 2.0431 -1.286221 -0.860711 1.471795 -2.018621 -0.3609788 2.85912 -2.218361 -1.555407 2.121581 -4.56251 1.594023 -3.900024 3.007925 2.286856 0.8421093 1.403445 -3.739271 2.676052 -4.211027 0.2675922 -4.226233 1.338155 -0.7488296 -0.7299465 2.734565 0.5915666 0.7185939 -2.600458 -1.455543 -1.590129 1.913232 0.2634918 0.9121386 1.883163 0.1887052 0.7669974 0.9808256 -0.02366977 3.08039 -2.853143 -2.36604 2.492001 -4.791319 -0.2176756 1.297656 0.888093 1.613058 -2.764471 1.569539 0.4581863 -4.488644 1.366455 2.350488 -1.942468 4.789006 0.01093361 0.3465019 -1.808594 1.71682 -4.154948 0.5968208 -0.955721 0.4114223 2.412005 2.010408 -2.382643 3.701798 1.341882 -1.078249 1.648139 2.319906 -2.933357 0.5023729 0.8291121 2.230136 1.468356 2.512562 1.077924 2.4791 1.949852 -4.0857 0.9971451 -3.495815 4.263128 -3.499597 -1.313231 1.594239 -3.001828 2.019349 -2.146382 -0.07282148 -1.396353 3.802539 -3.396313 -3.420301 4.188605 -5.398205 3.021286 -3.395023 2.80825 2.866832 0.1336805 2.786138 1.711963 0.9048201 2.923368 0.7790632 2.152148 -2.00622 1.170901 -0.8404626 1.497239 2.420108 -1.854717 4.632872 -3.93006 2.783158 -4.191205 -1.910002 3.29564 -4.900063 -0.2877848 0.935036 -0.4385207 0.2593499 -0.9187449 2.544765 1.668254 -3.85035 0.3099301 0.5058163 2.15837 -3.196434 2.962276 -3.473642 2.577056 0.1955747 -3.904487 1.12397 1.227979 -2.293918 -0.0752254 2.719523 -0.07071853 0.7622581 2.023757 -0.7165519 0.4255943 -1.264227 -2.193915 1.147784 2.956265 -3.366119 2.395958 0.6584569 -2.891421 0.3984474 -2.203527 0.4585413 0.4611776 0.340215 -0.7902606 -0.1055198 -1.486385 -1.608557 1.868627 -2.80184 -0.3130387 1.342399 0.4667894 -0.365559 0.1617569 -1.767616 2.993813 -2.758983 0.4313088 -2.173302 1.905537 1.557361 -2.524993 1.58141 1.912465 -0.7497395 0.563903 -0.2404437 -2.072574 1.940081 2.242339 0.1334108 2.963349 -0.4742661 3.342752 -3.543388 3.058696 0.2068357 2.465879 1.182677 1.270615 -0.4386564 3.111318 -3.517613 3.563237 -2.440216 0.4136116 0.6349087 -1.294951 1.420245 -3.550136 2.08057 1.591938 1.831191 -1.906199 -1.732505 0.2311955 -1.621542 0.7961113 0.9789528 1.129309 1.656297 0.4735295 2.287278 -2.02186 4.373159 -1.626321 -0.6053866 2.515638 -3.220177 4.700415 -4.695201 0.1013132 -0.8700529 -0.3033594 -1.631091 3.394087 -4.718136 -1.480769 3.204314 -2.813929 -2.183016 -1.702948 0.6705615 1.960399 -3.178174 4.06742 1.254414 -2.055906 1.760984 -1.143267 2.28248 -4.583972 -0.2754718 0.4507244 1.994226 1.758915 -2.836996 2.891353 -0.5709053 -1.252727 -0.6003522 -1.319672 -2.160649 1.336911 -2.928235 2.679281 -4.906414 0.8191471 0.3802854 1.058011 -0.9955789 2.191407 -2.115916 -2.080326 4.008228 -3.485716 0.3819226 1.974047 1.615034 3.180576 -3.420692 3.408584 0.9606587 1.711225 0.1862282 -0.2869764 1.093035 -0.9229943 2.803623 -0.324698 0.5759582 1.423482 -1.036542 0.8185751 0.6454882 1.955342 0.4008024 2.489202 -2.688178 1.104432 2.8583 -3.732947 3.530251 -3.235609 4.10454 -5.329978 1.097278 -2.269387 0.05121858 1.549559 -3.038161 2.995768 1.369944 -4.806618 1.248679 -2.268237 3.8843 -4.855937 1.840523 -3.214272 1.706994 -0.7202403 0.5715331 0.5954631 3.082417 -1.22136 1.863003 0.9036219 1.001816 2.626119 1.987656 0.6198992 0.9933691 -1.460307 -2.033895 0.733229 1.89541 -4.586501 2.33639 3.472528 -3.049494 4.262482 -0.2587028 3.093473 -2.634434 1.61499 -0.9161355 1.683925 1.535301 -1.050617 1.25801 0.4178393 -0.5398023 0.01704788 -0.484934 -0.459552 -0.5111097 0.9856046 0.8091022 -1.682528 0.04596343 1.276161 1.618293 -0.9957901 1.480798 -2.39648 -1.890722 3.451982 -4.851037 0.1990679 2.696737 -3.477026 2.824692 -3.619137 3.932819 0.5564103 -0.5386468 0.2033144 -1.034937 3.244773 -2.773404 0.4186578 1.088205 -3.061357 -0.6092986 0.2932106 0.2239848 -0.3317075 0.5867319 -2.30267 -0.328303 -0.9402703 2.658426 2.275734 -1.56843 2.203668 -0.06615061 0.8869276 0.2252132 2.495761 -3.026288 4.891869 0.04416193 2.11775 -0.3112375 2.794632 -3.60406 3.992308 -2.326104 4.245973 -4.399478 0.9278449 -0.6229445 1.840889 0.3486376 -3.604852 0.445585 -1.266514 -2.096481 1.524111 -1.338889 -0.3794976 -0.7691371 3.148271 -1.255219 0.6878867 2.457345 -1.952038 4.042145 -0.0437959 0.7853408 -2.99726 2.1033 -2.902353 2.246889 1.061955 -3.475148 2.600719 0.971812 -0.05810589 2.178008 -1.607439 0.8658799 1.782778 -3.085196 -0.4733387 0.5119888 0.7386123 -2.330862 0.5867407 1.258732 -4.520752 0.5301311 -0.6045485 0.8129072 1.8267 0.3913778 2.189571 -0.6977172 1.260677 1.141533 0.06530406 1.62095 -2.960044 3.263466 -3.010179 2.435598 -3.564162 -3.880413 2.773214 -4.109285 -0.5148932 -1.412728 -0.4695604 1.958433 -4.134792 1.062904 2.482611 -2.352118 0.2182673 -0.09699398 -0.2108185 2.453666 -3.433061 3.800166 -3.291854 1.116641 -2.226772 1.723872 -0.06600069 0.8710443 -3.150061 0.6431844 2.174693 1.525701 -0.4766692 1.661896 -0.1673763 1.921337 1.168432 1.068748 2.863698 0.5398025 2.539311 1.481847 -0.561379 1.615978 0.2468334 -3.04867 1.040524 -0.9997861 3.618145 -3.171352 -0.8740529 1.18115 -2.639232 -1.056736 -2.26519 1.380111 -2.099406 0.6199644 0.8517783 -2.85818 3.459115 -5.250084 -0.05626918 1.154825 1.169145 2.892612 -3.031184 5.136544 0.645716 2.083929 0.8045641 -0.9696036 -0.2074262 -0.5953045 -1.893917 -1.709004 0.1458325 -0.4835017 2.027413 -1.088489 -0.8451582 1.310483 -2.135164 -0.781478 0.4302919 0.3400864 0.9236633 -4.11598 0.2194411 -0.1970782 3.046821 -3.688309 0.8189243 -2.639732 0.3584096 0.6464507 0.3442128 2.1325 -2.604724 0.3266656 0.7334651 -4.021266 3.154777 -3.677992 -4.552671 3.080813 -4.567798 1.802761 2.021748 1.825043 2.547715 -2.613653 1.080363 -0.1802662 3.202881 -3.326242 0.8356992 1.779992 -0.4122717 0.457299 2.073854 0.525439 -1.285708 -1.695232 -0.3482265 -0.4763305 -1.606416 2.254553 -0.8289189 2.551867 -2.215003 0.5379391 -0.4163105 2.053794 0.36895 -0.06434608 1.841526 -1.553533 0.3193461 0.06622912 -2.276718 4.167826 -3.680753 -3.12287 2.613893 -4.794161 -3.47012 3.753553 -5.463326 2.818986 -1.969846 3.798393 0.5864176 -2.302306 0.8124335 -0.9964773 1.246759 -3.040925 -2.577063 -0.7878103 -0.4043512 2.467053 -0.8071923 2.771318 -0.4859686 0.7392774 1.419303 1.693876 -2.895192 2.883745 2.213035 -1.528937 2.246225 -0.0776936 1.692204 1.193664 2.950558 -3.37783 2.379324 0.9853899 1.710497 -1.390641 1.73869 -0.6196304 2.780574 3.485409 -3.010994 4.126525 0.947333 0.920566 -2.005662 0.6056503 2.026809 1.829323 -1.380626 -1.197498 -0.8447986 0.2475884 2.43703 -1.656918 1.593702 -3.861171 3.037093 1.418118 -1.908238 1.748762 -1.845597 0.7248349 1.73978 0.8202423 1.268037 2.468426 2.178795 1.439781 1.893079 -0.7866462 -0.7029104 -0.7175367 0.6350778 1.609333 -2.975824 1.999823 1.754705 2.162005 -1.088101 3.445402 -2.925793 -0.610898 -0.4642135 -0.5612857 0.8831968 -4.793405 0.936242 2.153949 1.527549 2.06505 2.514323 -0.6793963 0.3750316 2.239026 -2.208089 4.834417 0.7378843 -4.608621 0.6755772 0.8143744 0.529627 -0.6534268 2.317907 -1.357899 2.41394 -1.102713 -1.250049 2.370492 -1.280985 -1.779674 -0.02665536 1.49804 -3.126086 3.024559 2.11341 -2.269717 4.297223 -2.162829 -1.604557 1.416563 1.562957 -1.366581 1.699362 -1.993005 3.564353 -4.86277 3.278944 -1.170942 1.195017 -1.083243 -1.686272 -0.3673286 2.17678 -3.389783 1.418232 -0.9540707 1.725378 -2.084884 0.2421693 0.6408077 -2.732826 -2.179412 3.182034 -2.868801 2.041162 -3.481314 3.904465 -0.584546 2.247961 -1.834447 0.9002734 -4.743224 1.511588 1.218065 1.374169 0.1243541 0.9529643 0.4437646 0.7904505 -3.745874 3.978558 -5.564713 1.075058 -1.350474 0.3281324 0.06812824 1.711085 1.44203 -0.06237875 0.7931414 0.01737623 -2.425052 -1.288099 -0.2433573 0.2632362 -3.526394 0.6676949 1.983608 -2.694201 2.842486 0.881338 -1.59073 0.333072 0.8811324 1.934448 -1.572499 -2.353162 -1.577406 0.8840677 -0.6357682 1.706792 -0.5291303 1.153874 -2.910863 -0.1129835 0.8305341 1.983966 0.7514279 1.245391 -4.527984 2.282962 1.380134 -1.965216 1.741221 0.881251 1.889319 -1.257017 2.995951 -3.622185 3.251764 1.655771 0.2933892 3.043983 -0.3984711 1.222716 -3.762432 -3.734261 3.184006 -5.273123 2.035642 -3.639107 3.711756 -2.312052 3.352584 -2.943227 -0.9101848 0.8691409 1.233314 1.048891 -1.722909 2.117384 0.4031181 -0.09130997 1.836015 0.9879604 -0.8027754 0.7499777 -1.243314 1.405051 -3.373921 0.2074654 0.7977507 0.4443962 2.250937 0.0416178 0.9821388 1.05053 -3.152481 1.867949 0.06704571 0.8912973 0.638904 -0.3001215 -2.17607 0.6601162 -1.661116 3.331861 -2.901043 2.327044 -2.631638 1.593077 -0.9952102 -1.939161 0.2026849 1.673203 -3.601385 3.349638 -2.687689 2.854583 -5.033995 -1.030166 -0.8177916 -0.8488645 -0.7237803 2.657944 -2.211083 -0.02107742 2.292105 -1.139114 2.97978 -3.649018 3.306498 2.476106 -4.077402 2.109774 1.686131 -4.621115 1.12575 -0.4659669 3.364124 -3.441831 3.204565 -1.423873 0.9420054 0.2195185 2.085253 -0.2544178 0.456398 2.56151 -2.613244 1.416973 -4.763359 1.694147 -4.279999 3.003269 -4.154894 -1.674906 0.2590642 0.06043359 0.3314173 -2.894835 1.159238 -2.525687 -1.504866 0.5799301 0.955512 1.401161 -2.197058 0.6318846 -2.338509 1.332691 -2.855782 -0.1846815 1.223279 -3.445295 4.835942 -4.660535 2.401508 -1.222228 0.1715599 -3.502936 4.706332 -5.0837 -0.9993392 1.315575 -3.811857 2.295922 0.4146446 2.909107 1.26265 0.8244447 0.4386478 0.9017209 0.5573615 0.3075684 -1.419084 3.823789 -3.926192 -0.4222585 3.337163 -3.426028 0.7407371 -3.453786 2.036813 -2.343806 -0.6346109 2.087767 0.1110866 1.151379 -3.399256 0.2558912 -1.620016 0.2619488 2.143344 -4.09438 3.223603 3.566193 -2.798685 4.103633 -2.326864 1.963234 -3.959607 2.94294 -3.579708 2.825542 0.4398663 1.515188 -3.260894 1.273161 -3.045704 -0.1386222 -1.00399 3.668411 -3.396604 0.3605145 -3.084444 1.418565 -2.294188 2.000857 -3.531623 2.328971 -1.489627 2.277755 0.2133982 0.1564535 0.6691831 -0.857452 -0.4931211 -0.6833531 -0.5538356 1.90925 -1.162458 1.997741 -0.5606513 0.6520932 -2.29067 2.739081 -4.935436 0.8256221 -4.633317 1.641899 2.323193 1.331557 2.334165 -0.2171307 0.7853704 -1.421164 -2.753305 0.2007791 0.9197538 0.4227533 0.4726437 1.504499 0.3234005 -3.021999 0.7878678 -0.2328183 0.1885961 2.308825 1.119642 -2.152626 1.779512 -1.885457 -0.6185463 2.367957 -0.3399475 1.018456 -3.396889 2.964167 -1.002256 0.4466908 1.81439 -4.569613 1.491237 0.8517234 1.969552 -2.249463 -0.409996 -1.052887 -0.5753944 0.9908561 1.700322 -1.308962 -2.816039 4.510322 -4.497339 2.07707 -1.44052 2.319736 -2.555084 -0.5353705 -0.3085501 0.08991513 -1.92478 2.144222 -1.826411 2.753262 -4.843953 -3.052175 2.360869 -3.803166 1.581983 0.02908303 1.24857 -1.982436 4.031286 -4.396073 -0.2965294 1.772448 0.5484832 -1.720228 0.4972413 0.288936 -2.874124 3.568047 -5.259905 -1.331634 0.637272 2.187537 -2.35763 0.4525388 1.412413 2.228777 -3.31717 1.526728 -0.7862644 0.5817062 2.253209 1.752168 0.3887393 1.033992 0.4803388 2.160506 1.163608 0.5350247 2.133549 -0.7841038 -3.785608 3.005711 -5.100291 -2.697985 0.2381707 0.5668631 -2.257964 0.1471793 1.899881 2.598088 -0.04123625 2.916917 3.215264 -0.1783504 2.152739 3.657008 -2.249555 4.299294 1.715023 -1.74357 -0.1089023 -2.788536 3.805383 -5.195815 1.173218 1.503929 0.2373935 0.522532 2.102192 1.570632 0.7810708 0.7444971 -2.262059 -0.8529973 2.104752 -1.996817 -1.493655 1.754888 -3.058306 1.798698 1.656387 1.26071 -1.762197 -1.674026 1.692759 3.118821 -1.666908 0.881653 2.445809 -2.648154 1.367121 1.163961 1.786846 0.8063715 0.3209716 -3.156485 1.387842 -1.476134 1.580302 -4.009796 -0.5559171 1.079887 -3.521061 -0.1812369 -2.295906 0.9914624 0.9337391 -2.721779 0.02614526 -0.1859928 2.117199 -0.4335403 -0.8747783 -1.750073 -0.1323136 0.3759033 0.5201651 1.527299 1.804628 -3.1281 3.80443 -2.691463 -1.33835 0.6922086 1.918218 -4.038293 3.155682 0.8548862 2.232206 1.470718 -0.6049609 -1.807359 -0.003975988 0.07044464 2.645821 -3.745512 -0.1738961 0.5303084 1.159914 -3.68766 3.800482 -5.53192 -0.7998444 -0.08905029 -0.4516588 -0.9284359 2.245216 -2.099447 2.820985 -3.552847 4.101024 1.131032 1.716 0.6096045 2.38171 -4.112834 2.029689 2.027327 1.437817 1.428429 -2.092958 0.6616032 1.473907 -2.575782 4.237508 -4.762707 0.4928991 -0.1277903 1.74806 2.732408 -0.2316639 0.617104 -4.506327 3.580644 -3.734555 0.08049436 1.87902 1.290719 1.327451 -0.2900416 2.597545 -0.8321721 3.492074 -3.029965 -0.1591601 1.006467 0.4179764 0.4800586 -4.063586 0.441989 -1.878553 -1.844968 1.307596 -2.289774 -0.1074591 2.028644 -4.110821 3.033483 -3.883143 2.489927 -2.748978 0.8095121 -1.850987 3.409396 -4.842314 0.6095358 -1.802969 0.4011269 1.98621 0.6956001 0.985064 -0.8002579 1.154747 -3.604448 -0.4999187 -0.041415 -0.2631846 -0.109694 0.3995002 -2.041977 0.8599453 -2.38272 0.4334365 2.921855 -3.632465 3.762102 2.102813 -3.218886 1.348303 0.3182241 0.7400241 -2.857824 0.6795018 1.974933 -0.6772922 -2.655772 2.285556 -3.418866 -1.023806 2.408585 -2.238232 1.69472 0.9838789 0.8034347 -3.945605 3.877632 -3.442289 0.2179035 0.5310242 -0.6792329 -0.05726507 -2.251294 1.763048 2.033348 0.4109505 1.029073 -1.005319 -1.868446 1.847773 -0.09395782 -1.726056 2.239213 3.054295 -3.578662 3.391429 -0.05143387 1.238011 -3.608059 0.9815104 0.1359284 2.443663 -1.474773 -0.2305747 -0.6661782 -1.994162 3.10629 -4.949259 2.726554 -0.8649325 0.3552422 2.696859 -3.933651 2.865436 1.835259 0.5963591 3.038733 -2.352732 4.272679 -3.914832 2.160546 -4.199697 1.840013 1.230606 -4.634729 2.014968 0.218252 -3.246486 1.115976 -2.317704 2.553799 -2.94168 0.300672 2.057852 1.33576 -1.189134 -1.244953 2.351477 -2.764999 -0.04632562 1.252302 0.9478037 1.739346 0.2747113 -0.7628376 -1.494402 2.306791 -1.780574 2.467225 -2.690685 0.3273863 2.736734 -2.648509 2.48953 -0.09268883 0.7413568 1.416066 -4.723077 0.8987687 -0.6477425 0.2939863 2.447567 3.203727 0.4372866 1.836148 2.187079 1.019426 1.430356 2.226948 -2.332518 4.875707 0.79761 0.5455717 0.05359551 1.274484 -3.335408 -0.1163139 -1.358405 -0.5929996 -0.8513448 0.04935787 2.985991 -2.718207 1.14433 -3.249167 2.420368 0.7303415 0.4329571 -1.234381 0.02937388 0.3724084 1.671664 3.055572 -1.825878 1.259593 -3.488531 4.856263 -4.391604 -0.3566568 -1.625709 -0.1225557 -0.6126234 1.831612 -4.253382 -2.134743 3.074376 -4.994143 1.08703 -4.593997 1.97613 1.384623 -0.2504311 2.700441 -2.556554 2.376833 -4.655411 -1.020935 2.501592 -4.590221 2.508402 -2.515309 1.498604 -0.03779207 0.4787906 1.524665 -0.1363989 -1.812968 2.151464 -0.4401354 0.4530108 2.174082 1.007378 -3.830007 2.602612 1.417874 -4.622535 2.180862 -0.114824 1.807933 1.029038 2.469831 -4.132036 2.95422 0.7084934 -2.684894 1.417227 -0.7215585 -0.3700811 -0.5794693 1.112109 1.946758 1.027471 1.112459 -3.119645 1.846563 2.964531 -3.132064 4.964412 1.037711 0.6668947 -0.02684602 -1.533284 2.532095 -4.716363 -0.422477 0.7225015 1.525688 1.288497 -1.046798 1.774921 1.008367 1.552807 -1.582587 -1.30353 0.8389853 1.02504 1.083474 0.2152976 1.268836 2.738952 0.7248189 1.528977 3.009442 -1.745007 4.235273 1.946571 -0.8071889 2.768011 -0.2008926 2.173366 -0.7302731 -0.6594466 -2.029503 1.829543 -0.03330123 0.9951605 0.770821 0.5626468 0.493553 -0.3287046 -2.501826 2.129946 -4.302789 1.489653 -0.8677266 2.13308 1.431304 -0.151463 1.427431 -2.219042 2.168749 -3.176035 2.477356 0.07741154 0.9105376 -0.1217638 1.092408 0.7726852 2.354813 -2.550575 5.13176 0.3287294 0.6202914 1.706732 -3.747004 4.942204 -4.288949 1.953799 -3.745566 3.488151 3.360263 -3.104424 3.629616 1.450904 -0.5330103 2.610323 1.652259 -1.332471 1.692827 -2.245464 -1.670074 0.6152248 1.797849 -2.678211 3.315639 1.396279 -0.2426848 2.717838 1.757759 -1.241451 2.072167 1.472487 0.3047367 1.11108 2.865842 -2.112107 0.7280254 0.8460434 1.998471 -1.635421 0.6226143 0.6030538 -2.366701 -1.860976 0.5884177 0.5131928 1.848529 -3.186322 1.891404 2.215717 -0.7212938 2.849151 0.2362 -3.914208 0.7244264 2.094198 1.415753 1.593531 2.037574 -0.1324856 2.967913 -2.852961 2.865257 -5.050353 0.9779428 0.528753 0.5653042 1.181432 -1.795668 0.2128234 -0.2195079 -0.5677454 -0.4394463 -3.917145 2.774503 -4.524827 -2.692562 -0.4612969 -0.08917692 0.4271173 -1.068835 0.02200734 -0.4695042 1.621382 -0.1391328 0.3640233 1.254842 2.104849 2.532864 -1.388291 2.285048 -1.27789 -1.493296 -0.6662161 0.4625616 -1.497192 0.2665092 0.4894358 0.8651751 -2.864871 3.536445 -2.823846 4.010305 -1.038939 0.3660712 0.148353 0.3151922 -0.6661081 -0.1129996 2.179577 1.239564 1.590337 1.241106 0.3196424 1.120367 1.345103 -0.5728062 2.188198 -2.391515 3.517111 -3.012613 -1.207043 -2.072168 0.544969 -1.930781 2.754606 -4.873437 2.77969 -2.599247 2.721961 -1.736993 -1.713222 0.0096552 1.684795 1.183718 0.8377132 -1.406595 -2.005762 0.5787648 2.723488 -2.067995 1.693993 -0.1417306 0.3158617 0.5060619 1.573945 -4.585126 2.418236 -3.507192 4.135002 -3.427437 2.850906 -3.076101 5.047927 2.461703 -2.686481 1.2189 0.5485377 -2.086189 0.579199 1.695048 -2.827912 3.251804 1.225934 -4.668315 1.92818 -0.1269967 2.901231 -2.341549 0.9463047 1.770302 0.3966949 -1.803468 0.6790355 1.859654 -2.219614 2.527716 -2.89436 -2.388816 -1.468142 1.137492 1.538066 -1.116028 1.466115 -1.467081 2.723964 -2.622752 -1.364039 2.767839 -2.61046 1.773474 -4.610026 2.021627 1.422135 -2.804754 -0.1483334 1.234797 0.9664699 0.04717187 1.351464 0.6326561 2.955429 1.368078 -0.07352736 1.415812 -1.271855 0.66667 0.5917775 -3.720874 3.262281 -3.425957 -1.62756 1.903526 -4.392405 -0.1792482 0.1609654 0.2098331 -2.5356 0.004899077 1.646548 -1.131351 0.5901532 0.4763552 -1.116665 0.7809447 0.8985602 1.703851 -4.20157 0.617102 2.282682 -2.889152 4.780838 1.705169 -1.231074 0.1017447 1.511346 1.552349 2.553643 -0.3035789 2.511542 -4.153589 -1.168487 0.8058467 2.111509 -1.308573 -2.150636 0.9385728 3.195322 -1.244374 0.7936422 -3.429378 3.102786 -3.32981 -1.461596 0.2608504 0.003553455 2.994193 -2.372325 3.280715 0.2938643 1.820536 -3.582201 2.98213 -3.409919 2.608748 1.990883 -3.909639 0.982159 -0.07565286 -0.809916 -0.4170605 1.595335 1.441487 0.9088013 0.7972683 1.839857 0.278704 -0.617772 1.78659 -0.8684294 1.326546 1.441549 2.625448 -1.041075 1.263061 -3.162507 2.938565 0.8072286 1.812127 -2.342468 1.975187 -3.776574 1.656096 1.651548 2.471299 -3.775932 2.744312 -4.64767 2.068177 -2.356975 4.27718 -0.3458052 2.18972 -1.351083 -1.038343 -1.661391 -0.4110393 0.6518884 -0.2642927 1.064444 -1.232895 1.476522 -3.076967 -1.280098 -0.8356537 -0.8824388 2.50546 -3.824306 3.647353 2.132984 -1.983169 1.950924 -1.750536 3.995294 -3.982772 2.034152 -4.210723 3.010872 2.390253 -4.265304 2.433923 -0.5027128 1.766685 -4.177746 3.098116 -1.564295 0.6940144 0.6119624 2.077349 -0.814922 -0.9974521 2.08767 -4.48946 -1.04634 1.306309 -2.936538 -2.657236 2.798832 -3.029391 -2.704785 3.211374 -3.003952 0.08841158 0.9242532 1.484549 2.966657 -1.014271 2.194016 -1.959223 -0.04841607 -0.2189453 2.374873 0.2928435 2.914147 -0.01750163 2.009292 0.8923769 -2.392679 -0.9130162 1.852015 1.557031 -4.462544 0.6936811 -2.0672 -0.7211441 -0.7081455 -2.303966 -0.6386401 2.122241 0.1318845 2.29912 -1.055278 2.718321 0.1876656 2.839285 -1.002529 3.55769 -3.962998 2.988081 -0.09474812 2.688942 1.70983 -3.53274 3.455259 -0.6386033 -0.2252223 2.649814 3.03524 -1.301087 0.4924582 -0.6425033 -2.090642 0.4349465 -1.533112 0.287707 2.283645 2.357133 -1.795529 0.05742942 1.182063 2.169508 1.445224 -1.003219 2.520065 -4.584672 -3.262802 3.608761 -3.211471 0.2954022 0.9307265 1.955767 -0.6261603 0.8932182 -2.172901 -3.976006 3.893638 -3.453611 1.578957 1.416275 0.8728959 1.704101 -3.253137 3.588195 0.8345912 -2.502042 0.4308296 0.4024966 2.140422 0.9128156 2.337157 1.041948 2.625963 -1.20926 3.477841 -4.373596 -1.824542 2.975782 -2.757615 1.690538 -0.8191427 2.681506 0.5863971 -3.048841 1.659317 1.136142 1.509909 0.1192253 0.8872024 -2.606577 0.2250418 0.370314 1.190886 -3.162181 -1.727767 -1.389847 1.992734 2.818619 -0.7785318 0.4105454 2.571163 -1.954428 1.906093 0.4969615 0.4480397 -0.5305214 2.451225 -2.27933 1.785551 3.297382 -2.746376 3.380079 0.5714763 -3.004274 0.4160834 -2.237038 -1.607714 1.170239 -0.4349487 1.187467 -1.326043 -2.572401 -1.391162 0.8512465 -1.681249 -1.857643 0.429502 1.979132 -2.847828 -0.05087943 -2.746498 -0.4087268 1.434004 -3.463191 2.707516 -3.657172 -1.302295 3.022499 -2.699635 -0.1108619 -0.00748377 0.001904158 -0.4095272 1.124944 -0.2886541 2.281515 -1.704572 2.091625 -2.615632 -1.284243 1.015415 1.854061 -2.69583 3.050231 1.507087 -0.9094694 2.180204 0.2601653 -4.004581 0.7017856 1.013999 0.7189853 -0.9651703 -0.9284161 0.5845693 0.522867 0.01378528 0.6467988 -0.4859288 -2.892671 4.143851 -5.111104 -0.0278276 -2.235632 0.9631976 -1.869565 3.764956 -4.64905 1.251048 -0.9366384 1.369477 -2.219955 -0.8326111 2.100878 -3.641992 2.739065 -3.809987 1.552677 -4.619473 2.270607 0.9039157 -1.383697 2.26359 2.113313 -1.64429 2.104674 -2.944921 -0.4065681 0.266669 1.579676 0.3853503 1.045142 -2.763983 0.03860696 1.169119 -0.6389602 1.305581 -1.53257 -2.208713 0.218275 0.1986429 -1.427515 -0.114282 -0.5338197 -2.617528 2.108807 -3.918926 2.309112 -1.991177 4.462972 1.128011 1.189501 -0.7239033 -1.815099 -1.397205 1.940323 0.9296177 1.404118 2.465816 0.2031769 -3.46305 1.094543 -0.8057877 -1.556468 2.250269 -2.163915 3.779532 -3.17737 -0.9685903 -0.531535 2.720454 0.02946785 2.575504 -3.854662 -0.8407196 -0.8705521 -0.7825129 -0.880706 -2.130629 1.649148 -2.298591 0.5515633 1.149009 1.15587 0.8581448 -0.2063999 2.39362 -2.090591 3.712361 0.3639238 0.5834762 1.194174 -2.423674 2.058593 -4.208165 -1.076973 -2.192636 0.7966153 0.2766279 -2.208107 1.068854 2.400757 -3.749656 3.771432 -3.829913 4.619171 -3.764141 -3.781395 3.539987 -5.480711 -0.3907216 1.751197 -4.118935 0.3966123 0.550927 1.226844 -2.558846 -0.7260259 1.709116 -3.656926 2.850226 -4.937683 -2.420041 0.4466859 0.7913112 1.730273 -4.568019 2.560218 0.6291351 -4.298074 1.899626 -1.429188 1.504521 -3.647401 -1.720988 -1.675174 -0.1072381 -2.122719 1.870155 -4.026142 0.4165728 0.6539443 0.4506356 0.7066433 1.726702 -2.800389 -0.8545107 2.725147 -4.497327 0.7959191 -2.144211 0.4780167 2.451159 -3.586041 1.609461 -0.6312563 3.186791 -4.114191 -0.04573495 1.134326 -3.491029 2.087609 -2.664521 4.538917 1.677207 1.332931 2.702914 3.350202 -3.210962 4.027211 2.736369 0.4650451 1.144385 0.1320589 2.916236 -3.30518 -2.877273 -0.7845196 1.198629 2.252726 -1.860094 0.02357006 -3.282708 2.532399 -4.573187 -3.21549 3.21522 -5.265791 -3.074984 4.659642 -4.427757 2.798663 -3.819387 2.778607 -1.847364 0.7268243 0.9382473 -0.4095665 -1.007553 -0.5770431 3.57312 -2.905767 4.811785 2.550937 0.6676853 2.703211 1.66569 -2.681458 -0.1447459 -1.033618 -2.144378 0.6094233 2.105003 1.600908 2.169616 0.8198413 -3.347305 1.99429 0.4709401 -2.709636 1.193708 -0.5231641 0.1974503 0.1255083 0.8060102 2.108619 -2.060981 -2.532543 -0.7735073 1.723255 -1.908605 -1.765778 0.3431825 2.008713 -4.316272 1.562751 -2.32703 4.26527 -3.93564 3.243764 -3.070172 4.992324 -2.458754 4.280836 -3.799389 -2.243778 -0.6412708 -0.6084803 0.433323 2.066413 0.4627543 3.125443 0.2088037 1.198774 -2.335086 3.579321 -3.039434 0.618487 2.133037 -1.085008 0.5360476 0.6569597 -2.572281 -2.971269 -0.1963066 1.059254 -1.120428 -2.22217 0.9626459 -2.449673 -0.2830397 1.964074 1.088183 -1.013633 0.5725037 0.1178846 1.215817 -3.448129 -2.820417 -0.9889659 -0.01099908 -0.05157753 2.085949 -0.2663993 2.140904 1.54423 2.030112 -2.547452 2.181516 -4.369461 2.64982 -3.566534 4.126557 -2.396779 -0.9726077 1.79101 2.651027 -2.312474 1.550541 2.157471 -3.987283 3.344553 -2.222572 4.144052 -3.669184 -2.486112 4.151029 -4.783619 2.965118 0.7951741 1.947515 -0.5232654 0.3610138 0.334184 2.228586 -4.367352 2.273023 0.4764866 1.540618 2.166921 -2.262439 -1.316718 1.680084 -0.08217017 0.7285507 -0.5254225 -1.950795 -1.746982 0.3303944 -2.557364 3.220854 -2.960558 2.530791 -2.427701 0.3165242 0.2225076 -1.945234 2.167408 1.172938 0.5883952 0.6453319 2.161073 -1.201591 2.569875 0.08441923 0.468257 -1.435712 -0.3984519 2.182531 -4.234559 -1.720524 3.821449 -3.294361 -1.436084 -0.4158502 2.575566 2.009087 -4.124733 1.195595 1.125978 -3.276565 2.455187 -4.535387 3.100564 -4.346542 -1.020558 3.358839 -2.853649 -0.9445593 0.8270083 2.086817 -0.03798325 0.6091527 -1.409147 3.229792 -3.226661 3.248225 -0.6245924 3.366572 -2.947625 0.2358712 -0.3682125 2.292871 2.021952 1.058668 1.143502 -2.20529 -1.198599 -0.5751336 1.986676 -0.6846851 0.4913917 2.567131 -2.588393 0.5828575 -2.434233 0.4384974 0.9780633 2.382359 -2.336442 3.109863 3.277654 -1.166337 1.141708 3.177964 -0.3688891 2.216794 2.55701 -2.005796 0.1730079 1.117949 -0.9058259 1.969262 -1.595886 -1.611593 -0.3608888 2.283515 -2.979268 0.4828359 0.3080492 2.673904 -2.304189 -0.2546557 3.118721 -3.651829 0.3647825 -3.66553 0.4254105 -1.033587 3.654683 -3.689351 3.301097 0.131348 1.49254 1.66855 1.429231 2.643106 -3.372314 4.573312 -5.120912 0.6367461 -2.680212 1.358022 -0.01982341 1.382779 1.447811 -2.068871 0.6488738 1.559064 0.2294544 1.599399 1.778303 1.821786 -4.475788 1.145177 2.204699 -2.12987 4.391615 2.012982 0.2046937 1.060377 0.583041 2.09754 0.7863833 -2.721539 2.190736 -3.717538 -2.958074 4.425131 -4.904966 -2.524608 2.425607 -4.7161 -0.6220926 1.808418 -0.5953415 -0.7984791 -2.354805 1.216465 1.91582 -2.914258 4.100891 1.384175 1.601088 2.50123 -3.017184 4.313706 -5.076262 1.010715 -2.593767 0.0005107467 -1.034096 -0.205198 -0.6093277 2.194977 0.1986489 1.035938 1.32835 -1.791617 1.846103 2.61116 -2.507243 0.5731517 -2.65735 3.299689 -5.172017 1.84821 -1.659546 -0.07295046 -2.432595 3.516119 -3.016454 2.520319 -1.815433 1.991758 -0.04829676 0.9257329 0.37942 1.857466 -0.66511 1.040997 -4.343173 3.450362 -3.702612 1.063953 -2.841831 -0.08160959 2.657814 -3.327567 4.563078 3.245735 -0.9284258 0.919795 -3.171288 2.927619 -5.097176 -0.05951851 -1.114205 2.600527 2.715235 0.540588 2.683695 -1.134851 3.405961 -4.379238 2.944518 -1.626011 0.4438439 -0.08597844 2.200351 -0.6671231 0.8552374 -4.661601 1.622289 -0.1641867 -0.8363042 -0.4690901 0.08914255 0.04503743 2.08939 2.253327 1.091036 1.55717 1.353728 -4.493217 0.5554077 -2.807575 4.015449 -3.328419 1.999742 -1.107369 0.1385962 -0.08828086 0.8620517 0.1343433 0.2857627 -4.299276 1.009631 0.7476341 1.540591 2.331156 0.8466318 1.851118 2.244649 0.2261588 2.830297 -3.206656 -0.5964099 1.52177 -0.92158 2.923947 0.4308594 1.215504 -0.5591593 -1.829898 0.03526208 3.331733 -0.5834601 1.30339 -0.3602169 0.6381659 -1.692657 -0.2738557 1.896574 -4.109367 3.229511 0.3879066 1.732535 -2.953172 -1.078464 0.6063879 1.368753 -3.037327 1.753195 -0.6298971 1.484434 -0.4473964 1.151307 1.490134 0.1251665 3.191128 0.01010573 2.168296 2.592309 -3.68849 3.886579 1.111748 1.00311 -0.6891626 1.682868 1.320419 0.9124869 -1.861081 1.871592 -4.288509 1.793405 -3.266318 3.732945 0.9409038 -0.02749397 2.161847 3.045929 -2.719029 2.961947 -2.573011 4.257209 -4.733365 1.759292 1.997786 2.124694 2.109678 -3.175692 1.269813 0.03676821 -1.949563 0.4677207 1.055435 1.152425 -1.562536 0.5067585 0.8202499 2.241339 2.610398 -2.797177 2.296128 -2.586962 0.2080841 1.253486 -2.445079 3.461532 -5.104907 2.681722 -1.675115 4.558536 -0.1107615 0.5293361 1.374089 1.060322 1.223383 -1.536527 -3.7218 4.301013 -3.533913 -0.6506721 0.5233377 0.5260865 -3.713571 2.895769 -3.66604 -1.999531 -1.802287 0.8531467 -1.190874 -0.7803515 2.622726 -1.994087 -1.787138 0.6134191 1.70646 -2.68517 -0.1414602 2.541127 1.13045 2.089976 1.601829 -3.04338 2.497402 -2.205596 4.15802 -4.438524 -4.230269 3.0635 -5.017764 1.300982 -0.9807109 1.346663 2.991565 -1.947351 0.96205 1.041822 -1.471625 0.3184651 -0.8473731 1.320798 -2.127728 -0.0309156 2.024659 0.8142605 2.127059 0.6842603 2.888497 0.6528123 -2.889612 1.576979 -0.1406103 -1.010484 -0.4570117 -2.719978 -1.10915 -0.0751834 0.9870515 -3.591566 2.55649 2.446164 -0.8971644 0.3059156 3.248481 -0.566893 1.071724 0.2650142 2.831761 -2.803577 1.188212 -1.459066 2.068842 -0.08736357 1.923677 0.9251835 2.540642 -1.883811 4.126659 0.4968431 2.000692 0.2901916 2.994339 -0.4226087 2.521627 0.4755288 -2.175477 0.7635661 1.904516 -2.540916 3.759123 3.698603 -2.324989 4.358364 2.123965 -3.132664 1.248685 1.31598 1.449746 2.614794 -1.048225 1.450392 -2.557878 -3.82215 2.73791 -4.554766 0.3155784 0.1920244 1.07554 0.09030543 0.3441639 0.9710504 0.1964109 0.7220441 1.36761 -3.508146 4.188619 -5.441901 1.633373 1.735478 2.41622 -0.005470063 2.6487 -1.952543 -0.1148967 0.310024 0.5249694 -1.635651 -1.838133 0.3288831 -1.494741 -1.286364 -0.8011092 0.2188699 2.035291 0.06979132 3.112254 0.6110826 1.896575 -3.335981 4.147921 -5.36805 -0.6817477 3.414438 -2.9942 2.987061 -0.4467565 0.6171817 2.862763 -2.164499 0.8709116 -2.930872 -0.5227805 0.1986724 2.035284 -3.089015 4.249307 0.8536029 -1.627591 2.241882 -0.6346262 1.661528 -0.4810983 -2.588125 0.2545557 0.4483347 -3.26944 4.507173 -5.100334 0.9404949 -0.7324079 0.7572695 -0.6574141 -2.337491 0.9823256 2.375368 -2.597436 5.138344 -1.195203 -1.538157 2.145872 -0.8154133 1.330423 -3.893511 1.345812 1.460763 2.611753 0.2326682 -2.075212 2.047079 3.204467 -3.243144 3.18732 -3.457496 3.01371 -5.151929 2.911351 -1.875019 0.5282349 0.8645389 -3.749645 0.1082883 0.3229275 -0.327936 0.01382722 1.696265 -3.239976 3.578564 2.783719 -3.262266 1.957871 1.169274 -0.8381735 1.593215 2.179263 1.493316 2.06704 -4.623586 3.139239 -4.396664 0.1520782 0.5608962 -0.4574462 0.5912977 -2.5128 1.165087 -0.1676826 -1.797711 0.1735989 3.26648 -0.974436 1.757995 1.063493 1.506407 -1.044254 1.450425 -1.565045 0.02204378 0.2222606 1.214602 1.900223 2.126572 -3.124125 0.3054289 2.17844 1.273856 1.623727 -0.3419275 0.09880525 2.449562 3.057656 -0.9730241 0.5525515 0.2773587 -0.9439563 -0.1609775 -1.743842 3.883581 -3.395035 -0.5678912 0.4783899 2.246833 0.990938 -4.506973 2.039361 -3.000208 4.542987 -3.96029 1.145271 1.098989 2.778901 -0.4116943 1.391133 0.09205596 0.0142214 2.595568 -3.864845 1.143642 -0.83971 1.816282 -0.3108883 0.9629306 -0.3974463 0.7100381 1.886173 0.2590833 -0.518963 0.7496156 1.388655 -0.4427959 0.6633824 -2.064722 3.180781 0.1083902 1.207122 1.544683 2.129829 2.096641 0.6717657 2.106331 0.8971889 3.373469 -0.0343552 1.685772 0.8860115 -0.6306179 0.789877 -0.9297192 3.198126 -4.357419 -0.2442115 2.188445 -1.040987 -2.76636 -0.5633354 1.38962 -0.9187019 -1.362727 -0.7014371 -0.3151661 0.6365507 1.377275 -0.07613031 1.234559 1.206411 -2.666006 3.066879 -5.121096 0.5253555 -3.437963 0.2345492 0.478638 -2.202159 0.8292891 1.002426 1.658334 -1.086448 -0.1836888 1.957716 0.484118 3.006217 -3.538397 3.919663 -0.5131933 0.2470674 0.1947727 -3.508523 3.40129 -5.384799 2.872898 -1.687596 4.363194 0.864216 -4.243365 0.3056743 -0.2878249 1.576791 -3.975671 -1.882303 -0.5870873 -0.7549964 2.018403 -2.782308 1.567725 0.9324791 1.693476 -2.090133 -4.366418 3.991305 -3.585645 2.105322 0.02077952 1.041764 0.9563584 -3.681745 0.06359997 2.880393 -1.480049 1.971196 -0.5754432 1.841499 -1.369717 2.978006 -1.652975 1.717975 1.002332 1.630678 -0.9094056 1.990849 -3.471171 3.858707 0.436716 2.548577 -2.202512 0.4762866 -0.7264454 2.376404 0.9310464 -2.759763 0.01153307 1.676789 -2.885612 2.958678 -3.596512 2.705369 -3.811923 0.9677075 0.640944 -1.17677 -2.910939 3.203092 -5.211805 -0.02531909 1.019131 0.9177438 -0.4801906 0.49727 0.5961615 -2.517344 -0.2929633 -0.1666097 0.2377674 -3.602355 1.443492 2.66035 -3.070545 1.938721 1.085935 1.331269 -1.312073 2.384605 -1.665305 0.07089096 2.670294 -1.051468 2.46966 2.29192 -1.676791 2.11199 0.5173685 0.3222579 -1.808955 -1.335305 1.577527 -4.103891 2.505522 -0.7170704 0.3616435 -0.4556703 0.7764682 -1.651886 -0.1962453 0.7902538 -2.973959 -0.5683333 -0.009578779 -0.246335 1.278263 -4.668144 1.958851 -4.029748 4.662732 -3.783689 1.098691 1.508596 -0.1151206 -2.536765 3.748558 -3.1429 1.86696 -4.312685 0.9996224 1.830193 -3.058653 2.259317 0.2504791 -3.247279 0.834377 -2.59329 3.313594 -2.984891 0.9173862 2.089725 2.018365 3.253821 -3.334272 3.881846 -0.904281 -2.314793 1.373565 1.611974 -2.085197 1.679546 1.265087 0.9773069 0.218788 -0.6137374 1.401854 -0.4618012 -1.822878 1.789042 -3.469902 -1.54827 -2.063971 1.13075 1.329893 -2.25058 1.655192 -2.280761 3.465172 -5.036031 -0.2646391 2.30636 -4.152961 0.1277861 0.5808017 -0.2918834 -2.163017 -1.708166 0.9151523 3.146273 -1.08497 0.6716099 -1.578292 -1.629736 1.796349 0.6849399 2.070521 -1.085113 -0.6830127 1.899229 -4.313099 2.08326 -1.264682 2.52731 2.232409 0.9478652 2.706635 3.101233 -3.301992 4.510524 0.4129333 0.08959609 1.349959 1.267533 1.532795 0.5329359 -1.694839 -1.626945 -0.2450633 -2.146885 3.889943 -3.291245 1.840842 -1.637595 -0.06950541 -4.290056 4.183609 -3.581755 2.741405 -3.681512 2.009249 0.8235114 -0.8727174 2.201318 1.900547 1.553409 1.294177 3.105998 0.4421749 1.500316 -1.014105 2.071347 -4.486548 0.4051609 0.08938038 1.403684 0.6279381 1.945919 0.3266655 0.217377 -2.213524 1.7606 -3.412663 3.428636 -3.252438 1.913822 -3.169969 1.575069 1.364097 0.3351685 1.098745 1.254253 -1.05416 1.883185 0.7336648 2.142109 1.725199 0.8511218 0.6951777 -1.990113 -0.7143033 1.749864 -4.249215 -3.045107 -0.5869901 0.9741162 -2.642893 2.125743 -3.835435 -3.306046 2.466039 -4.306858 2.943548 -2.811409 2.653201 0.9003212 0.5606139 -1.475964 -1.206786 3.295877 -4.507178 -1.937743 -0.7036802 2.322631 2.267745 -1.722671 2.081076 -2.733974 3.915713 -5.131461 2.103092 1.576614 2.267224 -1.823396 0.5510664 0.4140328 -1.574914 -2.04419 1.247417 -2.645406 2.595409 -3.114732 -0.2953248 -0.6148165 -0.4815342 -4.29834 3.030317 -4.116563 1.339215 -3.264658 2.845773 0.6263806 -4.031621 2.102934 1.069909 0.5740717 2.739392 -0.9334653 0.9877235 1.611762 0.806855 1.81107 0.02399145 0.6499465 -3.197041 1.76025 0.9806789 0.9142227 2.702324 0.9014965 -0.6350567 0.8303299 -0.1971531 2.224542 -1.127058 -2.328112 -0.2206107 2.054878 -1.550017 1.640605 -4.08676 3.310198 -1.839621 4.230783 -0.1986474 -2.378673 1.482611 -0.6056707 1.342927 -3.906612 1.264452 1.044478 0.1291348 1.640535 -0.944245 1.594402 2.758964 -1.404471 2.119496 0.9546198 0.6423931 -0.6976014 1.215505 1.099587 -0.2582075 1.153841 1.30631 2.675063 -1.374744 1.46891 -3.664701 0.8770294 -4.137791 0.2426694 3.290788 -2.008617 3.998922 0.1366795 2.550478 -1.846746 0.7198397 -2.980832 0.1839665 -0.2124161 1.546588 0.992789 2.595295 0.7870796 1.522371 2.77244 -1.533306 0.2665154 -1.087027 1.375288 -3.867421 2.029628 1.136279 2.691264 1.352255 -1.90957 -0.05751707 -2.6678 -0.9482411 1.346608 0.9419968 1.728693 -1.889183 -1.327445 0.8128042 0.9410668 -0.929584 1.155802 -3.346242 -1.105156 2.72655 -4.605887 2.850548 -1.202899 0.3311116 0.6244345 1.91812 -0.04016763 0.4494471 1.69245 -3.334245 -0.2268389 0.895236 -0.1536796 2.290746 -2.435985 2.955976 0.6729515 0.2134773 1.598206 1.782012 -0.6984509 2.7661 -0.4313559 1.121909 -0.5621151 -2.345459 -1.117759 -0.5244241 2.586096 -2.140452 3.473544 -1.153364 2.408367 -2.320187 0.1994061 0.722859 0.2002244 -1.899891 -0.08590364 -0.307527 2.009681 -2.54818 3.077724 1.467273 -0.5340763 1.613652 -2.179575 -0.3329636 -0.4592274 -0.6840074 -2.371195 1.118876 -0.5020058 1.991703 -0.6000162 2.082212 -2.045977 -0.04288483 1.021756 -0.6741375 1.552422 1.973931 -0.5700336 0.7208053 0.7793818 0.5367969 -0.3960199 -0.8847398 3.594293 -3.205771 -3.594059 2.945723 -5.072998 1.304339 -2.182956 -0.08774533 2.634271 -2.9794 2.04464 0.6689429 1.983896 -2.835874 -2.387288 4.232459 -4.54509 1.090304 -3.687459 2.709086 -0.2486927 -0.07372806 -0.1630797 1.073883 -4.641085 0.6129915 -1.758507 3.077951 -2.788291 1.433732 -3.781714 0.08302297 -1.048303 0.8278014 1.057795 0.0007489617 0.6640718 -0.2393421 -2.056842 0.2249515 0.1559227 2.693133 0.9328528 2.365667 2.896578 -3.26279 2.210153 2.198496 -0.8699447 2.774107 2.756602 0.707839 1.518053 2.845935 -2.166609 1.30755 1.169251 0.4846047 2.822561 -0.1061084 2.796536 -3.88196 1.646214 2.099716 1.673663 3.148894 -3.308317 3.097528 -0.361886 2.218147 -4.214171 0.8118299 1.708103 -2.564161 -2.539139 -1.444631 0.7809355 3.028914 -2.165148 3.577578 -0.8309062 0.8858743 1.95517 1.309112 -4.187515 2.688814 -1.296485 1.594155 -2.959822 2.28041 -4.031651 3.335401 -0.6767541 0.8871394 1.613995 0.6077995 -3.703752 2.075336 -0.8119571 3.455729 -3.925964 2.445859 -1.79423 0.09084873 3.309077 -3.247973 4.170426 0.7583337 -2.935485 0.1551239 -0.03271268 -1.151026 -0.3333643 -2.575899 -0.3915788 1.80414 2.507642 0.02297026 0.8632147 0.1602272 0.2974528 1.576644 -0.2175773 0.9044793 -0.6674653 2.690671 0.8867494 2.444801 3.249533 0.3340656 1.670945 2.376862 -4.270315 2.388338 -1.164744 0.5904297 0.4694145 2.55685 -2.922684 2.077498 1.951783 0.1066091 3.010947 0.8818794 -2.427097 1.50487 -2.072044 -1.423633 -0.3979718 0.4265168 2.171345 -3.35832 -0.978705 1.228727 -3.059787 -1.607887 0.5200267 2.118508 -2.878342 -0.8238115 0.02862534 -2.82678 -0.07335845 0.3315528 -0.4293847 0.7599567 -2.636412 0.4092591 0.2920767 -1.744306 0.08007057 2.54586 -3.795977 -4.062809 4.254755 -3.554212 -1.576205 0.7756848 1.951899 -1.186987 2.995217 -4.594686 -1.958794 2.26575 -4.657158 0.2127659 -3.813435 1.395675 1.61293 -3.027871 2.552127 -0.1898371 -1.92744 0.3329008 -2.692342 3.425731 -5.194647 2.277967 -4.064559 3.295441 1.629569 -3.611975 3.275171 2.3472 -4.266559 2.273246 0.4535667 -0.6841677 2.367858 2.366784 -1.123583 0.2036346 -0.8926621 3.521779 -3.047416 -0.3188512 0.5812048 1.107782 2.087939 -3.748193 1.174563 2.516012 -3.084969 4.836968 3.010989 0.6809631 2.088127 -0.9167466 3.469033 -2.969386 0.8285796 0.5187356 -0.8480443 0.0388222 0.9946195 1.368369 0.9477596 1.843594 2.291264 1.658259 -4.68421 1.274936 0.8112755 1.919462 -1.031823 1.965647 1.056641 1.058318 0.2675032 0.5021924 -0.6750286 2.907248 -2.031517 1.408828 0.2379518 0.6754088 1.269599 -1.016125 -2.249295 1.478675 -4.028135 2.909816 -4.838799 0.5837942 1.115083 2.327105 2.157353 -2.713458 4.677659 -1.850471 0.7942531 1.546148 0.6901692 -4.212391 0.362085 2.282341 -3.889715 1.589973 -1.228689 3.506636 -4.360079 0.7800093 0.1001362 1.752295 1.15136 -2.261218 -0.01289112 -1.386246 -0.3667491 -0.764897 -2.772641 -0.2785643 1.371129 -1.424493 3.677471 -4.32169 -0.175856 1.579291 -3.915453 2.161893 -0.66857 0.4050033 0.2511216 0.2923719 -1.780445 1.786687 -1.274894 2.140499 -2.012442 -0.3351671 -0.5470054 -2.587946 3.465873 -5.158998 0.4629993 -2.77911 1.295321 0.5622577 1.93516 1.934485 0.1394463 0.4425573 -1.415962 1.345113 -2.768334 1.656884 -0.3564922 0.654846 1.782249 -4.317332 3.111374 -3.990707 3.11046 -0.1920915 2.363871 -2.58795 -1.46471 0.3871993 -1.532766 3.839898 -4.134877 3.218373 0.1654597 2.059448 -2.905793 2.446396 -3.434754 -2.990021 -0.9894719 0.7203932 -2.209559 -0.148285 -0.2553313 2.26174 -0.9949253 2.696882 3.316039 -0.9760556 1.452024 0.4389734 -2.77648 0.8632966 -1.601834 3.916111 -3.604396 -0.8332213 -1.936483 0.1551826 0.8112863 -3.091468 1.789669 0.7237982 2.09438 -2.608862 2.186832 -0.3017617 0.6793782 -1.365476 -2.01497 0.5585042 0.4119653 0.05262679 1.514747 -3.469765 2.883589 -3.479932 -2.573282 -1.476389 0.4399861 1.231 -3.712143 0.02049337 1.58709 0.9396566 0.7410299 -0.6360767 0.3775719 2.382949 -2.048753 4.033252 -3.550916 0.7260888 0.4542767 0.8794324 1.882371 -0.272011 2.935133 3.236177 -1.386385 1.241058 3.125824 0.200354 1.190329 2.932181 -1.495103 0.3957337 -0.6106498 1.494386 -0.3724434 2.524367 0.5692253 1.221062 0.1359338 0.603615 -2.685012 -1.654331 3.053591 -4.801362 -2.818686 4.501201 -4.054736 1.991839 -3.595217 0.6348613 0.5029312 -0.0989268 0.6827323 -1.421648 0.8930843 1.245016 1.392653 -2.363827 -0.1260332 0.1503635 2.867954 -3.352203 1.873609 1.629228 2.434846 1.012371 0.6094574 0.2713098 -0.4241277 0.7333558 -1.663077 -2.143712 -1.165765 -0.6280884 1.798378 -0.2251548 1.247669 0.4932447 2.487427 -2.746189 0.2439399 -0.9158296 2.549067 -0.4091218 1.211097 -0.8429293 -3.159562 2.797211 -3.321386 0.1017447 0.8614402 1.262157 -0.5618513 1.429147 -0.8988686 0.06764808 -1.456995 2.501795 -1.226842 2.686352 -4.64741 -3.108006 -0.523188 0.5825193 1.916711 -2.465868 -0.1145618 0.956736 -1.856647 0.3236411 -2.296985 -1.439146 1.447703 1.123791 2.078914 2.145127 2.088832 -2.280668 4.084558 2.272916 0.01772132 0.9567111 0.8696036 0.338453 1.133943 2.174397 -2.166758 4.264764 1.255166 0.9929262 0.1238115 0.3566355 -2.822429 1.051412 1.091693 0.1027995 2.547423 -0.9336804 -2.129654 0.5280324 2.209591 0.9307142 1.389887 -0.7993851 2.765951 -2.335174 3.241505 -2.992929 3.194919 -0.001112296 -0.2451754 2.408535 0.4871956 -2.277624 1.190614 -3.997692 3.613788 -3.467765 3.196221 -1.507814 1.245179 2.582207 -3.000059 5.001904 -1.728593 3.092033 -2.792045 0.7234768 1.275923 2.397672 2.178613 -1.580351 0.01551665 -0.337951 0.742155 -1.51771 1.931204 -3.857576 0.745195 -0.329416 -1.395635 -0.3769214 -0.6743956 2.825655 -2.305013 1.342472 -3.480877 2.955996 2.539617 -1.776807 4.493049 -0.06140189 0.2201915 2.040779 -0.6094669 1.870711 -1.583573 2.095769 -2.704071 -0.01874024 -1.125271 1.397606 -2.909976 -2.223685 3.973341 -3.374564 0.7060171 -0.4080344 1.876866 -1.311978 1.594843 -2.997331 0.2896799 0.2225038 1.383834 -0.725373 2.282655 -1.991005 0.1241517 0.3765246 1.18618 2.149248 -1.850812 2.002409 1.892094 -2.228673 -0.1145622 1.934881 -4.521863 2.028388 3.028772 -2.664438 2.992478 2.090487 -4.391054 2.037684 2.574618 0.8347774 2.603897 -1.190342 0.9276628 1.925249 0.2097055 0.9273162 -3.121102 -1.947455 3.757836 -3.182902 1.651392 -0.987643 0.9270925 0.3947577 -2.787445 0.9443305 2.990138 -1.959879 1.167781 0.1487494 1.468737 -3.583353 2.850724 -1.195318 2.187741 -1.131142 1.745512 -2.376408 0.6204425 -1.8499 2.226454 -0.3662771 1.354679 0.4065088 -0.09849966 0.3717368 0.7138849 1.938069 -4.100685 0.9782 -1.861178 3.055524 -2.784574 -2.34223 3.345488 -2.944655 -3.103895 3.448874 -3.147432 1.157966 -1.400442 2.101465 -4.265723 3.000125 -4.137963 2.193826 0.3952314 1.037764 3.203454 -0.7684504 2.028454 -1.212687 2.307729 -2.315373 0.1488724 1.2812 -3.464501 2.992038 -2.85743 2.707065 -1.123026 1.392376 -2.918871 0.806104 -4.744114 1.422348 -0.4971143 -2.319573 1.552916 0.9401574 0.2365366 2.453869 2.678237 -2.939105 5.159021 1.856694 -0.8105301 0.6960543 3.348213 -0.7999939 1.431485 1.434209 -1.356576 0.2040106 2.917476 -0.5148315 0.5431802 -0.0968451 0.5237929 1.50228 3.228259 0.3872212 1.796707 0.9622355 -4.82613 1.315283 0.6007478 -0.1653919 1.219713 0.5436227 -1.941032 2.191347 1.037191 -3.810645 0.07930894 0.7150279 1.887938 -0.2610538 1.202037 -3.232049 2.507545 2.337587 -4.147574 2.026038 0.9894571 0.5823405 0.3763509 2.834319 -0.8926636 2.439147 2.504709 -1.806868 4.469182 2.915097 -3.622445 2.629585 -1.845537 -0.03656759 -0.2399874 -0.9465733 -2.253851 0.8962398 0.9963335 1.615564 -0.6834337 -0.267802 0.5779065 -2.412656 3.313691 0.1043164 1.497638 2.858349 0.7636578 2.288849 1.422871 -3.559047 3.041728 -1.615688 3.794626 -4.360569 1.01996 -4.504557 2.075473 2.154555 -3.006956 0.2300702 -2.510933 -0.473292 1.918611 -1.803152 1.734493 -3.641417 -0.5724658 2.863058 -4.236163 3.141156 -1.045861 1.901628 1.149399 -1.690055 0.2573212 -1.89098 -1.479512 -0.442623 2.2904 -1.991622 0.03928415 2.706155 -1.010086 2.472114 -1.915618 -0.1115981 2.269861 2.92042 -0.6421171 2.511178 -3.521821 2.566654 -4.134923 1.54041 1.852934 2.345937 -0.3114649 3.273737 -2.987109 0.9537589 1.555497 -2.103528 -0.8420751 2.506098 -4.520462 -0.4279894 -2.113589 0.5239878 1.279914 -4.825037 1.296668 -1.326338 3.757245 -3.330919 -2.831687 -1.084987 0.07240496 1.603415 -3.514698 3.318166 -1.05974 3.575425 -3.070651 0.9736926 1.674347 -1.641752 0.4483858 2.065517 -0.3697993 0.08490139 2.501979 -3.815125 -1.791769 -0.1830231 -0.4991881 -2.063075 -1.760718 0.6672819 -2.352024 1.975892 -3.956496 0.1647771 -0.8039299 -0.2587124 -4.628606 3.281666 -4.079271 -2.513603 0.3757893 0.6585947 2.84303 0.7384815 1.60974 2.276912 -2.936149 0.3909982 2.128688 -3.049554 1.888369 2.149982 0.6019573 1.062059 1.695104 -3.69698 0.2041603 -0.6120262 0.801918 1.384165 -1.462427 -1.146537 2.323665 -2.567742 0.318298 1.0112 0.4421159 2.129293 0.8127035 -0.8104001 1.560662 -1.852888 3.245159 0.2340098 1.479088 -2.885521 2.76093 -3.168936 2.317089 -4.310689 2.323682 -0.522241 1.993746 -1.414453 0.7037693 -0.335039 1.162403 1.854203 -0.592348 2.830523 1.986167 -2.501601 4.146792 0.4755537 1.104317 -3.011642 0.4403947 0.5109387 1.261594 1.25873 -3.197804 2.09319 2.917022 -0.3502945 0.6155826 1.085923 -1.63129 2.122307 3.031368 -1.049364 0.5079615 0.3954448 -4.04965 1.775591 0.6109519 -0.187689 1.553102 3.3019 -0.9091847 1.243024 3.243481 -3.34393 3.903349 0.1659427 -2.204052 1.802132 -0.6750941 -2.090938 1.753047 -1.441807 3.863089 -3.731846 -2.025714 -1.750378 0.4601406 -0.3042433 1.465064 0.7518355 1.004284 -0.7968616 0.8030332 2.900051 0.8365294 2.014025 2.159043 -1.926023 1.978767 1.743192 -1.196157 2.404373 0.2476439 -3.84622 0.6693691 0.921947 0.09120394 1.515693 1.72813 -0.4511513 2.839566 0.3785571 -0.1406939 0.2504097 2.178205 1.357396 1.730022 1.543906 -4.636325 2.181056 1.161501 1.361701 -0.381965 2.263446 0.3992918 2.925586 -2.646716 -0.5794352 1.600044 0.3900755 0.68358 1.987068 0.2419136 2.619903 -2.024388 2.269429 -0.6181972 2.891618 0.4351876 1.592794 -3.308757 2.643839 -3.203073 4.75823 3.288843 -0.1318806 2.010331 0.36108 2.656018 -2.445236 1.061222 1.228124 -1.531652 2.502098 -2.983824 1.94853 2.509422 -4.095386 2.215124 2.037087 -3.268753 4.108646 -0.0880453 1.149298 1.021194 0.6414703 -0.3907177 0.4681824 0.2017695 2.12565 0.8128934 2.597822 -2.286793 3.19014 1.42527 0.6071571 2.984424 -0.6625405 2.00844 -4.343602 -1.36485 3.528994 -3.009456 -1.576473 -1.692424 -0.1876812 0.6739025 -4.625811 0.7460405 0.4906118 0.561793 0.1054501 0.3569446 0.6400606 -2.683658 -0.629443 0.8507767 1.517013 2.623482 -1.905906 0.2032278 -0.298334 2.935589 -3.993119 -1.983506 -1.752723 1.375778 0.3411011 -1.529171 2.458995 1.056785 -0.03587052 2.406893 0.9048677 1.751085 0.1536694 3.303376 -0.4628724 1.986871 -0.2222897 2.121539 -0.4996092 0.9353656 0.6033084 -0.05418885 -3.449616 3.170986 -3.316079 2.699069 -3.811679 2.093223 -2.673614 3.627418 -5.178554 0.7929654 -4.103013 2.252127 2.457435 -2.850239 2.149615 1.568185 -1.0038 2.398924 3.106347 -1.169942 1.857469 2.170341 -3.033983 4.497326 2.943319 -2.404351 3.196491 -3.195263 3.063641 -3.220225 0.5356625 2.199513 -1.119867 2.408161 -4.244661 2.403807 0.4933047 -0.4649368 0.1430824 -2.007071 2.560265 -4.819536 1.158003 -3.349151 -0.09438537 2.550117 -3.870406 3.54921 2.889367 -3.55697 2.305228 -0.1879383 -0.9786943 2.638992 -0.2052393 0.5036594 -2.303918 -2.701529 2.380055 -3.336448 2.892282 -1.744399 4.236435 2.065551 -4.08816 3.203141 0.05763961 1.286885 -3.563148 1.664365 -0.2965367 1.36051 1.027079 1.578653 -1.390754 1.48529 -3.134391 2.237102 0.1413291 0.5692032 -0.3834285 -0.6022658 1.872946 -0.7045543 1.639299 -4.709054 1.611874 -0.9540891 1.514121 -4.102582 -1.470825 3.277838 -4.666486 2.319854 -2.663192 2.469942 -3.232728 3.531579 -3.193117 -0.6992357 2.126257 -4.397157 1.873497 -0.692717 0.9256524 -3.072999 4.073487 -5.25493 -0.7799568 1.192689 -1.989329 1.534989 1.955927 1.372152 1.208545 0.4363708 0.9204628 2.616838 -1.70909 4.561709 1.716001 -3.316046 -0.04773606 1.791278 -0.9196146 0.5907959 3.234886 -0.8168723 1.950581 0.7175797 -3.727038 2.205225 3.16491 -2.484175 3.348433 -1.059988 2.112778 -4.513038 -0.8810208 0.3812867 2.431922 -1.802447 3.413473 -2.952065 -0.1625661 0.4681244 -2.26613 3.106971 -1.678193 0.8555863 0.02742749 2.846575 -3.629847 -0.7554696 2.764534 -4.414186 2.572893 -0.91194 2.637587 1.185229 -0.3109965 1.891529 1.180554 1.123617 -0.4870683 -2.622953 -1.208748 1.151743 2.282103 -2.747396 1.512063 -3.594594 4.59452 -5.285264 1.834089 0.4463213 1.011547 1.990917 1.574714 1.474817 2.753939 -1.491156 0.25387 0.1695711 2.05201 -0.1440236 1.116323 0.6701572 0.3651731 -0.8093901 -0.09161894 -0.4576854 -1.676085 3.804676 -3.278243 2.684423 0.1151996 2.869443 -1.497141 -1.494326 -0.6359257 2.271299 -0.8540868 0.3156216 -0.4207297 1.647496 -0.0392743 1.94081 -1.663637 -0.05038601 -2.297174 1.955419 -3.750005 0.9953113 0.5027025 0.647297 -1.396193 -0.4360897 2.594002 1.108356 -4.285537 2.469734 -3.061663 -0.3881708 0.9431034 1.236741 -0.09423671 2.610173 -1.273641 1.588837 -2.908744 -2.792631 0.1162001 0.4804191 2.595367 -2.477855 1.360602 0.1067873 2.944972 -2.708633 1.944881 -2.471701 3.500307 2.639496 -2.463058 1.219811 -0.7298648 2.050531 -1.876266 1.440173 1.667186 2.461525 1.09896 -1.890665 0.2571637 0.1128113 0.5987412 -2.676425 -0.6435166 0.9236259 -2.306743 -0.264356 -0.05167235 -0.1460487 2.224562 -3.140338 4.473163 -2.827484 -0.4084917 1.323394 -0.0329532 1.130665 1.2446 0.2765228 1.945777 -3.636729 -2.849643 0.04180582 0.4628828 2.020813 -2.399047 3.463123 -1.058653 -0.6654033 -0.8296292 -0.582713 0.9890048 -3.171966 2.251883 -2.609385 0.09016808 3.537603 -2.355602 4.022891 3.360832 -0.56033 1.822536 0.3057052 2.111374 -0.365091 -1.283273 3.776645 -3.778547 1.870192 -0.9972914 2.663946 -2.793225 2.27107 -3.605352 0.4683938 0.455282 1.854745 1.558341 -2.81705 1.586979 0.3098509 1.831473 -3.5629 -0.1382267 -2.115265 0.6130559 0.02527373 2.08775 0.6264976 2.314272 -3.548714 4.055006 1.084975 1.932116 2.283232 -1.633911 -0.7904643 -0.8561571 0.7211189 -4.120646 0.3015872 3.200057 0.1078741 1.241307 1.818935 -3.656768 0.318105 -0.879346 -2.173102 1.61212 -1.992812 2.168167 -3.02218 -0.2649327 0.2801967 0.3388303 1.500042 -0.6039137 1.625662 -0.401178 -0.6000167 2.718052 -4.31121 3.980846 -3.565749 1.133754 -2.774281 1.697739 0.9360119 0.8608599 -1.970541 2.201197 -2.157771 4.527028 2.090431 -3.124232 4.308165 2.70455 -1.804839 4.174624 0.6938676 0.2660333 2.097832 -1.241095 3.540351 -3.013459 2.239297 -2.266519 1.84956 0.7074186 2.162842 -1.625116 -0.4831209 0.7306462 1.833738 3.076148 0.6755508 1.837942 1.351778 1.119112 0.4533276 0.765812 0.5388647 -0.2903753 1.840422 -2.784538 1.556449 0.3210526 -3.684427 1.664834 -2.525221 -1.155888 -0.3003866 1.909042 -4.585438 2.402589 -3.380105 4.81355 -4.480249 -2.486761 2.637406 -2.999899 -4.023256 4.177537 -3.520798 -1.571287 -1.646304 -0.3014502 2.28928 -3.862484 1.575209 0.1973841 -3.719535 1.009486 -0.1697745 0.435441 -2.086543 0.8694031 0.9954737 2.593503 0.8842106 -3.518391 2.322512 -2.084412 4.122992 -3.759152 -1.948097 3.147793 -4.930748 -2.823517 -0.9602962 -0.02200864 2.73179 0.9498501 2.189036 3.154558 -3.374489 4.179579 3.053222 -3.377174 2.896241 -0.6402756 1.725644 -0.6160728 1.296627 -4.390452 0.4358393 1.206928 -2.380265 -0.07889173 0.05456709 2.080939 0.7793979 2.601655 -2.398006 2.984664 1.784521 -3.215927 1.732431 0.9467849 1.678674 -0.1309191 0.6009002 0.4166534 -0.9933446 -2.320817 2.079234 -3.398554 2.797043 -2.194855 0.6330701 -2.398187 0.1898444 0.2504022 -0.3274689 1.152099 -0.951263 -1.489033 0.7279215 0.7270172 3.099545 -3.342747 2.994066 2.546154 -3.84442 3.600821 2.058554 -3.223788 4.179273 2.815585 -0.9488179 2.417389 2.882674 0.457521 2.592126 2.066977 -3.338407 0.4754801 2.872692 0.139924 0.9318742 1.196689 -2.322664 -0.06584899 -0.8286373 -1.00042 -0.7824341 0.1966413 -3.916052 1.224348 2.404257 0.01833949 2.941319 -0.3063669 -1.784428 0.08221722 -1.267699 -1.696339 -0.3494307 -3.768437 3.088068 -5.188558 0.4931579 2.1511 1.04768 1.622268 -4.337135 2.738652 0.1832149 -1.911662 0.4754612 3.372645 -0.69848 1.665425 -0.6287346 -1.507843 -0.4400497 2.665356 -3.975093 2.764007 1.498011 -4.621963 2.231701 0.5162639 -0.2528686 1.91101 -1.400867 0.5769901 0.3835508 -0.769439 2.95065 -2.463739 0.7041354 1.903227 -2.771435 -1.876116 0.7859806 1.516595 2.591444 -2.558217 0.6091702 2.088868 -3.04775 1.929502 0.03691973 0.6516704 -0.6279918 -0.9757491 3.350393 -2.847304 2.317575 1.187706 1.738748 1.160977 1.284661 2.693256 -0.9101231 1.182211 -2.98612 1.497095 2.091323 2.165723 2.150029 1.5025 1.935506 -2.117353 4.0594 -4.520968 -2.382828 4.145245 -4.688188 0.8095484 -3.896657 2.33551 0.4540096 0.5699345 -2.509572 1.374711 -0.0001152308 1.361964 -0.5959801 1.671657 -1.189012 0.9725506 -4.5897 1.866955 1.97842 -2.311618 1.742727 1.177963 -4.741654 1.702866 1.716232 -2.638442 -0.1408301 -2.121071 0.64289 1.019401 2.780117 -2.980808 2.217533 -2.007513 2.892425 -2.754337 -2.371301 -1.465446 -0.00693582 2.789774 0.9029977 2.130132 -0.6971496 -1.685109 2.162505 -3.264737 2.717716 -4.886535 0.8550749 -4.024148 0.2002697 -0.01562588 2.847573 -2.318109 -1.08611 1.305417 -3.157714 2.330547 -0.5467671 0.427553 3.072867 -1.340261 0.55125 1.338103 -2.367886 1.62665 -1.530225 0.6149879 0.4472926 1.270325 0.9692019 2.86102 1.084092 1.428477 -1.04959 -2.425253 4.060435 -3.426419 0.1673209 0.5840463 -0.9274323 0.3131623 0.3667991 -2.191517 -2.176515 4.163758 -4.370797 0.4370214 -1.159718 2.50147 -1.417856 0.4707027 2.242385 1.321538 0.01224975 2.786834 -1.321655 0.7747322 0.8366557 0.2526027 1.359093 1.927341 -0.285948 3.218966 -3.486521 -0.3756076 1.755874 -0.02661962 1.62105 -2.380721 1.616123 3.445014 -1.960981 4.212425 0.1437889 -2.203527 1.810024 -2.956297 3.779385 -5.276555 2.911254 -0.1065508 2.773587 3.292681 -1.003859 1.207446 1.488627 -1.967223 -0.1129244 3.03988 -1.390474 1.817023 -0.6377652 1.520196 -0.507102 2.467254 0.5161966 2.809111 2.953369 0.5130139 2.407245 2.671777 -1.297182 2.26723 2.459483 -3.303927 4.499096 -0.4773383 0.7740212 -2.550045 2.644024 -2.600942 2.575178 1.983529 -4.102652 3.131437 2.110579 -0.879768 2.760468 -2.868955 3.400434 -5.245188 1.34275 -4.458635 2.492254 2.051216 -2.908591 2.316689 0.4667587 2.527988 -2.271512 2.640471 -1.097563 2.458417 0.9010954 1.094799 2.604606 0.2272985 -0.003784032 1.947689 0.416827 -0.3238278 2.075985 1.608632 0.1347927 3.005911 0.34419 2.233944 -3.492316 -0.8636774 1.59749 -1.957201 3.30569 -3.26448 3.791657 1.963511 -2.843688 2.605085 1.669618 0.5188196 0.9664245 -1.20877 2.472816 -2.394445 0.6346017 -4.279748 1.930734 2.218333 -3.43601 4.135089 -3.606713 3.034685 -5.158228 -0.5747061 1.831361 -1.245836 -1.54169 -0.9913363 -0.8670526 2.102721 0.8740315 1.156391 -2.580933 4.072076 -4.941537 1.834247 -0.8520627 0.662621 1.243924 -4.57681 0.5845917 1.187157 -3.243341 2.506891 -0.9142828 1.426172 -2.243104 0.7061681 -4.501244 1.713223 -3.179154 4.582134 -4.911909 -1.654666 0.7419283 0.8260654 -2.181156 0.4761341 1.685419 -0.222358 0.4781488 0.8679801 0.8890055 1.765888 0.1832725 -1.936038 3.184632 -2.843017 -1.096971 -2.074679 1.622933 1.618269 1.355244 0.8709828 3.255498 -0.4545143 2.075202 2.925622 -1.936945 0.6269587 0.9098216 0.7082456 -1.833243 0.1682231 0.5821612 -0.8868294 0.5237313 -2.902882 1.493646 -2.946998 2.288576 -4.198552 2.046021 1.136854 1.239022 -1.05364 3.570787 -4.011562 1.21976 -3.245237 2.578655 -1.291695 3.330294 -2.855515 -0.7041876 0.8655528 1.416412 0.4003358 -2.995721 1.423958 -3.258352 4.710894 -4.16441 2.216282 -3.003586 1.152989 2.054377 1.688087 1.972975 -0.7168073 -1.235851 2.468263 0.1063928 0.8548189 1.273368 3.289315 -3.106294 4.83385 1.716165 0.1746819 1.12572 0.9475317 0.7304717 -1.74199 -2.834894 -0.0183334 1.123105 2.368154 -2.020772 3.985793 -1.299837 3.251459 -4.581019 3.080623 -1.672596 1.461375 0.3906444 2.30734 -3.360804 0.4688199 2.214825 -0.978191 -0.05973846 -0.8468402 -0.4109171 0.4750575 0.8778172 2.218037 1.802179 -2.863669 3.795771 -0.8463812 -1.499165 2.287043 1.225769 1.431387 2.599242 0.7408856 0.617496 -2.155236 -0.1237719 0.9321724 0.2581719 -3.145139 2.373963 -4.060602 -0.9733878 1.186828 -3.277488 1.094463 -0.8130158 1.015635 -2.791772 2.446441 -4.677987 -0.2450551 2.248025 -1.319587 -3.395344 2.5021 -4.247826 2.848916 -0.7100483 2.542897 2.086734 -4.210513 1.639406 0.3360322 -4.018046 0.5779603 -2.839389 -0.01861056 1.116772 -0.2060156 1.932387 0.4325528 2.130859 -3.632722 3.8057 -0.3611855 3.166558 -3.752526 -1.621275 0.4276782 0.175558 0.131896 0.6175675 -1.028417 -0.1471195 -0.1332853 2.450524 -1.939632 -1.548936 1.743918 0.510605 0.5337227 0.977888 -0.1262257 1.515065 -3.852769 3.326145 -3.161486 3.560736 -3.147974 2.886388 -3.263723 0.3301622 0.4471221 -1.158335 0.8252873 -3.566437 2.263635 1.837702 -2.766759 3.852463 -2.005188 2.228889 -2.972589 -3.022016 4.052531 -5.235539 -2.530033 -0.07284638 1.728245 0.9158831 0.6094967 -0.3273082 3.045336 -2.258326 3.46787 -0.6547877 3.294419 -2.83706 -1.230804 -1.160629 2.384987 -1.406941 3.79286 -3.361064 1.357097 -0.9972166 1.029656 -2.844357 3.401253 -5.238538 -0.3081686 1.845021 5.755699e-05 -0.2362818 1.855157 0.6383374 0.2445485 -1.213634 -0.07860197 -0.1057329 1.780448 1.073442 -1.984312 -1.578961 1.68428 -0.01768677 2.909988 -3.622344 -0.4011594 -2.281322 1.644637 2.857289 -2.609262 2.807982 -0.8695026 3.179931 -2.710637 -2.604365 2.178325 -4.315495 -2.56602 -1.141263 -0.2599013 2.182233 -2.169033 3.997573 1.879896 -4.463824 1.361233 2.575595 -3.98707 2.128614 -0.8060924 -0.5893157 -0.691878 -0.5330818 1.095611 -1.481456 2.262587 -2.742507 4.855656 1.526859 2.115438 2.12851 -0.7714446 -0.3611276 2.701802 1.226083 0.385486 1.020951 -0.7425312 0.8015695 1.212989 -1.517834 3.853966 -4.049997 3.510918 -2.569086 3.88472 0.8064598 0.5422631 -0.4899696 0.4499967 1.786713 -3.359241 -0.7744371 3.562213 -3.423295 0.04469017 0.983936 1.379875 -0.7227648 2.788956 -4.379339 -2.924284 4.552526 -4.58804 3.43648 -3.012291 4.861693 0.7971156 0.7548426 -2.235662 -2.215038 0.3114907 0.2782601 -2.599286 4.364404 -4.551631 0.3204488 0.5027471 -0.3346984 1.971281 -3.027539 4.175926 -1.096896 -1.049497 -0.8541512 -2.218055 2.129327 -3.218248 0.867821 -2.425689 1.492899 -2.535439 3.891291 -3.242733 -3.461689 4.758288 -4.083714 1.789781 0.7766837 0.8757405 -0.1626614 -0.3948814 -0.3527644 0.8841849 -2.617126 1.520352 1.009081 -0.7119074 1.007418 -2.398038 -0.9847264 1.777223 -1.32918 -2.143421 1.383586 2.430812 -2.015515 3.887746 3.210115 -0.8612169 0.8260996 0.4204788 -2.832197 0.8127999 2.086661 -2.638097 2.785798 0.8699428 -4.629853 0.6272424 1.693001 0.4554834 1.003605 1.146682 -0.1970285 1.729003 -2.457813 -1.022196 -0.4886092 -1.764019 1.987342 -4.457398 3.243183 -2.818667 3.242288 -0.09367681 0.3684511 0.7119076 2.612736 -3.599711 4.060501 -0.5245851 -1.914346 0.1576058 3.698107 -2.738514 4.685392 3.174439 0.1404783 1.223015 0.2357218 0.5320147 -0.9253791 -1.333202 -0.2562563 -0.693354 1.085281 -1.47596 2.156144 -0.7004142 -1.886276 0.08341125 0.01181106 -2.084602 0.612888 3.200656 -1.507388 1.214449 2.399995 -2.822926 0.4986598 -0.2914245 -1.454101 2.435495 -0.4501083 -0.9970638 2.640362 2.60037 -0.2727765 2.914281 0.3145112 -3.605778 1.619596 1.650992 -4.68909 1.706702 1.844748 1.480749 1.180527 2.115922 1.548996 1.895485 1.818918 -1.276109 2.328062 1.821306 -4.579738 2.553669 2.748179 -2.320294 1.271661 0.5234104 0.3413082 -1.434546 0.2413784 -3.321258 1.304586 1.758277 -1.240106 2.21776 1.553989 1.257597 0.7460938 1.94023 -2.530323 3.967678 3.425954 -2.104449 4.044583 0.09913068 1.707697 1.493937 2.325056 -2.730619 0.2465058 3.084969 0.5531083 2.071944 -1.81739 0.5709555 0.4500045 -0.002978327 1.644743 1.368524 1.055869 -0.7316431 1.777614 -2.131596 -1.717079 1.027214 -0.7295091 -0.7279737 -0.6927905 3.155832 -2.149945 3.702765 0.7072227 -2.812821 1.537078 3.291293 -0.01787332 1.32157 0.7592703 -4.66613 0.7369093 0.6628044 1.803045 -2.910752 -2.383051 0.4772893 1.160248 3.066048 -0.00354197 2.532302 1.394976 -3.270846 2.950822 -0.7805984 1.335961 -1.8406 2.73057 -1.968102 1.766348 2.323548 -1.353072 2.416641 -0.2168277 1.920187 0.4497609 -3.395063 3.247548 -3.268912 1.131927 0.9175429 -0.4648842 -0.09832621 -1.993172 2.037313 1.097647 0.4357134 0.866384 0.9645005 2.108934 1.130161 1.475773 -2.099998 -0.1220222 1.545918 1.667629 2.466734 -1.733657 -1.792109 0.2490439 1.22769 1.78765 0.8888149 3.194462 -0.8370466 1.994717 -3.869474 4.37564 -3.585736 2.716694 -1.699924 4.438421 3.022843 0.4230051 2.346913 1.039791 1.938457 0.922725 -0.303443 2.943402 -2.34026 2.417624 -2.338633 1.766429 0.7520788 1.868103 -0.4176693 3.198933 -0.3068581 2.185478 -0.5295091 -1.097438 -0.6228195 0.8015133 -2.527845 0.4728581 -3.469895 4.857432 -4.487787 1.627545 -0.1086415 1.300319 -0.6158422 1.402927 -1.456686 2.647763 -2.732454 2.395712 -2.631113 3.207941 -2.98064 2.97015 -3.66331 3.402757 0.4072535 -3.762702 1.81673 0.878996 1.438868 -2.440383 -0.5963652 1.86686 -0.8607134 0.07617468 -0.9694703 2.599184 -0.6354483 1.541966 -0.6850622 -3.772399 2.869676 -3.75352 0.5033911 0.3821146 1.67368 2.136095 -2.579968 2.829833 3.113875 0.4165151 1.474611 -2.032826 -0.1352324 -0.3245748 0.9692691 1.376477 -2.126336 -0.3118237 3.140733 -3.709059 0.7024425 2.232669 -2.437167 -0.6296824 -0.8859802 -0.671761 2.233952 -2.858006 2.1968 2.100872 -2.742934 2.561821 -3.378092 4.418912 -3.630276 3.083515 -0.01098422 2.467358 0.9379626 0.6281562 -0.6081611 0.7318886 0.2330132 1.415648 -2.266156 -0.1621077 -0.2366047 -3.911709 3.040519 -5.111202 -0.2096609 2.13527 -0.5355551 -0.3354874 1.475386 0.5888416 0.12787 0.5977048 -0.7342393 1.330774 -3.751979 2.896032 1.818512 -2.705147 1.56823 0.2912676 -3.956659 1.631457 -0.5445228 0.8168924 -1.807076 -3.84252 3.376374 -5.405132 1.193248 -3.0585 -0.125653 -1.299012 2.899662 -2.645653 1.648256 -1.131839 2.333893 0.4497802 -4.155384 1.784828 2.804541 -3.677214 3.795989 2.295519 -1.669573 0.04183295 1.332172 -1.639373 0.122797 1.724506 -2.830534 2.978397 1.84252 -0.4908978 1.227557 1.471145 2.034392 2.225098 -2.420014 4.292707 -4.437736 2.257932 -1.334823 2.451882 3.163321 -2.933592 3.035413 2.010242 -0.8643748 0.3257477 -1.219341 3.030156 -2.685202 2.903226 -0.9902714 0.4049245 0.03288411 1.339353 1.582511 -2.197459 4.041654 -4.638386 -2.574251 2.841925 -2.975918 1.576926 0.8506566 2.951875 -1.893264 -0.8182773 2.305708 0.9785022 -1.851799 0.3161188 3.199986 -1.126534 1.730906 2.573903 -3.023601 1.927838 0.2499234 -0.3464929 -0.05006714 -0.05804866 -2.256498 1.755507 -2.431273 0.126682 1.707299 -1.929027 -1.558744 -0.2172552 -0.01229734 2.196072 -0.5508832 2.458 -0.1836648 2.937678 2.106995 -3.678723 1.211207 1.086162 1.796136 0.7134096 -2.543134 4.165985 -3.530279 -1.097293 1.35113 -3.807965 -0.4809261 0.7506585 1.757946 -1.954613 4.086751 -4.149273 3.120638 -2.071186 3.775469 -1.473754 0.0981693 2.404314 0.2959387 -0.4912128 2.344776 1.03123 0.3267337 1.104635 -1.193529 -2.17029 0.8421196 1.442973 1.027411 0.6064013 0.4712726 -1.801431 2.282017 0.4122097 0.4923665 1.690462 -3.332533 2.473042 -4.053354 2.733147 -2.155792 1.600343 0.3922292 -2.189203 0.9034433 -1.472417 3.847682 -3.483891 1.700379 -1.049411 0.3852668 3.593237 -2.602113 4.087162 0.4239273 -1.345407 0.1557419 -1.695212 0.8710108 1.615301 2.011237 1.36369 1.325981 -0.2330096 1.322141 0.880924 0.6255177 0.2587008 1.596658 0.815176 1.801528 -0.3916731 0.2533537 -0.3820129 -0.06685764 -2.613199 -0.9788243 1.399088 -2.038493 -1.254253 1.943137 0.1231793 0.5928202 -0.6597771 -0.1173952 0.9338382 0.2761557 -1.207127 -2.218557 1.174582 -3.471176 3.367406 -5.365012 1.12811 -0.2563754 2.098426 -0.1407909 2.225842 -0.9774078 3.106891 0.232449 2.29215 -3.146233 4.221048 -5.229171 2.288791 -4.274175 2.173059 -2.34377 2.104627 -3.37909 -1.072175 -0.866513 -0.8615422 0.1792232 0.754955 1.150112 -2.52215 0.3029549 0.454883 0.9582172 0.380822 0.9836812 -1.723328 0.7763217 0.9874359 0.6723236 1.984417 -0.6860811 -2.402266 2.563327 -4.842442 -1.867059 1.756888 -3.976645 -1.824484 -1.004247 -0.7989405 -0.6368937 0.3342122 2.41504 1.182141 0.3983167 0.9825724 -3.903708 3.102083 -3.632102 2.14079 0.5341369 2.940531 -2.671619 2.478526 -3.216783 -3.538223 4.665762 -3.879069 2.715286 -3.540331 4.170251 -1.314783 0.9743608 1.5061 0.0009425855 -0.3437361 2.454987 -2.643794 3.780279 -3.168595 1.563317 1.491988 0.9140645 2.156904 -3.840347 3.533252 -1.962759 -0.5630026 -0.7139533 3.460694 -3.057506 4.146397 1.0453 1.544924 -0.6129948 -1.790684 0.6574514 0.6514595 0.2458981 -3.319868 1.319674 2.742574 -3.063425 2.049599 1.149607 -3.266047 -0.1108797 -2.41381 -0.02292377 1.849715 1.049977 0.8028107 -0.8758057 -2.74768 2.288207 -3.512427 1.726676 -2.536407 1.592952 2.011427 1.172892 2.680199 1.819171 -3.156591 3.824282 1.257031 1.26751 0.1374985 0.7001476 0.331543 2.206398 -0.9590448 -1.909246 0.148277 1.090613 -0.1868459 1.859708 -3.771225 3.060686 -5.162444 2.838701 0.7924296 2.281711 3.225098 -3.305825 4.258659 -0.7749217 2.110046 -4.426624 -3.298229 2.457382 -4.035341 2.661389 -0.1721748 0.6517637 -2.853682 2.308338 -4.400931 2.656461 -1.200886 2.361709 -1.346112 1.633151 -3.001511 -1.827561 -0.2491241 -0.5616443 -0.9298912 2.973984 -2.556565 -1.455326 -0.1712441 -0.6062167 0.1835577 -1.864536 2.223512 2.659325 0.1907796 2.858632 1.741199 -4.574235 1.141825 -1.048872 -0.5847605 2.714594 -1.085552 0.9583464 1.885323 -1.263104 2.525723 -2.458393 -0.09120816 0.4828012 -2.378901 -2.732305 3.737296 -3.151241 3.222333 -1.411673 1.00165 -2.06711 3.905717 -3.330122 2.445322 -1.86047 1.992992 -1.795085 -1.032123 2.241381 -3.021147 2.732113 -4.946095 2.659984 -2.084682 0.2895191 -2.636398 -0.932745 -0.3210581 2.318637 1.327854 2.107221 0.6199273 -3.487881 1.937323 0.8274882 1.959977 0.6949641 -2.792209 -1.107882 0.992627 3.088855 -1.279238 1.803844 -3.496634 3.449765 -3.283248 2.243134 -4.051442 1.743226 2.791708 0.9059532 2.105294 0.078012 1.036913 1.625961 1.256235 0.7595333 0.5123577 2.788393 -0.3412782 2.82713 1.782326 -4.324821 0.8372265 1.428493 -1.021484 1.137901 3.139947 0.3141754 2.150757 -1.014416 0.6868442 0.7044497 0.2958068 0.7393375 0.6217471 -1.74678 -1.160519 2.17896 -1.434595 1.537723 -3.466268 -0.6194125 1.657164 -0.9285781 1.226596 -1.130663 0.4809429 0.9843597 -0.07179206 2.177649 -1.999713 3.733653 -3.156453 -0.9884462 1.188379 -3.427924 0.9563957 0.8895344 -1.930808 1.220155 0.3475638 2.831961 3.124325 -3.114817 4.963356 -1.655956 -1.367831 2.058669 -1.898422 -1.026669 2.18885 -2.720105 -1.140272 -0.04452747 1.531953 -0.2906529 1.434888 -1.545906 -0.3437271 2.520668 2.704736 -2.986721 2.101891 0.6501642 -1.011942 0.2359726 0.1420977 1.091278 1.766618 -0.2426924 0.4363499 0.6970444 0.4522426 0.4389808 1.646801 0.5308269 0.4407563 -0.6129211 -2.632764 0.1456167 0.350491 -3.207155 3.44786 -3.179324 -0.6262835 1.668893 -0.8851743 2.584349 -2.485886 1.374816 1.544053 -3.787403 0.1448972 -1.000379 0.2816979 0.04794718 -1.614887 3.163133 -4.770371 1.470506 -4.69492 0.9070098 -0.2566944 1.186854 0.5974081 2.800721 -1.984922 1.671764 -3.031033 4.393507 -3.677113 2.715442 -1.38312 0.2434362 0.8828492 -3.282499 1.956879 -0.4841932 -2.181617 0.6282446 -4.619422 3.263465 -4.096797 -1.311757 -0.9634925 -0.8808461 0.566213 -4.08716 0.3831064 0.5854965 2.157955 -1.071503 0.01593001 3.068339 -3.215213 -2.253256 2.200738 -4.551703 -1.147164 -1.731529 1.929899 1.453239 -3.119467 1.765572 -1.199458 1.462364 -2.993634 -1.720105 -0.5871959 -0.8069304 0.6439634 2.259944 -2.651667 -0.3914483 -0.1156019 -0.2902237 -3.918446 2.762868 -4.36468 -3.752659 2.970679 -5.066324 2.557208 -3.724809 3.816671 -0.1456438 0.4234038 1.852169 2.53245 -1.088222 0.2573311 1.740875 -3.973498 0.4893484 2.586398 -1.959576 1.893561 0.7681497 -0.5951278 0.5194907 -1.126161 -1.373815 -0.754172 3.453133 -3.064776 4.104794 -2.763488 2.189129 -3.844703 3.035722 -0.8298827 0.5513079 -0.1521611 1.293104 1.039438 0.8183604 0.8820603 2.5307 -0.4425577 3.291724 -3.617339 -3.199542 2.633134 -4.795636 -2.381994 -1.094699 1.697638 0.5409427 1.960584 0.1673702 1.566449 -1.254902 0.1838787 2.413985 -3.579657 4.058128 -1.884786 3.648174 -3.097054 -0.4000422 -1.561923 -0.2258143 2.808791 -0.6527815 2.614582 -0.512044 1.992086 -0.6384131 0.2071934 -0.9750687 2.564854 -2.500597 3.607786 -3.063586 1.795324 -0.3337293 1.278247 1.033865 1.900586 0.8474476 1.575768 -3.15782 2.10924 1.797737 -4.601573 2.075403 0.7949155 0.1273382 1.575727 -2.463361 -1.189898 -0.3386497 -1.283596 0.915287 1.272911 -0.6078417 1.798402 -4.236179 -0.5724563 1.90027 -0.557751 2.620378 1.023638 2.353699 0.4008994 -2.164696 0.8160524 -1.238472 2.668366 -4.651429 2.484222 -2.955527 1.98796 -1.894253 0.6439186 0.6948609 -4.384851 3.667913 -3.636474 2.922196 -3.119964 2.346405 -3.77246 4.886089 -4.1318 0.5434774 -3.942646 0.3389719 2.528706 -0.6520313 0.3846644 -3.807559 4.19097 -3.489377 -4.07617 3.083108 -3.787769 2.103283 0.4640468 2.97686 0.1555225 -1.986189 2.114471 -0.6061845 -0.2742405 2.66242 0.6992174 1.713772 2.24677 -2.504259 -1.074405 -0.4064084 -0.814037 -0.5878833 -0.6954958 0.8305447 0.2369686 2.323292 -0.03547802 0.7633104 -2.955796 -0.3726717 -2.404104 1.242633 0.02207197 0.3979559 1.636437 -0.05531241 3.149954 -3.113573 -0.8255263 -2.30686 1.009633 2.611671 -1.612589 0.1705567 0.2458477 -3.987261 1.519376 1.289261 -4.833624 1.143027 0.840523 -0.4983813 1.35678 0.6335013 2.043875 -0.7652636 1.901971 -2.522921 3.481216 -3.81947 3.753153 -3.393489 0.6974003 -2.560001 0.6235368 -0.407911 1.617206 0.02067146 0.8089988 2.043915 -1.594449 -1.464015 3.58491 -3.066064 -2.409199 2.33687 -4.649546 0.8134983 -0.653919 2.04823 3.150897 -1.637624 1.202871 -1.174297 0.1190285 -0.2025937 -0.4861553 1.287606 -1.257561 -1.06522 2.840601 -2.532833 0.4137873 -3.393578 0.3773722 -1.098673 3.484153 -2.960681 -0.9079744 2.649637 -4.541325 -2.801269 -0.01281242 0.3561698 0.09739555 2.625662 -1.9485 1.23853 -1.386469 2.019932 0.6186451 -2.240574 1.662274 1.966188 -1.318622 0.02459488 -0.6887701 -0.3204207 2.688037 -0.453503 -0.9328264 -0.5952821 -1.842736 -0.3126955 2.376592 -0.01576396 1.809503 1.204977 1.358585 -2.222327 1.657504 -2.032136 4.13148 -4.124495 1.67065 -2.99107 3.48414 -3.449444 4.527983 -3.729941 -0.7361465 1.058486 -2.073028 -1.348894 3.822088 -3.615082 3.396035 -2.039213 4.074183 0.06995078 2.822464 -2.344052 -1.493941 3.783865 -4.212592 0.4627297 -2.075938 0.6034779 0.2293333 -3.468236 0.8404551 1.500995 -1.846605 -0.1015087 0.2797376 2.054889 0.2406436 0.9582681 1.370554 -2.194566 -0.1607417 -0.6512884 -0.4335324 -0.7302135 3.3498 -2.884636 2.383011 -2.856358 4.945386 -2.513098 -1.224635 -0.2234453 1.050684 -2.336131 0.09179869 0.04179133 1.287144 1.608019 -2.010596 1.990835 -4.396442 -2.520626 -1.254744 1.262456 1.77968 -4.531023 1.138878 -0.3094884 0.4140783 0.5548089 1.898343 -3.371252 0.1617819 -0.6356625 1.054462 -3.386046 -4.3995 3.028255 -4.755473 1.836646 -3.207537 1.803737 1.750611 -2.746463 3.259213 -0.2013962 0.4814233 -2.245523 -3.820485 3.237513 -5.312507 2.991012 -2.013175 3.776077 1.650832 -3.210474 1.785039 -2.333513 0.4947533 0.7718748 2.063055 -2.357649 4.251095 3.063195 -0.3069149 0.7848716 -1.905362 -0.6228073 2.356784 2.934067 0.4456369 2.517436 1.91009 -0.9970625 2.672385 0.07835899 1.213512 1.685924 3.283162 -1.13018 1.201104 -3.652644 2.741101 -4.75076 1.144727 -0.2202361 1.777279 0.6309642 1.995491 -0.5248928 -0.571134 2.4062 -4.351591 -1.816729 -1.113025 2.174582 -3.079296 4.662041 -4.424978 -1.951617 0.3508602 1.995116 2.044942 -2.728722 4.430966 2.021125 -1.023085 0.2029317 -0.3906206 0.06443369 -0.03554726 1.986644 1.211394 2.669868 3.621781 -2.460361 4.15816 1.211607 -0.8953266 1.550282 2.539456 -2.645427 0.6204888 3.301011 -2.477241 3.546584 -0.1159775 3.146472 -2.882543 -0.7077007 1.10214 -3.534529 1.373661 -2.80901 1.660677 -2.109832 3.755334 -3.163396 -0.1125894 0.5482925 -2.502002 3.2744 -3.220435 4.471532 2.399203 -3.014565 1.870056 0.7549264 -1.109355 0.2974497 0.9316875 0.3875197 0.9708453 0.4735755 2.535145 -2.551605 0.08681124 0.4101031 1.23382 2.863229 -2.612037 2.811587 -2.711977 3.581759 -3.081945 2.054542 -3.072456 1.473719 2.990768 -2.027961 3.753802 0.8797881 -3.741902 0.1011779 2.523007 -4.078375 2.209023 3.279932 -0.07520223 1.269555 3.033497 -1.140632 0.4971468 -2.197272 -0.7434018 -0.6536882 -0.1876804 2.634573 -1.915667 0.1662433 1.634143 1.657202 -2.642005 -1.200111 -0.08196884 -3.032723 2.426092 -4.52664 -0.9719525 0.8925427 1.256139 -0.30766 0.5026307 0.8260346 3.390192 -3.152161 4.281103 3.37326 -0.4987449 1.412956 -3.621012 4.360803 -5.442938 1.93631 -0.6997787 2.811846 1.42509 -4.204289 2.729908 2.227493 -2.502942 2.871912 2.320407 -1.289877 2.472667 -0.608328 1.680145 -1.035588 -1.440006 2.284905 -4.628911 0.7149667 -3.953493 0.2337763 0.9953293 1.647202 -0.936455 1.001742 0.6922615 -1.094973 1.988436 -2.404866 1.712199 -0.4697598 0.5422716 2.096219 -0.5597145 0.8301945 -2.366618 2.078398 -1.992858 -0.04140797 -1.836429 -1.208623 -0.7402944 0.3940097 2.241983 -0.9786181 0.5513059 -4.556699 0.780606 2.766186 -3.058358 5.04168 0.9820898 1.863344 2.293004 1.545475 -2.615226 1.578128 3.228637 -0.7542739 1.999088 2.723599 0.9467444 1.862938 0.9234352 -4.404097 2.130984 -0.07951508 0.7942027 -1.287709 2.913176 -1.945202 1.528603 1.835385 -0.6228566 1.179501 0.2396906 -0.04869887 0.2304923 1.587123 -3.657044 0.07822859 2.51887 -4.071028 3.083986 2.057524 0.122491 2.997328 3.068211 -0.06672353 0.9447388 2.220452 -2.785162 1.524895 -2.375078 0.4036824 1.470887 3.059956 -3.113147 4.990478 2.23525 -3.749449 3.712906 -2.041298 2.22994 -2.9975 -2.361298 -0.9090794 -0.5791014 -2.083611 -1.132898 -0.6669022 -2.234552 0.5854278 1.017456 -1.223146 -1.69281 -0.3631897 -0.08200172 1.610423 1.231953 -2.551262 -0.7938163 1.666021 -0.07904288 2.929664 -3.687888 0.2956375 -2.22693 1.677111 -1.713014 -1.49187 1.893883 1.340354 -3.147403 2.553309 2.319024 -3.692319 3.838579 1.768659 -4.120564 2.940328 1.167844 1.526224 0.2725877 -2.625165 0.2751411 0.9937381 1.91756 -2.637612 3.057922 0.5418153 -3.710842 1.997716 0.7065834 -1.253919 0.2859949 -0.2792891 1.04412 0.1620125 1.194631 -4.447873 2.363398 0.09392343 0.9467432 1.561662 -1.675327 0.6115122 0.4734802 0.536956 -2.714148 1.301064 1.924367 -2.71973 4.111725 1.43952 -4.409793 2.618158 0.905465 0.1560066 1.415383 -0.06344681 1.099215 1.010413 2.037088 -2.783102 2.59681 -2.672961 2.602274 -4.863293 -3.816205 3.531264 -3.40344 -1.810829 3.13094 -4.871461 1.271977 1.659491 2.443071 1.775186 -3.142431 3.743326 -0.2522808 1.047549 -0.9227398 3.040672 -0.3939746 2.457665 -2.310655 -1.629251 0.4860739 1.711044 -2.294966 1.653638 2.241036 -3.928202 1.567005 -2.835956 2.702779 -4.936155 0.2284163 0.5299463 -0.7701923 -1.917357 -1.629025 -0.04264296 1.189769 1.183327 -0.4651548 0.5666888 -2.759324 1.379623 -0.9498505 1.513179 -4.101537 2.864493 -2.132977 1.321795 0.7416141 -2.517272 1.352357 1.764123 -4.462558 0.9690626 -0.2787718 2.178484 -1.101246 3.073512 -0.0892582 2.487322 -0.2218247 1.047272 -1.176413 -3.81372 2.861444 -3.811529 2.516642 -2.404588 2.949719 -2.71347 0.0448557 1.244872 1.733031 0.5603704 0.9492009 -1.407568 -2.123792 1.037506 -2.667276 -1.378069 0.6211647 0.3526304 2.666958 -2.46333 1.270247 -0.2092144 1.57471 1.463491 -1.20007 1.650709 0.8195363 2.051333 -1.711259 2.733732 -0.4049752 2.842466 -1.349828 3.817466 -3.550361 -1.726792 1.868783 -3.181098 0.582437 -0.7843015 0.177091 -2.47708 2.685186 -2.973288 1.170854 -0.8602085 1.2004 1.874801 -3.188661 0.00163661 0.05322254 0.3454302 -2.084187 -2.265393 4.039757 -3.450768 1.41755 -3.648967 3.008542 1.407892 -0.385812 2.645854 -0.9560844 0.4999061 2.348326 2.00213 -2.426112 4.05327 1.854169 -2.708709 3.01928 0.6967715 -2.235559 1.745112 -0.08166284 -2.262867 1.747041 1.287477 0.8689281 0.4449528 2.043487 -2.831781 2.494137 -0.8952438 0.3452834 0.1865633 2.195818 -3.457641 1.409279 0.5709565 -1.931256 0.4697633 2.091133 -3.341702 0.6054684 1.098443 -4.675169 1.815568 -4.550923 3.096163 -4.408782 2.114812 -3.251293 1.103175 -0.3853743 0.1604444 2.431631 1.944649 -3.066462 2.082791 -3.242738 4.74325 -4.429795 2.057885 -4.227005 1.555135 -1.869357 -0.05520019 2.271386 3.369536 -2.981172 3.549535 2.661966 -0.1849267 0.640687 1.698022 -4.473752 0.8741933 0.5170033 -4.596714 0.9194972 1.619924 -2.961563 2.895937 -1.602153 -1.553875 1.875555 0.4858316 2.507378 -2.251005 -2.096315 3.31882 -2.909967 -0.9804189 0.02540817 -0.3505013 0.351408 -1.048961 2.527091 1.733276 0.9142998 2.916459 0.7894887 0.5801284 2.441624 -3.806204 2.920362 -4.984859 -3.1593 2.967258 -5.123658 1.723085 2.06624 1.718276 0.3700799 -1.687129 0.3506512 -2.743771 -0.2707407 1.412717 2.973676 -0.325697 2.601782 1.624839 0.6333031 3.027389 1.019892 -2.171779 1.817163 -3.506225 2.789335 -4.906674 -4.150234 2.926392 -4.759006 0.4162361 0.346259 -1.388762 2.123474 -2.710352 2.581049 0.6385107 0.5239505 -2.186811 2.43399 -2.991225 1.911189 -4.274806 3.641965 -3.588838 2.09098 -0.6673359 0.4274797 2.577203 -2.113007 3.532714 1.421655 0.3442229 1.08767 -3.027515 4.477918 -3.80724 0.1342923 0.5858347 -2.653648 2.561545 -3.764064 3.743036 0.5059839 -0.02788732 1.179611 -1.247008 -1.281618 -0.8145277 2.937156 -2.97296 2.507476 1.34467 -2.190055 1.66997 0.9591117 0.631237 -1.022401 3.455017 -1.977643 4.20559 -2.373214 2.25371 -4.570915 -0.8381357 -2.18078 1.615069 -2.015662 0.5594333 1.761782 1.381803 -3.49397 3.00091 -2.546137 4.054628 -3.392983 0.01308107 0.3921188 0.9709322 -1.291773 0.111711 2.476428 1.890221 -2.555597 3.709094 1.474871 -0.6908031 1.764693 -0.5360756 0.7869913 1.491803 -2.61857 0.3193685 0.7678439 0.8005624 -1.803148 2.196517 0.2022035 -3.551775 1.018127 1.197703 -1.993408 1.844446 -2.566635 2.423049 -3.190102 -0.6523784 0.4186721 0.3635613 2.897379 -2.027138 1.444965 -2.974892 2.629638 -3.310326 0.9254855 -2.371087 0.34277 0.8862222 -0.001468485 1.973174 2.346939 -3.318926 4.393474 -0.2384457 0.6056464 1.481446 -0.3153657 1.083227 0.116698 -1.501686 -0.7989547 -0.8733872 0.8385876 -1.236404 0.3236248 1.612118 -1.167153 0.2572326 1.550635 0.2194186 1.147616 -2.07178 -1.244889 -0.6212264 -0.2434321 -1.505653 -0.1956263 2.611334 -3.085195 1.886686 0.4050253 2.057225 -3.433129 -0.44956 -0.8070384 2.71189 0.3140702 0.9107689 1.981409 1.964723 -3.122653 1.921719 1.605835 1.782147 1.234508 -3.284785 2.710307 -3.485497 0.3379921 -1.681891 2.379082 2.043809 -0.3544161 0.8733668 2.222604 -2.21748 3.597169 -2.932209 0.0103404 0.5715339 2.790907 -0.7534962 2.568829 2.343318 1.306231 2.125659 2.240042 0.8368541 2.755874 0.547632 2.174397 1.146499 0.9468421 0.636476 -0.4278926 3.062428 -1.77176 1.364418 3.415278 -3.057988 4.73491 0.4401024 -2.213847 1.717453 -1.442613 2.212091 -4.600067 -3.528954 2.879805 -5.014657 -0.607807 -0.2912177 -0.5034783 -3.348188 2.594743 -4.660446 2.716934 -3.846107 3.424802 -0.5329784 0.1225505 0.0051394 -3.098392 -0.2871629 0.6442133 -2.356984 -1.585471 0.3408019 -1.013428 -1.862027 1.850471 3.171968 -3.143797 4.863491 0.05418749 1.163535 1.63041 0.9906011 0.6369016 -0.06032533 1.5497 -0.4588061 1.493601 -2.038843 4.097985 -4.31027 -2.442662 2.083954 -4.252842 1.562054 1.574338 0.9872268 1.125931 2.144398 2.035015 2.216862 -3.118973 0.7876956 -3.17781 4.704161 -4.548409 0.9180135 -0.9241677 0.4671796 -3.061001 3.692157 -5.324862 -0.2859382 0.4054251 0.5582392 -0.6043306 1.359075 -3.92369 -1.508292 -2.078875 1.082465 -2.228171 2.008136 -3.419053 2.017261 -2.373065 3.751164 0.2283727 0.9948751 1.86239 -0.5028656 1.328563 -3.882312 -3.338731 3.54777 -3.228294 0.1810886 1.012164 -3.217701 -0.4086398 -2.249011 0.7659816 0.7119426 2.241641 -2.308301 2.074877 -2.429288 3.208386 1.192641 -3.239252 2.507338 1.645311 -4.35118 0.678784 0.8575019 -2.715096 1.552589 1.012899 1.191296 -1.810046 1.144142 0.8387934 -0.2140916 -2.821267 4.418224 -4.756835 -3.714537 4.921499 -4.266527 1.57583 -4.053472 0.38035 3.177598 -3.430187 3.450111 -0.09799568 2.453978 -4.026983 2.764048 -2.278198 3.253916 0.05246348 0.9030341 0.6662297 -1.573651 -1.745657 -0.0243347 1.338646 -4.560618 0.615853 -2.150437 2.300074 -3.009328 -0.4367525 1.124197 -0.541868 3.010057 0.4685653 1.398877 3.162715 -0.6097592 0.7962373 1.030043 1.600994 -1.221354 -0.6221309 3.038058 -4.199027 -0.08441103 3.140269 -2.91517 -0.6779217 -1.050855 2.582984 1.71632 -2.80979 3.374143 -3.83011 3.020546 -3.642755 0.2691218 -1.070239 -0.1307544 2.530176 0.5893946 1.258694 1.233688 -1.035227 1.90996 1.1112 1.616271 0.3331843 1.240579 0.3805803 1.033906 -0.3732397 1.224514 -1.028053 1.431355 -0.6587733 2.445933 -0.0798434 2.982025 -3.614073 1.223765 -3.245075 2.585469 0.6105872 1.698484 -3.04553 0.4576199 2.089599 0.5890254 1.560214 -4.736872 1.28329 2.053132 1.496525 1.567822 -3.594981 4.309145 -3.533304 0.60409 -0.1769469 1.543064 1.687656 -2.863401 2.985765 0.7309082 -0.6331651 2.099549 -2.23856 -1.341871 1.69465 2.935503 -1.781353 0.5064439 -0.1745925 2.146071 -0.5306095 1.807125 -0.8720627 0.7504362 0.2670787 2.395615 -3.566446 3.093684 -3.044609 2.843331 0.8466693 0.1101788 1.54634 2.609091 -2.557729 0.8041039 1.913149 -3.971128 0.7995446 0.4880123 -0.5776939 2.257086 0.9781386 -3.41713 2.387428 0.1653702 2.449109 -3.714318 -2.009333 -1.7496 0.4268356 0.3427342 -1.43216 0.1632716 0.5413151 -0.430253 0.2378279 2.568938 -3.89156 1.962061 0.7571875 2.018188 -1.189558 0.842262 0.1582567 1.449885 -0.2287177 0.9444615 -3.277139 2.304322 -2.356913 0.07507481 1.853015 -1.785259 -0.09078667 -3.618457 2.620398 -4.118892 3.532973 -1.989296 4.289882 0.5972514 -2.31614 0.8065711 2.387313 -3.86763 3.59047 1.273856 -3.188347 2.507645 -0.2199384 0.9076434 -0.06500807 -4.429376 3.021487 -4.460831 -3.372424 2.505484 -3.984663 -1.815362 1.720572 -3.839054 -2.381221 0.1333173 1.771732 0.3308486 2.233409 -0.8402185 2.227581 -3.328859 4.271792 0.5546983 0.3979734 -2.025499 1.579725 -1.032803 2.185428 2.267043 -2.214433 0.0368846 0.5815791 -1.063515 0.1848381 -1.848401 2.640736 -2.699975 -2.562614 2.497146 -3.127543 2.374275 -1.300342 0.1285432 -0.7930453 -1.121395 -0.7481081 -2.71272 4.359343 -3.770929 -0.9122131 -1.944854 1.812145 0.7551337 -3.179312 0.07672364 1.956251 -3.774749 0.7452651 1.764783 -2.03106 1.726956 -0.4339809 1.186849 -1.325991 -2.467557 -1.259208 1.348761 1.523852 -1.341098 0.1339682 -1.342266 1.485817 -3.389671 1.499193 -3.154104 3.077173 -0.28204 0.2553204 0.2917196 0.4106047 -3.397353 0.3809269 -2.473411 -1.458294 0.1084049 -0.5880369 -0.2194389 2.639107 1.701703 0.9171679 2.918687 -2.298658 -0.3344674 2.118103 0.9184959 0.6123103 -0.5658173 0.1443951 2.80731 -2.405804 -0.3672681 2.448397 -1.776163 2.500575 0.9024926 1.585111 1.847 1.727008 1.370389 0.1615531 -1.32246 -0.06723937 3.227504 -3.236666 4.519713 2.149716 -3.237945 4.284211 0.2955521 0.2017011 1.034553 2.251976 -2.071368 4.546992 1.598585 -2.266287 -0.1399237 -4.00054 2.98511 -5.001375 1.529868 -3.199811 3.226707 -1.914153 2.591043 -4.817457 -2.321742 -0.7952289 -0.5989441 -0.187584 1.889227 0.7379658 -0.6992322 -2.125056 0.4968161 -3.249427 3.021938 -5.162971 2.550782 -1.99227 1.897972 -2.528421 0.3750868 0.7456844 2.876902 -3.700581 2.805194 0.07208972 -0.7811826 -0.321336 2.184612 -2.721886 2.487986 0.2400226 -0.2505188 0.0007861453 1.725508 -4.618705 2.228906 0.9707766 1.855595 2.293283 2.151425 -2.769055 4.640107 3.005351 -1.029446 2.132551 -3.078817 4.158967 -5.219572 -0.3746667 0.6475991 -2.395998 2.16026 -1.136632 2.611022 -2.959127 2.68387 -4.907816 2.31044 -2.600201 0.1483683 -2.788322 0.2031571 0.7470475 -2.449018 3.965188 -4.925488 -3.372533 2.492867 -4.070907 -0.912851 2.589574 -2.290835 2.012576 -0.6679243 0.4761144 -1.252433 1.900684 -4.430068 3.368777 -0.7083304 1.479831 0.6879719 0.3974241 -1.686639 -0.06616065 0.3893357 -1.732057 2.440431 -1.683843 2.087963 1.645522 -3.874844 3.073134 -3.113137 -0.5784849 0.6378434 2.208853 -3.51841 1.411885 0.5096973 -0.8021907 2.393211 0.5599349 0.53768 0.02390474 -0.6900306 0.7678972 1.189556 0.9135887 -1.618182 2.219243 -0.7845131 2.853548 -4.404097 0.08271056 -2.161176 0.8207834 -0.732279 0.912287 1.563466 -2.275394 1.994731 -4.216616 1.251838 -1.36798 2.0019 2.805976 -3.113595 4.970731 2.544588 -3.228511 4.66293 0.5947688 -1.541052 2.377565 -0.2869411 1.47249 0.8265828 -1.076615 3.091883 -4.517199 1.403126 -3.067031 1.752634 -0.9319977 -1.870141 1.888426 -0.1457218 0.2585852 0.3882322 2.398047 -4.008385 3.378915 0.8662057 -2.758212 1.59217 2.048384 -2.764987 -0.03651893 -0.1204373 0.1597966 0.2438205 -2.276171 -1.653696 0.6000882 2.981318 -3.230784 2.483382 1.217994 -4.077897 2.694875 -0.07299238 0.9169847 0.3032083 -0.0607899 1.251745 1.28523 0.7652109 -4.664381 1.525245 1.012013 -4.442208 0.4110364 1.676297 -0.9054165 2.634552 1.439879 -4.619997 0.7587608 2.475291 -1.842985 0.1064482 0.4669693 -4.252817 1.723274 1.016234 0.6051784 0.3197518 -1.609274 -1.494319 1.945472 -0.4047557 0.1318952 0.06505209 -2.948352 0.03354217 0.7399635 -0.9281669 1.210482 -3.637089 0.7414194 1.201761 2.43042 1.288128 -4.776772 1.593498 1.567196 1.009134 2.883401 -2.939033 3.169965 -5.205527 -1.710211 -1.357208 -0.7071398 -0.4449861 0.6218316 1.972902 1.164924 -1.606832 2.068672 -1.784916 -1.821546 1.504118 2.935548 -3.686956 3.240491 1.755924 0.1346899 1.13168 -0.4839015 -1.772051 -0.008925444 -0.696216 -0.2251942 -0.5102131 3.357391 -0.6220385 1.3879 2.727951 -0.8720979 2.546844 2.906024 -2.083195 1.276023 0.519259 2.372909 -1.779551 -3.341292 3.418898 -5.362333 -2.826854 -1.071498 0.0516485 2.659079 -2.380181 1.424295 2.554338 -1.232153 0.2144099 2.828472 -1.657127 1.900848 2.582861 -2.24538 1.705031 1.439618 -2.772661 -0.1479244 -2.930554 -0.741732 1.14838 0.08671829 0.3206153 -1.854904 -0.9749027 2.638054 -2.36058 0.6304629 0.512757 -2.177972 -3.683264 3.559216 -5.472338 -0.5527421 0.5345085 2.175835 1.724173 -3.755465 0.2869577 -2.254409 -1.13728 -0.5796147 3.168289 -0.4644495 0.8848196 -1.539374 1.745636 -4.260787 3.297638 -1.041918 1.453738 0.4761476 1.053774 -2.987509 2.359464 -0.4189533 0.4876799 0.2977721 1.010381 1.992311 2.002697 -2.433559 -0.0924994 -3.180531 4.398787 -3.64261 1.719943 -1.188435 1.87706 3.068766 -0.5109125 0.6780544 0.7506548 2.143346 1.740287 1.214675 -3.408989 -0.08704043 1.468301 -0.337716 2.738734 -0.2118051 2.27501 -1.339944 0.3164883 -0.4115306 2.254796 0.4543397 2.352535 -3.162473 0.545291 0.5466239 0.08094285 -2.180206 0.1817987 0.1589957 -1.534011 -0.815932 2.498327 2.792598 0.7410221 2.44506 1.600576 -0.9115171 1.725085 -1.804332 0.5050574 0.331954 0.226758 2.116777 0.9525043 1.772634 -3.334219 3.66885 2.329517 -4.288823 2.291653 0.5975134 1.947133 -3.062003 0.9001077 0.5678627 -0.963985 1.603304 -1.028633 0.71397 3.560412 -2.904644 4.274004 1.516792 -1.336729 1.701375 -2.767388 -0.5819495 -0.05809996 2.072028 -2.301051 4.012647 -3.864845 2.735532 -4.378658 0.4604894 -2.799666 0.7912644 2.496725 -2.67651 0.5162838 1.397625 -3.027455 1.738651 -0.6715357 1.453179 -1.581116 -2.069328 3.814569 -3.223402 -2.159187 -0.4322736 -0.5444874 1.660386 -3.937665 0.3735692 0.3140008 -4.273742 0.8358988 -2.586172 -0.1239023 1.660611 0.7570795 -1.629261 0.3391271 2.680787 -3.964156 2.701469 -2.577655 0.3313129 0.9104146 1.34409 1.16374 2.819896 2.861601 -0.06062587 0.8138798 0.455713 -2.697782 1.080102 -3.572698 4.904183 -4.455353 -1.378232 1.712779 -2.926984 1.260653 -1.283005 1.981242 1.566256 -0.9925506 2.418241 0.4108294 0.6580355 0.4674242 -2.638674 0.2135162 0.4384481 -2.24477 -1.402806 1.616937 -2.128248 3.773138 -3.175947 2.797832 -0.01838415 2.847216 1.351859 -0.5677139 1.929849 -0.2891814 1.783463 0.5867891 2.656425 -1.13652 0.274672 2.963396 -2.858152 2.642977 0.8314595 0.4515524 0.770058 0.2514008 0.6813381 1.153632 0.8706258 1.12012 -2.393927 -0.4097474 2.974888 -2.384811 0.1024696 0.6461594 -0.9908238 1.763152 -4.532375 1.08943 -2.434354 -0.0692497 1.858484 1.159721 -2.164785 0.01787082 1.977278 -2.510653 4.116879 1.096558 0.3209939 1.116541 2.552997 0.467966 1.091035 0.8091016 1.619801 -2.581695 -2.50848 3.26045 -2.954045 -0.3149859 2.090345 -0.5350058 -1.181018 2.197922 -4.564582 1.800266 1.939418 1.586378 1.007058 -4.025198 0.1639749 2.757421 -0.2667274 0.5983063 -1.94723 4.090909 -3.920742 -3.096895 3.610746 -3.169472 2.042715 1.675887 1.852059 -2.725705 2.451235 -4.702426 2.411407 -4.24427 2.418904 -1.508383 -2.064761 0.9693649 1.946585 -3.932433 3.285202 0.98651 1.701666 -1.42049 0.6320851 1.98247 1.942392 1.029297 1.359205 -1.634945 -3.18203 2.548203 -4.670839 0.5948864 0.3411892 -1.595278 2.792914 -3.806664 2.412652 0.3915081 -2.857099 0.8290847 -1.078238 -2.157399 1.565036 0.9952759 -1.641894 0.3161856 0.7990698 -3.388367 2.024498 1.733936 1.85562 2.307631 -4.172484 2.961099 -4.086177 -1.148899 1.70557 -2.452077 1.28138 -1.216355 0.3776916 0.4989537 -0.7877951 0.0734416 1.443066 2.189446 1.759237 0.07218244 2.67379 -2.017859 -3.631155 4.476663 -5.392666 -0.3124595 -1.869428 2.078517 0.2627808 2.81787 -2.707645 -4.470865 3.855258 -3.633584 -1.012567 1.959365 -4.437411 -1.169402 1.335935 -3.647772 2.520897 -2.106162 3.567624 -3.050447 3.407354 -5.295132 -0.8071769 -1.697309 2.130733 1.177834 0.936669 -0.2658741 -0.3105484 1.689824 0.6145968 2.557365 -4.06577 2.275057 2.174912 0.0688217 1.025382 -2.568376 -1.337384 0.007316027 0.01852598 1.44486 -3.705419 2.945442 -2.044532 3.70689 0.562831 -0.9310952 0.1527103 -0.1334243 2.900347 -2.336159 -1.692845 -1.865086 0.4673845 0.1534766 1.528629 -3.613697 -2.533984 0.343323 0.5608549 -1.078304 2.816678 -4.585701 0.2046759 0.5375703 -0.6545745 -2.315223 0.01228425 1.935073 2.986932 -3.391932 2.611545 -4.077064 3.4334 -3.555483 -3.664647 3.615733 -3.338068 2.048489 -3.576002 3.802752 -1.801616 1.713632 -3.828766 -0.9868408 1.193255 -3.306846 -0.1603961 2.223443 -1.017665 -1.195614 1.367905 -3.350011 1.464471 -0.6164572 2.57334 -1.368454 -1.634891 -0.451241 2.96646 -1.664901 4.387242 -0.7892079 1.425108 -4.004515 3.409733 -2.647885 3.644912 2.856823 -1.038313 2.304372 2.964034 -2.008304 3.772733 -3.714778 2.929369 -5.026034 -0.8052256 -0.4970334 -0.6590843 -3.5175 2.999018 -5.134737 -2.555793 0.03555923 1.570269 -2.453303 -0.260163 1.949725 -1.257745 1.670084 -2.738155 1.636276 -2.947915 2.878542 1.888594 -3.614776 0.3889686 2.52856 -3.872427 3.555293 1.99341 -0.6661618 2.839411 0.9333748 -1.910886 2.098104 2.33019 -1.085678 0.214038 -2.579608 -1.454564 0.6076506 -3.570322 3.408628 -3.316564 0.3480244 0.1206137 0.926011 1.985862 -4.453861 2.695259 -2.353097 -1.590743 0.816368 -0.8812863 1.364429 -3.926706 2.852387 -1.863428 4.003654 1.189863 -3.020809 -0.1245513 3.395622 -0.5697281 1.582469 -2.907857 2.276116 -3.800227 3.127286 -3.494854 3.640893 -2.534492 2.18209 -4.381818 0.7846687 2.14016 -2.179393 -0.9170534 0.6893793 0.7724587 -2.324251 4.278502 -4.033221 -0.04139934 0.3989169 0.8925695 2.122468 -2.467643 1.728989 1.67489 -3.96094 0.4061747 2.683921 -3.854632 2.128014 0.291157 -3.022851 0.8541277 0.7650017 -4.38799 1.967333 0.267823 2.295423 -1.085996 -0.2276893 0.5998427 1.491924 2.748061 -3.33901 4.562293 0.8465025 2.220716 1.311554 1.861602 -1.991444 -0.1074831 -2.584904 2.100544 -4.062267 -1.970621 4.097344 -3.883101 -4.204014 3.231401 -3.755114 1.514428 -3.159213 3.133722 0.3373228 -0.1694448 2.011429 -1.993794 -0.1121108 -0.3085824 0.3631177 2.443728 -3.324566 1.640454 1.13569 2.814174 -2.315414 3.064511 -5.042081 0.6878846 2.265213 -2.384755 1.242514 -4.805456 0.9420538 0.09166037 0.9275572 1.511631 -2.217648 -1.64728 1.071835 1.35909 0.4852178 2.961701 -1.966161 -1.47046 -0.4023055 1.730256 -0.9362216 0.866048 1.053261 1.487882 -1.373549 3.123852 -1.035201 0.6370776 1.614281 -1.951512 -0.1257955 -1.200045 3.266825 -4.517854 -0.2772408 1.150032 0.4585294 -2.782322 -0.3838726 1.378799 -2.076872 3.239531 -2.877445 3.217188 -0.6385361 2.08109 2.256739 -4.378666 2.500581 -0.5671692 3.395015 -3.609045 2.165771 0.2797393 1.039706 3.55233 -2.945936 4.528517 2.951314 -2.022857 1.204626 -1.018667 -0.187158 2.624272 1.609725 -4.527139 2.577488 3.049816 0.5850707 1.613777 1.456032 0.06980156 2.924401 2.754163 -3.492448 4.261507 0.4877183 -0.03276049 1.514211 -0.8806934 0.9063399 1.350702 1.772439 -2.196816 1.689687 2.686701 -0.2710634 0.5769681 -2.360224 2.052437 -3.503896 0.339275 -0.03740328 1.8406 -2.405584 -1.103797 1.644085 0.6291757 1.139153 -2.847934 1.70627 -0.9997198 2.60247 -2.751485 2.191656 -3.789944 2.464272 0.8769613 1.541577 2.100644 -2.952245 1.487922 -2.357888 0.4241959 0.5197915 1.443553 -2.600769 1.594864 -2.359294 -1.515221 1.086394 -0.5813385 -0.6073684 2.74417 0.2056673 2.342905 -1.330258 -1.106418 2.690618 -4.609476 0.3622135 1.23004 -3.192679 2.666375 -3.186473 1.859627 1.574529 -2.405632 1.603919 -0.01666719 0.7390581 -1.244202 2.023806 -4.206295 1.35171 2.074545 -1.364287 2.425303 0.2587764 0.5125117 -0.4004962 -1.865331 0.6603042 0.7232559 0.9020514 1.460416 -2.379268 2.016371 1.630679 2.330391 -1.844225 -1.877183 0.8003579 -2.691831 -0.4265805 -0.06703212 -0.9485888 0.05604169 -0.2913879 0.3052176 -1.485536 2.480771 2.687088 0.2067283 0.9436792 2.5846 -2.299181 3.166507 -0.2198681 0.3560621 2.052651 1.593891 0.5678522 3.031229 -0.01106996 -1.041954 -0.3572141 -0.9473467 -0.06999124 -0.4813331 0.868011 -1.495296 2.266987 -1.292064 1.600021 -2.936173 0.2728075 -1.452179 0.1295811 -3.106145 -0.345645 0.7658696 -1.851175 0.605404 1.884882 1.781534 -3.009164 2.448659 1.887343 -0.3234318 1.182479 -3.820006 3.108414 -5.201573 0.02345684 1.486359 1.513525 -2.080072 0.09058752 0.03837997 2.403298 -2.696924 0.3424762 -0.3879312 0.5110916 2.050353 0.1979332 0.00616223 1.974122 -3.079723 -0.6239764 0.4940313 -3.111537 3.813812 -5.336876 -0.8023726 1.831365 -1.864872 1.049007 1.076257 -1.579362 2.415607 -2.207827 0.1223302 -0.5945274 1.647109 -1.179212 -0.7083664 1.292561 -1.681446 -2.850641 4.315585 -4.935381 0.2931029 2.076341 -3.612943 0.3870632 -1.154217 0.01317946 -0.5538905 -2.39594 1.328777 2.041052 -4.221567 1.454058 1.15314 0.09465931 1.384774 -0.8526719 3.421894 -4.047622 1.234511 -3.20183 2.464083 1.466706 -2.874357 -0.151913 -2.289181 -1.647866 0.6453665 -0.05217402 0.4682909 1.138726 2.494679 -2.006174 0.1320666 0.9126871 -3.292774 0.0006594047 3.088877 -3.493625 3.871947 -1.801728 2.00371 -3.055266 0.4052046 0.306451 -1.884234 -1.285931 -0.5171219 2.641381 -1.395593 -0.5141343 -0.8301392 -4.375886 3.050526 -4.869931 1.022174 -2.410877 0.09148915 -1.86053 -1.549267 -0.3019978 -0.8368396 1.147688 -3.54042 1.863935 1.358744 1.122119 -0.8483796 1.34085 -3.90314 1.512551 -4.6608 0.8935981 1.580159 -1.75089 -0.102066 0.210979 -3.487666 0.952228 -2.898895 -0.3603433 1.230643 0.06906618 -2.301666 1.538725 0.8272234 0.2692761 1.282368 2.745726 -0.5023057 0.4722566 0.02827606 -2.210929 0.9418806 -0.2285552 2.120313 -0.5041407 0.2811629 0.3257245 -1.541038 -3.56853 2.809376 -3.633056 0.8054361 2.105804 -2.132776 0.3872648 2.027148 -3.467046 0.1762868 -0.3354467 2.322073 0.7288731 -4.577534 0.6481692 0.4373603 2.118799 -0.5268292 -2.860758 -0.4939141 0.1145683 0.3280143 -1.212012 -0.01368382 -1.394382 3.827334 -3.838988 2.225677 -0.4643578 0.4966835 0.2300279 1.608466 -3.569591 1.818414 0.0623907 1.141388 2.280581 -1.396673 2.38546 1.141076 -2.747083 1.683813 1.281751 0.5009937 2.918322 2.87577 -2.150558 1.190253 0.8861635 1.868151 -1.187674 -0.6227538 1.806999 -0.602551 -0.5467476 -1.834522 2.068427 -1.401487 -1.832535 0.1826348 0.3068775 2.317604 -3.528236 -0.8305643 -0.6897355 -0.7355881 -1.35678 1.669321 -2.955518 2.315609 -0.5667161 0.4215024 -0.5310135 2.03742 -4.286652 0.3820646 -0.1274337 0.2817265 -3.136647 4.183894 -3.446115 2.650933 -2.648286 2.493472 2.20271 -2.736747 2.449443 -1.384326 -0.06586506 -0.4681463 0.3305309 -3.095126 1.368963 -1.149061 0.3631084 2.411645 3.105857 -3.426372 4.100732 -0.4599432 -1.156452 2.564652 2.349848 -2.887004 1.04864 1.016741 1.857759 0.7432861 1.926919 0.430549 3.042187 -0.9576681 -0.1746008 -0.5703691 -0.6031619 -1.974932 1.917123 -3.018516 -0.9186872 0.4498356 1.087103 0.9664204 -1.230106 -1.076511 0.740782 2.174767 1.896129 -0.8031501 0.4912093 -3.177359 2.415166 -3.882282 -2.489475 4.312251 -3.854159 1.253263 -4.60336 2.112703 -0.4443716 2.594693 -1.967165 -1.884193 -1.832981 0.60699 1.44075 0.04310869 2.907048 2.032146 -4.178329 3.05983 1.545126 -4.72368 1.144994 -1.153788 -0.2295597 2.608001 2.247946 -4.384353 2.426662 0.9969214 2.149255 1.949964 -2.52508 -0.9629799 -0.4438711 1.515783 -3.314395 3.214864 0.08115414 -2.141319 1.924929 0.5796445 2.002997 -0.406253 -0.3550987 2.153836 -1.24759 -0.4584172 2.415427 -4.268847 -0.08782653 0.6011634 -1.449245 3.478162 -3.032019 4.170053 -2.782054 0.1438521 0.5032876 -0.2332385 2.231781 -1.242383 2.781652 -2.278629 0.7808726 -0.06471427 1.141651 -3.510281 -4.608801 3.218311 -4.161069 -2.264802 2.836308 -2.829309 1.912115 -2.754609 2.820846 1.071534 0.8477275 -0.6414699 -0.5647068 0.8754436 -2.652094 -0.005810715 2.224566 -0.7085764 0.6275392 -3.186152 0.1834602 1.768441 1.043524 2.83429 -0.3640851 2.919021 -4.066488 -1.157242 -2.096561 1.57947 -1.750685 -1.949569 1.02103 -1.298634 0.8275244 0.9876151 0.776827 -1.020004 0.3157138 1.56597 -4.676884 1.021277 1.417739 -0.7119324 2.256097 -0.4515863 1.331729 -0.1227188 3.100703 0.605975 1.739954 0.1906042 2.106293 0.4347014 1.079906 2.222881 1.766407 -0.1981269 0.9724018 0.2114747 2.871065 -3.710996 2.724598 3.563103 -2.543366 4.0097 -3.628999 2.624963 -4.391715 1.070632 -1.451794 2.167495 2.60181 1.06305 1.97822 -1.165286 1.521822 -2.739455 -2.248308 3.83117 -3.21541 -1.403703 0.9017282 1.8891 -3.049527 -0.5253189 0.9824675 -2.558061 -1.141312 1.333893 -3.38109 4.784429 -4.252271 0.5043527 -1.339659 0.2098042 0.4230732 -3.688011 0.3629616 -0.7307143 2.928001 -4.330426 -2.160435 4.187353 -3.913986 1.605465 -1.095702 0.4377359 0.285789 -4.298614 1.211027 1.639781 -3.817307 3.11747 3.00881 -3.322759 2.655529 2.577754 -2.379857 1.581221 -1.689526 -1.8521 0.4195478 -0.9686673 0.7876527 2.130136 -2.470416 -1.261438 1.340483 -0.416715 2.380021 -1.742404 0.2350768 0.5269211 -0.7882602 0.1727421 -1.447797 0.04995478 2.393289 -2.146673 1.893132 0.2204105 0.5407265 -0.2956729 0.9884837 1.240847 -2.022502 -0.9589971 -0.5140635 -0.7366973 -1.931213 -0.06173736 2.239077 -0.4821993 2.142986 -1.574893 0.3747192 0.13327 1.100247 2.909062 -1.023567 2.258113 -0.753205 0.02434183 2.583499 3.178496 -3.426116 3.783436 0.7539409 2.040671 -1.285271 -2.46396 -0.1173846 1.855397 -0.2125721 2.654561 -4.060786 -0.9181238 2.460706 -4.552663 0.3703246 0.1367214 1.089024 1.280969 -2.200434 -0.08150057 1.477605 -1.275954 1.690432 1.982637 -0.8565305 2.75233 -1.012462 3.643259 -3.216273 -1.21876 0.7126153 0.6963759 -1.710788 -0.02966957 2.343049 1.49 -1.091757 1.390743 -0.6075068 1.822673 -0.8868802 2.039258 -1.672168 -0.025894 -0.9594227 -0.02241465 -0.4223296 0.8259195 1.810025 -0.6968789 2.810591 0.2907331 0.9914368 1.519332 -0.7620218 2.559826 -2.792802 4.432055 -3.87055 0.4155678 1.827328 -3.415728 -3.49299 4.788544 -4.931988 -0.3971099 1.493304 0.2092943 1.724376 -1.350255 1.741729 0.4381789 -2.111431 2.038085 -2.211474 3.861104 -3.247975 2.218055 -2.856616 1.455448 3.540271 -2.796945 4.005049 0.204208 -0.2491751 2.222325 -2.247471 2.317494 -4.663746 -3.441411 2.528846 -4.30702 1.028425 2.008381 1.027147 -3.19647 2.495519 -4.556845 1.318109 1.572421 2.50948 -1.075319 1.585035 -2.43793 -0.8550548 2.139148 -2.011962 2.013194 0.5175072 1.013607 -0.7169959 2.752092 -4.387488 -2.710525 -0.7102428 1.422341 0.6762645 -3.270282 0.1253078 -0.4871293 2.633683 -4.245982 0.4131854 2.611828 -2.833734 2.435885 0.7183665 2.7295 -1.534369 0.8950398 1.323929 3.325362 0.1177642 1.623498 0.8098847 -0.507383 0.8153768 0.2957166 0.04911701 1.758332 -1.538878 -2.06022 1.031099 -3.270324 2.714886 -3.469147 -2.332845 3.07035 -5.047381 -0.3741139 2.280447 -4.222648 2.667767 1.003953 1.955753 1.043169 -0.03317018 1.618332 0.02406841 -1.443792 -0.06644886 -0.9567232 -0.6205144 2.729065 -2.424946 -1.535595 0.266828 2.062656 -3.554104 3.844417 0.3480825 2.52777 -1.932232 -2.459325 2.361408 -3.170499 -0.1888753 -0.5081698 -0.4103563 0.4253231 -0.1622831 0.3028433 2.812375 -3.664547 3.824279 0.4649744 -1.269287 0.1455122 -2.625023 -1.425832 0.3004251 -3.191871 2.470399 -3.736877 -0.06724644 1.971246 0.8762518 0.3922781 -2.253642 1.329107 2.753463 -1.481064 2.072691 -0.9539098 1.692273 -4.267793 3.125377 -3.167537 4.837037 -3.735676 3.165013 -5.258905 -2.72017 3.614685 -5.198798 -2.395609 -1.122522 1.642969 1.913645 -2.820667 4.102142 -1.261568 3.761813 -3.792334 -0.260492 -0.5485846 2.655686 1.558988 -0.01709791 1.28569 2.366121 -4.11254 2.00896 -1.29135 0.0162666 2.504565 -1.287758 -1.820664 1.729566 -1.591437 -0.3368166 2.50175 -0.3179622 -0.3583942 2.61132 -0.5330638 -0.8260425 -0.6141143 -1.931435 -0.8450249 2.274694 -1.193307 3.737974 -3.717419 -0.5409462 0.1611036 0.06640894 0.6067648 0.3497405 2.057343 -0.8714046 3.547617 -3.779867 0.5169886 -0.6091508 0.1196023 0.8254469 -1.513729 2.283031 2.083472 1.068517 1.269615 2.342109 -1.55495 0.0674588 -2.007329 0.1485533 0.07632761 0.2415696 -3.07114 1.042672 -2.084444 -1.695446 0.3230676 2.240355 -1.522921 2.254159 -2.855569 -0.9384103 0.01927391 1.010887 0.7114613 -1.014571 -1.899218 3.871938 -3.326366 0.8368212 0.3891042 2.417636 1.720795 -2.397533 -0.1404905 -0.265752 0.449885 0.7087273 -2.587526 -0.6388507 -0.3334578 0.1096424 0.5071672 -1.36333 -0.997054 1.534117 -2.335071 -0.2233962 -0.3937213 -0.3851199 3.20057 -0.2077107 1.075924 0.2192415 2.033819 1.262956 -0.3413365 2.901486 -2.271843 2.816361 -1.589029 1.957757 2.557768 -2.123043 0.2004403 -2.652953 2.170129 -3.657153 2.056026 -2.519242 -0.06813727 -3.871802 4.56666 -3.714464 2.520705 -2.173767 3.41741 -1.119264 1.857733 -2.266541 2.103863 -2.856766 4.509401 2.159124 -2.78728 2.408975 -1.862486 2.866568 -2.732623 0.3444671 0.4680502 -0.8599074 3.278457 -1.004386 1.689374 -1.425712 3.520918 -4.506084 0.4938269 -4.53221 1.358775 3.538853 -2.635543 3.94497 1.531832 -2.165119 1.659411 -1.343409 0.1906707 -0.08551593 3.364806 0.003827538 1.617963 -0.6300193 3.483501 -3.347185 -2.787885 2.417431 -4.637647 -1.44105 -0.6607438 -0.8635295 0.3651115 -3.277647 0.527355 3.081966 -1.662924 0.7466617 0.3371752 1.233721 -3.222215 -2.183996 -1.070252 1.97089 2.387262 -3.629556 1.568174 2.362885 -3.087766 4.685895 2.041356 -2.364335 3.559467 -3.775183 2.917668 -3.699951 1.705472 0.155396 3.025342 1.636652 -1.034734 1.357809 1.795812 -2.68893 3.507784 -1.092632 3.021612 -4.548903 1.955876 0.175129 1.072259 1.485442 -4.698357 0.9322227 1.581134 -1.670527 1.755773 0.3659765 -1.15427 -0.008130646 -1.540132 -1.795838 1.653211 0.7661913 0.4825894 -0.8355048 -2.420491 3.747828 -3.139259 -0.6110157 2.80341 -4.285171 0.02537028 2.816357 -3.667128 0.2450404 1.731089 1.693527 0.4331374 1.34787 2.170524 0.04743425 0.8710631 0.345864 2.567191 -3.869161 3.541227 1.212346 1.862603 1.001056 1.230854 -0.3985246 2.031368 1.221506 1.977922 1.192981 -2.66097 2.585231 -4.849126 -0.9302448 -0.09332349 -0.4990665 0.3681441 -4.298383 0.7443609 1.02666 1.606755 -1.284799 -1.315328 1.943981 -2.538614 1.490477 -4.769769 1.417024 -3.883055 3.004159 -3.70316 -1.839942 3.740764 -4.645715 0.4300897 -2.7837 0.8685243 -0.1352194 2.961977 -2.4554 0.2439597 0.2929568 -1.810091 1.879055 -0.7989057 0.5816447 2.711527 0.9682135 1.937861 1.460079 -4.562004 2.401305 -2.037908 -1.779355 0.7961257 1.098879 0.6715685 0.297215 -1.299807 -0.9055393 2.525013 -0.5173819 -2.011843 0.3197156 -0.425165 -0.4671117 2.696535 -0.3437633 1.055493 -0.6600084 1.424785 -4.323046 0.4637917 0.3529435 -0.3037837 0.06012971 -2.289154 -0.04113594 -0.058905 -0.005087685 -1.697652 0.1583071 1.952069 -3.849011 0.8084593 0.8083705 -4.412047 1.98505 2.507237 -2.85153 5.102054 1.048223 -1.61443 2.150984 0.4817753 -4.311666 0.5944914 0.8221928 -2.219587 1.814534 1.902317 -2.964495 2.43026 -2.456006 0.1816734 0.2723772 -0.2068482 2.912979 -2.320646 -1.403137 -1.454133 2.126709 1.167395 -4.236533 0.2725145 -2.74681 2.187842 -3.795139 -3.393579 2.627892 -3.698016 -3.619108 3.707594 -5.497646 0.3646623 -1.637036 0.317498 2.574123 -0.874159 0.3238952 -3.835098 2.926649 -4.982447 -0.2926771 -0.4070527 2.621401 -2.73916 -0.7298952 1.376197 -0.8628592 0.4445223 0.3337422 1.44513 -0.7706845 2.265024 3.34839 -2.502556 3.60502 -1.815234 0.4656604 0.2826165 0.8922043 0.5755424 2.532334 0.6095187 1.414974 2.296364 1.667219 -1.92548 -0.1255982 1.109515 1.164668 -1.035788 -3.987759 3.261994 -5.32377 0.4373919 2.078359 0.5168918 -0.03937367 1.939296 1.001865 -0.5497015 -1.953947 0.2116225 1.177429 -2.917228 1.760865 2.163042 -1.166077 0.1269094 -0.8079768 -2.139823 1.661476 2.232794 -1.30999 0.08715989 -2.17625 0.5426955 1.595703 2.329789 -2.584115 2.56484 -0.976924 3.241876 -2.767478 1.602939 -2.905662 1.587432 1.509646 -0.893878 2.080122 0.243845 2.538468 -3.523572 -2.724958 4.477817 -4.153379 0.57959 -0.567791 0.2269558 -1.122527 -0.02753348 2.559292 -2.374373 0.3293718 1.588038 -0.09681226 0.8356935 -1.256728 0.8543564 -0.5069458 1.540193 2.849251 -3.551418 2.149069 -0.3749467 1.684173 0.08384676 -0.9110471 -1.158018 -0.7906092 1.700952 -1.15574 1.934012 -2.303434 -0.2507164 -0.3048444 -0.174107 -2.382356 1.405171 2.785852 -1.76466 0.2996954 2.265959 -3.165571 4.495478 1.072072 -0.1905078 2.033148 -3.520383 2.77973 -4.887703 0.1653847 1.077122 1.798813 -1.209423 0.7627605 2.145468 -2.540514 4.365848 -4.431479 2.425056 -2.545808 2.619722 -0.1875111 2.02154 -4.086813 0.6849116 0.9037331 2.409809 1.00781 -1.44729 2.205811 -0.05638446 0.4980982 1.410407 0.3084279 -3.550144 1.579767 0.001842506 2.202805 -0.5679378 -2.357132 3.005723 -5.040452 -1.007566 3.491919 -4.120409 1.143712 0.8206253 2.831494 -0.5402649 0.6626348 1.083611 -1.101364 2.001049 -2.187733 -2.827987 2.30689 -3.572818 -0.1988513 1.38937 -3.827245 1.529701 -3.409683 3.232704 2.842459 -1.971617 0.4793844 2.203129 0.7237695 2.828904 -3.554017 2.599056 -4.032962 -0.04107556 0.7278356 -0.115534 1.015115 0.7290694 -0.6655378 -3.53223 4.516908 -3.70372 1.509827 -0.914129 2.169915 1.099021 -0.7502804 1.511347 -2.64919 3.668057 -5.161316 -2.116484 2.818937 -4.936496 1.795292 -1.317494 0.02422317 -1.093754 1.365954 -2.890211 3.06136 0.4306621 1.409633 -2.853143 -1.200446 0.6381442 1.197309 0.3957029 0.993954 2.176319 0.5988215 2.899847 2.535362 0.8821121 2.603694 1.193678 -2.737603 -0.1130369 -2.145541 -0.3417007 2.212466 2.606282 -0.7895051 2.70441 0.4327372 2.083764 -0.3962513 3.226603 0.2390195 1.999708 -0.1662414 1.994379 -0.1420831 2.704171 -0.8419924 2.586658 0.6152506 0.3963217 -1.256836 -0.2281161 -1.663697 2.249641 1.385037 0.3680428 2.964741 -2.970029 -0.0570472 0.9101057 0.5714722 0.4195286 -0.9032842 1.285323 -3.886358 0.1037883 2.322248 -2.697066 0.2198086 -1.585537 3.854101 -4.192741 1.685748 -4.366825 2.741844 2.616586 -0.4905482 2.871142 2.066373 -2.518333 4.462713 1.453683 -3.021619 1.712678 1.6662 -1.006523 1.365853 2.849541 0.7253514 2.362182 1.904608 -2.519056 3.492185 0.7256412 -2.404159 0.6171193 -3.529523 2.80421 -3.601648 1.344254 -2.616576 -0.1325333 -0.9226552 2.623665 -2.318968 -1.790216 -1.79743 0.3164444 -0.2418266 3.071499 -2.604453 0.1859284 0.934509 -3.141851 0.9807389 1.352218 -2.048275 2.270169 0.7947474 1.340354 -4.187124 4.18716 -3.558442 1.207409 2.225442 1.630395 -0.7411393 0.5326619 0.5002389 -1.271929 0.6537086 2.199886 -3.868723 2.762889 -4.125597 1.741214 0.57174 0.9450442 1.525296 -1.909351 -0.1132319 -1.97659 2.471689 -4.775232 -0.3779717 1.815003 -4.139195 -1.152895 0.6004895 0.4901685 0.6037365 -0.3266 0.4657387 -0.7249204 -1.639781 -0.3057931 3.226941 -2.853233 3.197935 -2.991383 -0.6297787 1.089778 2.227573 -4.40086 2.445296 3.051214 -3.563215 3.671269 0.9307388 -4.212509 2.327558 2.134709 -3.046696 4.435176 1.761163 -4.623697 1.504227 -1.782093 -1.542969 -0.3790134 1.109757 -1.310302 0.3356511 1.31547 -4.821875 1.256684 -1.093567 -1.962566 1.707774 0.218956 -0.6926602 2.510216 2.612062 -1.653115 0.1710839 3.365993 -3.072104 4.809449 1.195581 -1.073064 1.997531 -0.6672217 1.880929 -1.713177 -3.448847 2.953575 -3.415264 1.07813 1.3476 2.598147 1.120291 1.414448 2.564584 -2.338129 2.109851 -3.363602 2.653345 -1.688284 0.1939736 1.56972 -3.385435 3.324208 2.256266 -0.112775 0.8533214 -0.7463393 -1.700307 -0.2025621 0.2894094 1.458447 1.945857 -0.6520244 -0.1723058 2.633424 0.9776849 -0.6728767 1.837522 0.8975083 2.062177 0.9781508 -0.684755 3.289778 -4.0563 0.3485184 -0.995115 -0.08225387 2.810333 -2.263408 1.001524 -1.986863 3.42351 -4.909235 2.005774 -2.593654 3.000135 1.915145 -0.7735609 0.5031226 1.48589 -0.3843156 2.733027 1.277177 2.197076 1.935475 -1.491113 -1.735191 -0.1162432 -0.1894955 3.191613 -3.37721 0.9539192 0.827047 -1.862172 -1.89366 -1.585212 -0.1766227 2.040088 -0.4917475 2.909135 -0.9035578 -2.260543 0.8914252 -1.771637 -1.459805 1.901325 1.203433 -3.279249 -0.1188592 -0.3515683 0.6757661 1.509772 0.8011389 -1.699439 2.237336 -3.624457 4.096007 -3.424083 2.902386 -0.9199785 2.346799 -1.787673 1.810755 -4.225143 -3.022769 2.499952 -4.66951 2.175378 -3.025417 0.2859496 -2.414393 2.736286 -2.92063 1.248777 1.010963 0.06124207 -0.3355785 1.093211 -0.7724323 -4.074898 3.477524 -5.477482 1.451487 2.17555 1.683506 3.259374 0.3043432 1.82973 1.804919 -1.278478 2.2667 -1.326992 -2.163022 1.306893 0.3175299 -0.8774546 -0.1294343 2.092624 0.03668404 1.04804 -0.378569 2.095858 -4.213516 2.973833 -1.87381 1.476962 3.142971 -3.479222 3.613078 1.312939 1.106438 0.3607073 -1.591953 0.8934727 1.711395 -2.889595 2.486987 -3.373902 1.260707 -0.4139017 1.875682 -3.208748 2.90585 -5.0784 0.9332062 1.170122 -2.268052 0.7152241 -0.6992639 0.352426 3.005277 0.7595596 1.834129 -1.768721 -1.029316 2.257559 -0.3029586 -1.909672 2.054487 1.258721 -1.559719 1.978755 3.13488 -2.035951 3.832705 -1.609683 2.010414 -2.86552 2.66668 -3.718825 1.913062 -2.826692 2.574254 -3.246418 -3.016148 -0.08783019 0.7168266 0.783579 -0.4243904 1.41756 -1.376132 0.9538845 1.453215 0.6569292 -4.493175 0.6093005 2.955573 0.09423574 0.9427891 1.831474 -2.671624 1.577552 0.01063569 -0.04658674 0.03574823 2.12698 -3.118715 4.364254 -2.453783 0.4246811 0.7841402 -1.89663 -1.804704 0.4845903 -0.6004535 1.604866 -1.039686 1.157259 -3.628889 2.766951 -0.4661548 2.04605 -1.039589 2.658868 -1.99579 1.816081 3.013358 -1.845055 1.415877 1.97614 0.3901833 1.030938 1.866419 -0.5794969 2.839329 -2.642819 0.08172319 1.326889 -0.8427076 0.9634722 1.579576 2.794071 -2.612105 2.717348 -3.911981 3.231216 -5.302483 1.725356 0.004136893 1.200567 -2.480215 4.354949 -4.073724 -2.328511 -0.5695961 -0.5248954 -1.890543 2.650755 -2.71186 -4.063345 2.839347 -4.330725 -1.13079 2.153814 -4.540849 1.583606 -4.468928 2.634157 2.099351 -1.341546 0.04481005 0.5701237 0.4360346 -2.104038 -3.090983 -0.6223668 0.5296509 -0.3359396 2.536274 -1.847404 -1.522457 -0.3386971 -0.7403232 1.527637 -4.748893 1.24816 2.311552 0.4036739 1.04161 -1.513903 2.681041 -2.620738 -1.963128 0.3426755 0.2171848 0.6303945 1.953162 -0.3198661 0.9623254 -0.07440397 2.010337 2.109162 -0.695595 0.4052184 -1.895246 -0.005018922 2.234202 -0.6550472 -2.320894 1.491263 3.254429 0.2906367 1.873673 -3.592233 3.076089 -3.43734 1.271436 -4.577136 2.196366 1.779449 -0.6059762 1.314469 0.7987693 2.011754 -1.378862 0.6385517 -2.144993 0.5808555 -0.3754146 3.148715 -2.679498 -2.277979 -0.119704 -0.1759278 -3.567156 2.585844 -4.203904 0.6100947 0.4653166 -0.5274812 2.323749 -1.034404 2.662617 0.4245142 2.198858 -0.7910355 -1.259624 2.524948 -2.455836 1.75443 -1.392218 -0.001947509 0.5188572 -4.549931 1.375201 -2.230111 -0.3446392 2.164822 -4.252512 2.935826 -4.589071 -2.466609 3.11671 -5.091885 0.2029323 0.7807771 0.8082681 -1.358571 2.143579 -2.478374 2.992442 -2.673466 2.921607 -3.464564 3.918568 -5.466222 0.2533802 0.3986346 -1.373992 -3.345627 2.61645 -4.702851 -1.99681 -0.8302268 2.247585 1.464511 -1.310417 0.2196123 -0.6918873 1.86742 -1.742307 2.029945 -4.331629 1.730024 0.3751332 2.132948 0.7661089 0.1442313 2.613399 -3.651688 -2.037021 -0.719766 -0.7206295 -0.6126066 1.56007 -0.8826014 -1.154901 0.6708114 0.6211656 -1.658862 0.1318527 -0.04786595 0.5130606 2.400771 -2.884623 -2.25347 0.49255 1.564675 -1.655016 2.303168 -2.673302 0.5492361 -0.08939514 1.192251 -0.9057095 1.923257 -1.989698 -2.045477 3.974958 -3.44011 0.9954514 -3.681263 0.05102162 2.319368 -3.085518 4.640184 0.1639756 -2.191218 1.833326 2.203925 -4.418451 2.466784 -0.4498949 -1.075242 2.605538 0.2817351 0.560153 -0.1224094 -0.07904667 1.957251 -4.002647 0.6769393 2.218643 -1.717523 -0.4270605 -1.55007 2.31444 -1.219583 2.297431 -4.602087 -0.9006671 0.3468785 0.1860633 0.8907979 0.4235406 2.481858 2.942621 -3.526069 2.500306 0.1916942 0.1700563 0.66423 -4.381664 3.039234 -4.23277 2.723741 -2.871521 2.278653 -1.780463 3.600201 -4.709343 -0.1209269 1.704573 1.104834 -2.781109 -0.1005197 0.269165 1.96266 1.688693 1.56073 -1.86743 -1.28128 2.014302 1.32027 1.612499 0.7354057 -1.940153 -1.606557 -0.08054038 3.017463 -0.1512874 2.6206 -0.3040296 0.9580924 -0.3624211 -1.787938 0.4947993 0.3111146 0.6233532 -3.405779 0.1640594 -3.160715 4.671124 -4.670613 0.2625383 -0.5678234 2.423476 -4.03545 2.966656 -3.89895 0.8441041 1.096785 2.550344 -2.564317 0.07390667 1.507708 2.066913 0.4796909 2.990461 1.476125 -2.097902 1.676977 -0.6536626 1.013915 -3.125319 -1.027125 2.126215 -2.120362 -0.4888615 2.43779 -1.864212 -0.6655714 1.554216 -1.57686 2.076092 0.7167351 2.899523 -1.842085 0.5547506 0.4309703 1.938747 1.7888 1.66173 3.324663 -0.9492098 1.52107 -2.046308 -1.730911 0.4075682 -0.9780372 0.8457314 1.136744 -2.736639 -0.02599341 1.279293 -1.958947 4.050094 -4.306697 3.3049 -3.268316 3.987451 1.126942 -0.2306184 2.229768 -3.547211 4.53613 -3.720363 0.01662137 3.072447 -3.197704 -1.196676 3.077942 -2.70449 2.935044 0.0865697 0.9275368 0.08571758 1.759994 1.425182 -0.5062469 2.110902 -1.586731 0.7811627 -4.544159 1.735457 -2.208401 -1.179475 1.867312 0.9980852 0.7003866 -0.6555808 -1.925606 -0.3887897 2.343682 -0.4778819 -0.9681385 2.652193 -1.463869 0.6513483 2.11951 2.65421 -3.185739 1.849035 -0.9925679 2.954833 -2.569482 1.073999 0.8861824 -1.191973 -2.471958 0.1434392 1.618014 -0.7264094 -0.959412 2.633319 0.9067953 1.183629 -2.335702 -2.411091 -0.3790312 2.038028 2.341798 -1.3306 0.1082955 3.035941 -3.215847 2.710551 -3.06107 4.17652 -5.199431 -1.58747 3.908391 -3.989351 -1.642593 -1.715309 -0.0675652 0.4210911 2.144728 1.044767 -2.292992 4.241424 -4.342978 -1.534997 3.001161 -2.73313 1.527493 -1.905533 1.723848 0.9381171 1.63942 -2.131636 2.245554 -2.150333 3.796324 0.07438163 0.2916576 0.7811055 1.75929 -2.898269 3.676202 0.6583146 -3.79613 2.163371 -3.08092 4.649387 -4.558428 -2.33004 4.060552 -3.458235 0.07567652 0.8096734 -3.030232 -2.765472 3.544758 -3.080661 2.082771 -1.9494 1.935577 1.125345 0.7635288 -0.04038882 2.539828 -1.720549 2.034272 -0.595668 0.594842 0.7849234 -2.398056 3.829813 -3.201004 -2.410936 3.21476 -5.090971 1.257453 -3.103942 1.818472 -0.8744473 -1.611023 -0.4348261 -0.1174529 2.850985 -2.258955 1.041884 0.03846413 2.45172 -1.470812 3.541134 -4.52527 0.8980734 1.813151 -2.20419 0.5836815 -4.39585 1.710775 1.524385 0.9165529 0.704863 0.07291411 0.3659177 1.004564 2.211086 -2.170602 3.831887 1.120459 1.71845 2.386141 1.252734 -1.737271 1.934256 1.293406 -2.262333 1.65939 -1.935765 4.020861 -3.604288 2.523454 -4.098547 2.875877 -3.480612 4.432905 -3.62976 0.2398379 2.387306 -1.514143 -0.5946981 -2.395649 1.298397 -1.150705 0.7335603 0.7546164 0.3735671 1.377791 -3.26231 0.961272 1.705892 -0.9599996 1.875029 -0.8197711 0.5224221 2.953908 -1.863047 1.542984 1.075137 -2.909557 -0.0887205 2.356929 1.301608 2.290491 -0.6136612 -0.05074659 -0.3338866 -0.5441031 3.344523 -2.952145 -0.4748441 2.790927 -2.173025 0.1642587 2.628712 -3.60683 -3.518612 2.71305 -3.706891 3.184825 -2.350494 3.503846 2.793295 0.9137869 2.031787 -0.5015682 2.263163 -1.735386 -3.167214 3.814979 -5.358095 2.811004 0.3716018 2.721166 -2.9849 -0.5059813 1.124199 -0.2180621 -0.9561878 -0.5052083 -0.4639669 0.1823762 0.1212834 -0.2501067 2.531403 -1.810066 -1.631166 -0.01098142 2.374032 0.5930301 0.4100709 1.25039 -2.497379 3.482725 -5.122744 -0.03275849 2.870151 -2.352897 -0.6240401 1.7347 -0.8730282 -1.014029 0.6808015 0.6897373 -2.391664 0.1245437 0.1900975 -2.915046 2.259169 -3.964746 0.1790515 -0.03884315 0.1822385 -0.1646985 2.810163 -3.942494 0.7580492 0.4607615 -1.030217 1.122173 1.436283 -0.41158 2.841469 -0.9056489 2.422325 -1.414132 0.9494098 1.739888 2.900583 -3.365653 4.492194 0.171606 0.2841345 1.580761 2.15106 -0.5170262 2.913903 1.838136 -4.028423 3.094854 2.922826 -1.698645 4.324622 3.08672 -1.678073 1.434782 -0.529051 -1.509072 2.334435 -3.515728 2.874012 -3.522861 -3.388413 2.959826 -3.373637 -0.8269898 2.21331 -2.027034 -2.765822 2.886213 -3.058712 -0.2048857 2.135124 -0.527869 -3.341345 2.521147 -3.85582 0.1293556 0.2687687 0.8229533 1.105203 -2.70256 1.662814 -1.627873 -1.511892 -0.5533893 1.280197 -1.81875 0.06379891 -3.779921 4.900623 -4.156741 1.028469 -4.167604 2.476022 -0.3870623 -1.869907 2.068451 1.383211 -2.401104 -0.1264982 0.4746092 2.522788 -2.726746 1.508213 0.8678827 0.7101708 2.487766 -1.821933 4.46033 2.723058 0.7066613 1.499077 -2.189842 -1.692633 0.5562398 -3.348538 2.736053 -3.513226 1.847861 -3.07654 2.187217 -0.8296669 -1.51726 2.277292 0.5210477 -2.810997 1.397129 -1.007519 -1.689108 -0.3337023 2.270172 -2.108357 3.907252 1.567487 -4.220859 0.4979699 -1.251644 3.650191 -4.132174 0.7983212 2.009253 -1.364235 2.359926 -0.9102182 0.2968415 -3.351148 4.315244 -3.540652 -0.013775 1.599673 1.377955 1.979191 -0.4382215 0.9403441 -0.1545385 0.7832369 -1.378648 -1.948027 2.88686 -4.90852 -4.030936 3.183952 -5.247015 -1.505456 1.757433 -4.283554 0.1772998 1.448952 -3.538585 0.4191968 -0.1670612 1.920953 2.183658 -3.510517 4.00998 2.314716 -3.872646 1.620332 -1.584601 -0.9561625 -0.8645543 -4.052858 2.849958 -4.212412 0.1280564 1.425351 1.722324 1.127547 1.176517 -0.7228289 -3.219506 3.089716 -5.201903 0.2269525 1.886533 1.502518 0.4940787 0.5291265 1.05359 3.35678 -2.320691 3.75457 -1.32859 1.439406 -3.645116 -2.599033 0.2390514 0.4357225 2.597017 -1.033654 2.536146 -1.980324 0.3107624 0.1970434 1.255982 1.057128 0.06396442 -0.2293634 -2.325102 1.036377 0.306999 1.512729 -3.422294 -2.917781 2.262015 -3.9441 -1.549886 2.665941 -2.625663 2.018428 -2.722229 4.368149 0.7896328 1.848133 0.3063555 -0.6097209 0.5607253 0.6551964 2.811065 0.6403344 2.517915 0.6614333 -0.2671835 1.180187 -1.516378 0.3365183 0.07190065 1.944959 0.1717783 3.022614 -0.2865715 3.221574 -3.48161 -1.974788 3.975539 -4.493478 2.463818 -1.14688 2.530159 0.2180798 0.6584376 -2.770244 3.177061 -3.435114 3.516982 1.289936 1.399947 0.421349 1.598906 -4.690387 1.834221 0.9117908 1.660793 -2.271372 -0.7612056 1.842687 -1.819591 -2.285172 4.222187 -3.823097 -1.549412 0.7583035 0.8315557 -1.674115 -1.543649 -0.4568337 0.7245705 0.5246832 -0.3237073 -1.973225 3.504438 -2.999579 3.159593 -3.342634 3.167253 1.973355 -2.169062 1.791992 0.5984562 -0.236361 0.6622862 -2.087173 2.709146 -4.891984 -0.09868868 -0.2735262 -0.2448093 -3.710984 4.135053 -3.453062 2.240174 1.242417 1.689107 1.148191 -0.8168229 1.366858 0.03262648 3.067652 -3.137053 2.785296 -0.2947112 2.84231 -2.064164 -1.706705 0.3386418 1.537603 1.651736 1.037443 -1.790398 0.6375987 0.592427 -1.505494 -1.865023 0.3213726 -2.919518 -0.9043303 1.043161 0.8039024 -2.024524 0.4301787 0.4316787 -3.436535 1.69265 2.015287 -2.659654 2.863693 -0.8310921 -0.1119407 -0.484082 1.472583 -2.33658 -0.134694 2.688044 -2.215515 0.4055765 -0.2230868 2.586895 -4.086763 1.609319 1.154243 2.811622 -2.879018 2.391556 -4.556333 0.5674504 0.4536571 2.120924 -2.643035 4.38131 -3.882851 -1.945742 -1.66652 1.601186 -1.460134 3.531171 -3.017777 -1.583584 0.04342825 -0.2012682 -1.031551 -2.055137 1.661448 3.173858 -0.8500615 2.014742 -0.0202838 1.813486 -3.912982 1.849034 -3.095311 2.128133 0.2603234 -4.112872 1.491278 -2.592203 4.407961 -4.09283 2.725744 -2.097236 3.554032 -2.201894 -0.8694992 2.093035 0.2926119 -4.109312 0.7032822 -0.4357509 -0.9047322 -0.5841486 -1.258592 -1.094644 2.415352 1.03874 1.340778 -1.594392 -0.6142012 1.786239 -0.4823146 -1.240452 -0.3340593 2.617145 1.941001 -4.434655 1.6048 -1.772301 2.169619 -2.854487 2.389194 0.4041083 1.038562 -1.597188 1.655133 -3.458073 -1.807681 2.97136 -2.755535 0.997336 1.657396 -1.010458 3.482006 -3.000857 4.752615 2.31523 -2.471659 5.089853 -1.739455 -1.32144 2.052545 -0.9466333 -1.692596 -0.3017691 0.1551818 1.645945 -3.676872 3.076816 0.5586501 1.616014 2.777838 -3.838 3.012456 0.3543662 -3.276808 0.5485274 -0.1204999 0.3826852 1.8728 -2.966246 0.00160079 0.6662229 0.2197151 -3.233458 1.015514 1.767134 -1.269684 1.902265 0.3638627 -1.375098 0.1349792 2.09091 -2.936688 4.441608 0.4663151 2.015981 0.3046306 -0.05128086 2.860529 -3.728151 -2.048085 -1.768874 1.053039 0.2635443 -0.1230008 2.046152 -2.114809 2.065335 -3.219287 -1.178493 -0.3995918 -0.7555243 -2.192255 -1.698898 0.6912622 -0.9800345 -1.797868 -0.0266831 -1.425362 2.676001 -2.594564 -1.245087 -0.03665223 -0.4503594 1.129202 0.7780116 2.823734 2.48758 -2.681522 1.13473 -0.6428244 -1.9781 0.2249027 0.7538472 0.6109205 2.421009 0.6865621 1.942187 -0.5129632 -1.367189 3.765494 -3.319343 1.27315 -2.124635 -0.06579063 0.8753538 -1.50182 0.3331856 1.932691 0.7136768 0.9532767 0.3033324 -0.5956039 -0.1069455 2.680664 -2.637084 2.54245 1.83041 -2.712399 3.06018 0.2036691 -1.703755 0.3043356 0.6994777 2.162217 -2.605119 -0.2686017 2.934268 -3.963311 0.5166634 1.217501 2.265954 0.4826679 -2.892133 0.6571056 -2.550485 -0.8355702 1.630524 0.7798383 -4.557721 0.5933554 -2.240778 4.236403 -4.191902 1.957699 -0.1173329 2.971442 -2.123689 -1.723622 0.5653757 -0.7294463 1.02626 -2.356408 0.2985918 -0.3417622 2.206092 -1.6973 -1.98234 1.126067 2.969817 -1.178812 2.073463 3.122817 -3.34399 3.062968 -0.2950929 -2.392373 1.223627 0.5943093 -1.294715 2.426397 -1.760739 0.8481578 1.536598 0.4307923 2.020413 0.268705 -3.031548 4.048627 -5.242813 1.482269 2.17805 1.765058 2.081938 -0.08776006 1.029774 -0.7281941 2.467787 -2.093489 -2.145563 3.332561 -4.997107 -2.385497 3.010823 -5.048461 0.5815409 -0.1789371 0.8303969 -0.4067093 2.093662 -1.006746 -0.2342872 -2.254135 1.740391 0.1898778 2.70695 -2.169027 2.805783 -2.648761 2.669416 1.834 -3.240129 3.814357 -0.1390469 -2.032241 1.998214 -3.926101 2.787005 -4.575592 0.07888316 -0.5089703 -0.2507724 -3.160449 4.404125 -5.108932 -1.160931 0.8189026 0.9940908 1.576317 -0.8110545 2.605549 -1.140253 0.7138755 0.7147056 -0.654097 -2.334941 0.9742249 0.9713404 1.6697 -0.002685132 2.186249 -2.876889 1.471097 0.7084691 0.4072263 -1.412115 -1.876301 -1.38134 -0.6069616 1.8583 -1.360243 2.169623 1.736756 -4.623533 2.026278 2.337304 -2.70628 5.002951 -4.050017 3.39038 -3.557122 2.720897 -1.845334 4.070059 -1.32619 -1.392702 -0.760722 -1.16748 -0.9809353 2.506265 -1.844648 3.151784 -2.820868 -0.3850537 -0.5532569 -0.4990392 -1.738689 0.08598077 2.274751 -0.5800586 0.874038 -1.78343 1.896769 -1.017585 2.66045 -1.602345 -0.4901795 2.521127 -1.671051 0.7916797 1.84959 -3.540493 4.036261 -5.486302 0.9730333 1.192053 -2.120716 -0.1139055 2.012954 0.4923052 1.926181 -2.218031 -0.1061933 2.428888 -4.088855 2.056715 2.90831 -2.067709 0.8074532 -1.717568 0.4607907 2.085191 -2.954905 3.988465 -5.22339 0.9462678 -3.476193 0.01860111 1.960291 -2.410915 -0.1052073 -1.168192 0.7404715 0.7667636 3.162492 -0.380444 2.241839 0.6689947 -4.04653 2.146899 -2.1177 1.928797 -4.225764 1.442968 -3.919164 0.1746158 1.302091 1.184588 0.3107732 -2.885881 -0.7627791 1.199192 -2.094698 -0.7854217 -0.7041065 -3.708659 3.275514 -3.4152 -0.5205222 -0.2982363 2.654583 1.517456 -1.789553 -0.09553224 0.5378546 -2.929475 1.531903 0.5454513 -0.4980089 0.2034908 -1.068658 3.526551 -4.134602 2.586582 0.8427947 1.574513 2.315531 -2.190804 1.885773 1.096162 1.137594 -1.309853 3.270743 -1.199759 1.080138 0.9386329 0.625961 -1.52402 0.1449583 0.5260773 -1.289599 -0.8746926 -0.1293962 2.62587 -1.513474 2.136632 -2.646809 2.145795 -2.242893 3.729934 -1.324878 2.140861 -4.555624 3.357904 -0.2226884 1.372967 -3.089138 2.517131 -3.526666 -0.8949054 0.7103524 0.8489827 2.606421 -3.641366 3.980257 1.088724 -0.1980688 1.905786 -3.72563 2.928248 -5.021251 0.4567912 -1.119914 0.07007799 1.231913 0.5430337 0.763896 2.438725 1.227242 2.245384 0.660907 -3.80789 0.2184243 1.556253 -3.863474 3.00535 1.857102 1.722409 2.362704 2.851212 -0.9513497 0.383144 -1.120555 3.696967 -3.340762 -0.1207283 2.175886 -0.5854952 0.3044794 -4.342292 1.127664 1.530248 -1.968818 -0.1194955 2.130358 -4.013494 1.414085 1.226827 -3.597304 2.840111 3.359427 -0.291547 1.877356 -2.934925 -0.08011192 0.445177 1.796404 -1.266294 0.05160793 -1.365059 2.998544 -4.665583 -4.10741 4.132711 -3.527044 -0.189621 0.5725551 1.388491 1.478379 -3.389867 3.14396 1.950025 -0.7716728 2.785399 -0.6423803 2.750834 -4.327872 -3.28032 2.680378 -3.511753 -3.954412 4.111922 -3.487857 -2.108858 -1.730444 1.041521 -1.459959 3.844625 -3.488441 0.4948728 -3.964446 0.3857242 0.6968727 0.7341176 -2.44347 0.742763 1.434856 -2.714154 1.671306 -1.360248 1.707974 -0.9563166 2.80965 -2.457271 -1.291475 3.190612 -2.776676 -3.794459 3.762613 -3.386882 1.777636 -2.963114 2.57642 3.079962 -1.788976 1.212824 2.436079 -2.079687 1.908009 1.108052 0.3552224 2.687939 0.5773934 0.3574609 -1.843392 0.7781516 0.5418997 -0.1061582 -3.415787 2.852024 -5.006412 -0.5681721 1.32665 -1.380631 -0.01202219 0.5037867 -2.482419 2.618656 -1.852347 1.93437 1.429528 -0.6031744 2.511705 1.458243 -1.61456 1.797258 0.503624 -1.334463 2.46241 3.273589 -0.7366156 1.108941 3.26968 -0.3987886 2.059194 -0.5282235 3.066463 -4.111965 2.258349 -4.304525 2.182224 2.061131 -2.44446 4.388547 0.3487233 -3.943606 1.741858 0.1459432 2.113609 0.5337374 -4.324431 2.992004 -4.285069 2.749297 -1.819389 1.858749 1.701898 -3.893489 3.108843 -0.9732115 1.932409 -4.416189 -0.7308279 -0.09201182 -0.4269697 0.3744954 2.301035 -1.283581 1.307231 0.01713018 2.773631 -1.561472 -0.08738594 2.436576 0.8204805 -1.46733 2.291911 0.9923966 0.7417995 -1.50012 1.079957 -1.424533 2.163007 2.86709 -3.61731 3.894109 -1.078945 3.008312 -4.54539 0.3970434 2.008222 0.124719 -0.9282334 0.6336322 2.239238 -0.103381 1.075245 -3.443556 1.028537 -2.763495 -0.05776932 -2.630553 2.17749 -3.593235 1.467098 -1.919065 -0.1036634 -0.1254226 -1.544685 2.40698 1.046111 1.685076 0.3598136 -1.348057 -1.738315 -0.1765921 -0.6019809 3.42703 -3.589478 1.640835 -2.90883 3.201623 -0.6082578 0.8909499 -2.385093 2.642034 0.05486542 0.8681884 -2.766543 -0.6124299 -0.07539339 2.198954 -3.782795 3.645231 -0.6219355 1.010747 -3.195932 -3.070724 3.132756 -3.145448 -1.711841 -0.05912126 2.355445 -2.246025 4.218712 -4.324347 2.462462 0.662591 2.744581 -2.546942 4.39345 -4.150521 -1.453968 -1.511793 -0.621697 -2.472676 4.078552 -4.85114 0.1533869 0.5952227 -1.076981 -1.842399 2.81526 -2.719241 -1.572557 2.984762 -4.766382 -0.9025818 0.6110718 0.5828049 3.256633 -0.9326875 0.9635469 3.020388 -0.6251518 2.395268 -3.395232 2.532222 -4.43914 -0.9843379 0.2979781 0.07826926 1.668231 -4.623649 2.261518 3.015404 0.1990666 1.039905 -0.38972 3.012561 -2.44753 2.386894 -1.482657 2.268817 -0.982292 2.080372 -2.079162 -1.96453 -0.1901579 -0.4254053 0.4157055 -3.307993 1.602985 2.22243 0.5209081 1.059517 3.448414 -1.891633 4.292153 0.5855435 -4.234551 1.907869 0.2500804 -3.543907 0.7128549 2.349205 -2.556092 2.622112 -2.085488 0.5670298 0.636569 -1.612861 1.732651 -3.285398 3.467063 -2.561965 3.79287 1.793348 -0.9350503 0.4870249 2.358271 -4.294064 2.437078 -1.818986 -0.9813257 -0.8037643 -2.273245 0.5508932 0.9161505 -0.527077 1.052451 -1.502564 -0.03710402 -0.6951499 2.611518 0.2103236 -3.573646 1.299087 0.5617633 0.4120555 -2.052441 0.9678228 -1.729772 2.160902 2.465364 -2.177846 3.429379 0.1673877 0.3018755 -1.875612 1.192755 -3.266888 2.577482 0.576719 -2.723277 1.34831 3.174142 -0.02718534 1.109563 -0.9919162 0.810039 1.043225 -0.3024346 -2.390533 1.446998 -0.1914439 -2.190053 1.832312 2.95982 -1.744618 4.23197 -1.019374 0.8252448 1.06447 -1.136967 0.03970745 -0.3383217 0.3465518 -1.078333 2.53 -1.203653 0.4911995 0.2789223 0.1047031 -2.280974 1.590283 -3.508894 4.576539 -3.773764 2.318604 -1.627542 2.148934 0.5339239 -0.5149621 0.1786837 1.46531 -1.287038 0.2382562 1.919698 -0.8708966 2.731421 -2.146981 3.815037 -4.817869 1.343596 2.0091 2.258214 -1.120948 3.177911 -2.742278 1.425216 -1.032765 1.239927 0.7434446 1.338493 -2.700085 0.3637629 -4.337932 0.8019228 -2.232928 0.5959999 1.13665 -2.825999 4.513128 -4.091006 -1.368222 -0.06001817 2.501254 -1.304266 -0.6382844 -0.8592106 -0.2172536 2.907791 -2.308756 -0.4471551 1.119869 -1.388718 -1.294041 -0.9499427 -0.8819188 0.5887457 2.020506 0.5210456 -0.1598633 0.9383812 -0.9681218 -1.548012 2.694191 -2.633238 -3.060712 4.382174 -5.047212 0.1687188 -2.275115 1.511608 -0.5130938 -0.7264155 -0.5855505 2.785532 -1.828699 0.3177754 -3.084707 -0.3721496 0.5402326 0.9989752 1.330752 -1.882565 -0.9857358 0.005786903 -0.3849326 -1.35177 3.586906 -3.064165 -0.7717645 -2.014258 0.2713369 2.113538 -4.236204 3.011737 0.9110167 -2.803863 0.01836159 3.055702 -1.029297 0.5421479 2.511755 0.3580403 2.853469 0.2819968 0.1802564 0.9171036 0.865055 -3.6402 0.08571097 0.4040479 -3.378622 1.62569 0.2112473 2.811192 -2.53516 1.807953 -2.86347 2.76257 -1.129169 -1.417709 -0.7245954 -0.09585174 1.106089 0.8980522 3.262017 -1.181029 1.004522 0.04618625 -0.2767926 2.390268 -3.537539 4.461489 -3.649751 3.234461 -0.9082488 0.8851418 0.9459581 -0.03475812 2.158156 0.4503915 0.4908316 -0.3153526 -0.2606362 -1.572542 -0.1294321 -2.615556 4.093269 -3.420353 2.127028 -3.286233 0.784889 1.406319 -3.732449 2.966161 3.132313 -0.2403345 2.310306 -0.5374969 1.943507 -1.157289 -3.077541 -0.6804687 0.4940782 -0.5055677 0.2833409 0.2426548 -0.3611921 -1.304731 2.511843 -0.2366249 1.896708 0.2911848 1.621751 1.683914 1.149384 -2.774881 3.0616 -5.137494 1.504102 -3.45379 3.175596 2.450535 -4.214841 2.487647 2.068615 -3.755229 1.123409 2.05746 -2.678297 2.7427 0.6376557 1.710014 -2.981176 -2.371639 -0.107778 1.956058 -0.307114 -0.01872519 -0.1245551 -3.040836 -0.4767124 0.4084912 -0.5009675 3.304187 -3.718765 -0.5544113 0.8489 -1.743302 0.3315009 -2.919434 0.8826294 -0.4774902 1.939308 -0.4189455 2.482006 0.0143143 2.930719 -2.256298 3.342656 -5.040329 -2.511357 0.1057107 1.583433 3.118488 -1.28401 0.6309742 -0.557632 1.335647 -3.896441 -1.040476 1.226358 -3.507074 -2.356454 0.4834232 1.316587 -3.05472 2.943288 -5.106475 2.970695 0.1334589 0.9673862 -0.2437015 -0.4247765 2.60741 0.2723384 0.4262498 -2.331246 -2.926461 4.381361 -3.697931 1.460722 -0.7591053 2.397153 0.3162176 -0.4806334 -0.05991626 1.956854 -2.55211 1.642994 0.2836245 2.812824 -2.873725 -2.944945 4.56213 -4.086415 -1.642682 -0.1433245 2.421175 1.777184 -4.455018 2.707861 -4.017512 2.967268 -4.963684 0.7346632 1.91756 -2.69103 0.8461667 -0.5506639 1.871325 -3.535918 2.892418 -3.523508 0.5084903 -1.22432 2.470099 0.8426058 0.4930532 2.461744 1.12117 1.393647 -0.5807228 -2.319342 -0.9650982 1.911692 0.06016284 2.247991 -0.8087667 2.343518 -2.852971 1.153629 0.3795666 2.05903 -0.2779469 0.9366161 -2.112651 0.3628043 0.5438644 -2.915297 0.5477778 1.997441 -3.606674 0.6797051 -0.3236718 0.8379359 -2.994594 -0.1942985 1.053637 0.47296 1.820111 1.590926 2.485605 -0.9831603 -1.097023 2.474957 -2.040842 0.3404332 1.937607 2.551831 -2.538483 2.645873 1.870312 -3.261543 0.03977934 -0.2319421 -0.08010361 2.475228 2.944057 0.2671474 2.653308 0.3064195 1.314683 -3.302801 -1.241235 2.155862 -2.329262 -1.697833 0.2915193 2.190346 -1.27535 0.1844646 2.455917 -2.756249 3.03458 -3.026973 -2.641001 -0.3103664 -0.04088287 0.007867898 0.7177166 -1.220172 -2.676365 -0.4843216 -0.1273773 2.60325 -2.406948 0.4128377 -1.154329 -1.516591 -0.6397882 0.6843436 -0.507791 2.014065 2.772776 0.03884156 2.851925 0.04661332 -1.386501 2.527059 0.3369143 -4.267058 0.7675753 1.316238 -4.549739 2.306378 2.93766 0.3196958 2.626996 -0.1369698 0.6061773 -2.609136 -2.543324 -0.3135412 -0.1574302 0.4004633 0.3681226 -2.132119 0.5564368 -0.8003256 2.361884 -3.189631 4.685157 -4.681805 -4.602661 3.653586 -3.758147 -2.679931 -1.391191 0.3550172 2.579411 -1.358492 2.28211 -0.3112306 1.243158 -3.758085 -1.236612 -1.733267 -0.2212763 -2.204693 1.918888 -3.651098 -3.558456 2.587992 -4.122178 -0.1788719 2.129311 -0.465353 -0.2735371 0.6147596 -1.573067 0.1030103 0.8610333 0.8353929 -1.967813 -0.5940482 -0.7220319 -3.399758 2.681928 -4.787171 0.09917871 2.471791 -1.686286 -0.6634867 1.664162 -1.602321 -2.844603 0.0245783 0.4368238 1.168907 1.355277 -0.3228305 0.07978763 0.243 1.782779 2.079159 -1.783459 2.00352 0.4708358 -3.10539 0.4694827 0.3891225 2.079484 -0.3396982 1.997243 1.500006 1.41014 1.670687 -1.056949 0.4320219 -3.023341 4.611361 -4.158194 -1.166711 -1.677578 1.991447 0.1837362 2.109193 0.4647645 -3.625099 4.900781 -4.312446 0.7401594 -3.820361 0.1798965 0.9602922 0.6367766 -1.334371 -1.221677 3.360199 -4.478357 -3.681265 2.930196 -5.036631 -2.626327 -0.3765801 -0.1159157 1.93323 -0.2142733 2.952538 -0.4402188 2.219187 -1.595185 2.180164 -3.181505 1.665369 1.296136 -3.164667 2.373431 2.234256 -2.095882 4.182535 2.076866 -3.961143 1.233575 0.6379207 -3.663621 0.1955915 0.8535996 -2.561822 0.3557083 -1.048926 -2.155561 1.579174 -0.5344045 -0.1334427 -0.3791513 1.672726 -1.156748 1.672809 0.06982309 2.034517 0.1132606 -3.54353 2.58374 -4.380556 1.708537 -0.9632628 0.8063931 0.579969 -3.500779 1.906167 0.3905067 -0.3095881 0.09686451 0.3866231 -2.790256 1.139092 0.3600565 2.54224 -1.983483 1.98397 1.807332 2.007905 0.9341134 -4.716524 0.7352702 0.5666779 -0.7568344 0.1607207 -2.881023 -1.045962 0.9263682 0.3058495 0.3004262 -1.954041 2.306524 -2.109341 0.05207082 -3.839323 4.089965 -3.458444 1.745 0.6726753 0.8948443 0.6341643 0.3403869 1.338913 1.24578 0.9040793 0.2346843 0.8839444 0.293514 1.209762 1.770869 0.5077641 0.9817946 -3.092897 2.449258 -3.641245 0.7402923 -3.01383 1.725817 3.245739 -3.219444 3.294769 -0.9253372 3.414579 -4.150743 1.703153 -3.843161 3.158576 2.434504 -1.22306 0.1807909 -2.264704 -0.4158218 -0.4708918 -0.02376703 2.848566 -2.313929 1.686536 0.4339399 1.014951 3.060442 -0.4310049 0.7089937 -2.146729 4.155981 -4.339514 -2.171384 0.3003892 1.864833 0.02127323 0.04924573 0.1707587 -3.030254 2.707517 -3.292538 2.156779 -0.08656701 0.9726221 -0.07667281 0.8407201 -1.134332 2.769988 -2.341684 3.158274 0.9909752 1.637709 -0.8401451 -0.930069 2.187692 -2.076286 -1.321708 -1.972022 0.4296082 -4.592562 3.101764 -4.611505 -2.142731 1.88819 -4.062994 -2.160764 -0.7308022 -0.6698388 -0.6746336 0.9599054 -2.315766 -1.687698 0.1538743 2.268262 1.602139 -0.5711514 2.734391 2.717566 0.5768848 1.32573 1.593097 -0.9568482 1.850233 -2.239144 -0.01165123 -0.0443502 -2.645203 3.952245 -5.061166 -2.409042 -1.574361 0.6780373 3.204125 0.2342283 1.388838 -2.675105 0.2703802 0.6324843 0.9494978 0.6362261 -0.7019467 1.863392 -3.560578 3.617372 0.9371172 1.163185 -2.253858 2.300091 1.061622 1.581116 3.38155 -0.4700747 1.435954 1.653616 -2.298734 1.641783 0.6908792 0.4911323 -0.5283871 -0.5781566 1.313226 -0.5268663 -0.8133522 1.314334 -1.982857 0.6800244 -1.443379 0.3097458 -2.678919 3.792511 -3.177062 1.552485 -3.095378 3.210183 -2.032593 0.6413521 1.626218 0.7979376 0.5474073 -0.1180011 2.711986 -1.885039 1.846092 0.7701007 -0.4272384 1.004508 1.753111 -3.010498 2.469461 1.436719 -4.55509 2.402273 -1.911846 0.2431874 0.1255589 2.398643 -2.369129 1.756783 2.026367 -3.13725 4.201795 -2.149508 0.5338917 0.5968258 0.1281878 2.907306 -3.337921 -2.962651 2.687061 -4.910468 1.618109 -3.568808 0.03789616 2.41748 -0.9214091 0.2965452 -1.635228 2.17937 -4.601528 -3.224929 4.489714 -3.742865 1.485956 -2.238293 1.643237 0.2809984 0.2469554 1.270845 -2.868562 2.234844 -4.005728 2.09521 -2.095815 -0.04023591 -2.094754 -1.749286 0.9130984 -1.296335 -1.54935 2.080022 0.527604 0.5777646 0.2790235 0.9076668 1.656435 -2.294471 -3.241111 2.436403 -3.954394 -1.876899 1.884067 -3.31064 -0.718868 1.010922 -2.283561 -1.356809 2.882675 -2.652955 2.389979 -4.162564 3.044986 -1.157295 -1.636077 -0.4884224 0.8046868 -4.131588 2.248377 -3.880763 3.017349 -5.090756 -3.301614 4.510164 -3.745402 2.520303 -3.974641 3.366141 -1.536947 3.903379 -3.777412 -0.08447957 0.2055067 2.110717 3.01253 -1.383992 1.870462 1.077294 -0.7303443 1.633898 0.1576003 0.2420685 0.8038266 1.543447 -1.378458 0.0854212 -1.545527 -0.9771208 -0.8676161 2.978022 -1.784601 1.585365 -0.6969267 1.164106 -3.670862 2.735119 0.1319637 0.9122101 2.821482 -0.4293265 2.758721 3.070676 -3.154163 4.898067 -1.127914 -0.8782576 -0.8706579 1.59178 -3.193884 1.976587 -1.345679 -1.800306 0.06690846 -2.9643 2.311238 -4.270351 -1.287554 -2.011687 1.584233 -2.987334 -0.7849323 1.02331 3.040252 0.2149938 1.075359 -1.125866 -1.668613 2.029445 0.3125998 2.08479 -0.2964465 -2.482793 3.908301 -3.259531 -0.5387934 -2.403618 1.238554 -0.6300245 1.174124 -1.575818 -1.36201 3.008712 -4.662773 -2.012726 -1.294426 -0.6166183 2.315076 -0.04297597 2.953372 1.960567 -0.548347 0.826048 1.164172 -4.635913 0.6274115 -0.4343367 -1.549156 -0.2647318 0.4328823 -2.850794 1.336964 2.267325 1.306069 1.847138 -2.515072 -1.517034 0.4280151 3.032976 -1.339252 1.865964 3.220957 -1.354952 1.38956 1.493591 -3.15016 2.167394 1.418907 -4.596477 2.26536 0.5415697 -0.2123922 1.822157 2.476602 -2.084921 0.1353272 -2.937181 3.937949 -5.231963 1.13031 -4.729833 1.70976 1.019744 1.064834 -1.732973 2.312505 0.4683347 2.886246 -1.980943 2.57203 -4.82071 -2.349689 -0.5614982 2.097528 0.2299884 -3.32499 0.8943076 0.7669181 -3.739619 2.273484 0.4719703 -3.039181 1.548966 -2.523346 -0.5916966 1.868515 -2.09853 -1.644298 1.454585 -2.618926 0.0463594 0.2535672 -0.4553639 2.52668 -4.24889 -1.291196 1.991517 -2.460173 1.082449 -0.7544954 1.208526 0.223413 -3.971141 0.7966276 -0.9242193 -1.743248 -0.1537123 -2.777338 -0.7684344 -0.1092208 -0.6139458 0.5795366 0.7118472 1.44598 0.4404782 0.9984465 2.00749 -0.4647725 0.7997208 -3.23549 4.547714 -5.022653 -2.589295 4.37537 -4.504975 0.4215713 -2.235152 1.599327 -0.7822648 -1.265957 -0.6963826 -0.7760408 1.264752 -1.875437 3.680857 -2.733791 4.538935 -0.1978517 -1.884252 2.08884 1.377309 2.089473 1.450561 0.3115513 0.01236476 0.455798 1.573927 -2.38045 1.611784 0.7357343 2.224583 1.362591 3.35534 -2.826 3.482494 -0.4831375 1.007428 -3.337403 -0.1313294 2.688242 -1.982154 -1.388269 3.108142 -2.753192 -2.429007 4.192405 -4.67007 2.44085 0.07993316 2.932231 -1.575293 -0.09659164 -0.4688304 -1.031873 1.762109 -2.191274 2.204257 0.2770148 1.035807 0.9505995 -4.825755 1.306352 -0.2079933 0.5884857 1.528067 1.438768 1.506011 2.586887 -1.295687 0.6216667 2.209854 1.053939 1.527628 -0.9709117 -0.2802157 2.206666 -1.257236 -1.934099 2.081205 -4.517902 1.328368 -2.435619 1.618801 0.1175383 2.792541 -2.329343 1.171945 2.231697 1.752554 2.730118 -2.287164 0.5786033 -0.04425959 2.118488 -0.3348364 2.161783 -2.74919 4.670465 2.262238 -1.90788 1.997956 -1.327502 0.8841118 1.184419 2.075574 0.9787848 1.186063 0.4151929 2.570634 -2.217921 -1.386741 2.543841 -2.532263 1.926878 -3.177209 1.828307 -2.556397 -0.6424428 -0.3716475 0.7157878 2.048505 0.76997 1.98357 -0.5238229 0.7786374 1.707663 -0.8747773 2.665332 -3.416684 4.231568 -5.381698 -2.418623 4.213192 -4.622286 -1.650206 1.673302 -3.518112 3.024505 0.3534597 2.417562 -1.690317 -0.1804574 2.412953 1.178649 -4.257622 2.556935 3.506986 -2.759924 3.87896 1.581602 -4.468418 0.7249491 1.004984 -4.132396 2.471411 -0.5966764 0.9153284 -1.752384 -0.9561653 1.975361 -2.042843 1.762022 -4.614662 2.090213 3.030161 -0.65232 0.589492 -4.066599 2.917353 -4.823988 -1.340403 -0.9973004 -0.8783942 0.4590702 -3.580735 1.816912 3.297945 -3.102792 4.831606 -1.523266 1.604581 -4.024948 -4.020863 3.036911 -5.072793 -0.5876428 1.331279 -0.436664 2.723788 -0.7374585 0.3893426 -0.7620079 0.6759962 0.8740694 0.03704622 0.8336712 -3.074783 3.185306 -0.1311266 2.204843 0.9604074 1.48319 -2.117331 -2.161665 -0.1092692 -0.2302254 -0.1338208 0.4187779 -2.096348 2.060397 -3.728037 3.614907 1.035021 -2.142465 1.841025 -1.283058 -2.187983 1.181145 0.7100618 -0.8294964 0.3002321 1.349974 -0.3706922 2.565954 -1.190039 -1.276495 2.335513 1.263621 1.254428 2.749589 2.976397 -1.844117 0.658535 -0.2998741 2.625341 -4.127518 1.371215 0.9571639 2.887271 2.772577 -2.111034 0.4738667 -0.1479232 -0.2649249 2.501399 -3.275271 4.743154 -4.270189 0.5477712 -3.432653 1.819054 -1.574929 2.400729 -2.604715 1.030598 -2.778894 1.683842 0.8465645 1.719054 -2.475172 -0.3718363 -0.4912555 2.684562 0.3151907 1.41727 -3.35509 0.6609945 -4.683366 1.356815 -2.792414 -1.234279 0.7224538 -0.9635211 1.293899 -3.79014 -0.6254677 0.5540141 2.206266 -1.216694 0.7828233 0.8666167 -1.674137 3.95485 -3.999324 1.175434 1.786375 0.8206044 -2.646894 3.046283 -2.981599 1.591569 1.323304 2.726532 -1.166263 1.66862 -2.530952 1.990772 0.617788 2.986136 0.558484 0.5729364 0.5688192 -2.497392 2.047822 -3.910168 -3.074834 4.573925 -4.793988 -1.841074 2.022825 -3.064545 3.34608 -0.7442637 1.3862 -0.6412687 1.187367 -1.586507 -2.11905 3.569399 -3.032791 1.616621 1.636537 1.097836 2.017836 1.594117 2.385275 2.957676 -2.530608 3.058171 0.773106 1.30928 -2.639171 0.8918534 1.847552 0.5284767 -2.556141 2.089067 -3.770638 -2.019671 -1.791501 0.8549865 2.550788 -4.107953 2.619462 -3.830691 3.357841 -3.45139 -2.068496 2.587433 -2.787134 0.7750466 0.8557421 2.483922 -1.960583 3.085851 -4.934871 1.081071 1.425462 -1.208965 0.5597108 -0.4574936 0.2545724 -1.215479 -2.217282 1.212651 2.492486 -0.8653151 2.718261 -4.116382 2.881735 -4.641212 -1.885491 2.677898 -2.710032 0.7574451 -3.723091 2.253914 0.8318336 1.50974 -2.53955 2.100839 -4.088778 1.428931 -3.529089 3.601304 -5.453 -1.182785 -0.2248338 -0.6478449 0.1874742 2.036031 1.204105 -1.057637 -2.154733 0.6537987 -2.421278 -1.542984 0.292495 -1.944426 -1.822714 1.189549 0.6162694 0.2861977 1.510824 0.2049355 -4.028593 1.083537 3.379457 -2.406997 3.720489 -1.813629 2.367875 -4.710467 -0.5663509 1.198766 -1.456665 1.354133 2.168505 1.578581 -0.3969339 2.154358 -1.378644 3.366612 -0.07062677 1.488796 -2.5678 4.33569 -3.837028 -0.1946219 3.235871 -3.021157 -2.751376 -0.5583797 1.412386 -2.053277 0.6926727 1.45906 1.453021 -2.750925 1.612288 2.866525 -2.995386 2.33855 1.768464 -2.35199 -0.1359061 -0.724878 1.065712 -3.318988 0.3179439 -1.161774 -0.04932339 -3.698474 4.282649 -5.508478 -1.623018 3.926052 -3.999276 -0.8106843 -0.9347835 2.633174 0.7496048 2.091329 0.9124855 -0.08996647 0.8621619 -1.104191 -1.358313 -0.7331845 2.592963 -0.5586698 1.037022 -1.555006 -2.138581 -1.663508 1.291557 -3.070921 -0.662158 0.8660611 2.177974 -3.136009 0.4604266 -1.417825 -1.924481 0.4045613 0.5749925 -2.448025 0.9585285 0.9300677 0.822538 -1.940082 -3.084838 4.583222 -4.787597 -1.802468 0.8285388 1.319032 3.02039 -2.090017 3.677485 -2.078616 3.732177 -4.825489 2.50281 0.7064604 1.403912 -1.579458 -1.009236 -0.8613473 0.9010724 0.3828454 0.9992332 1.460791 -3.092271 2.764438 1.26125 -3.848557 0.08176967 2.108868 -3.331408 0.9005476 -1.842767 0.4377939 0.263046 -2.218492 0.3451427 0.3108783 2.697252 -2.157712 3.438502 3.117629 -1.638596 0.832524 -2.974913 -1.042001 0.6127971 3.052899 0.6496843 1.710222 0.9892848 1.143422 -1.986704 -1.661216 -0.1028564 -0.4446388 0.3189756 2.019425 1.445991 -4.368214 4.267006 -3.619963 0.0890492 0.3211187 -1.827558 0.5174505 0.3758707 1.540791 2.559891 -2.908307 5.093666 2.53615 -3.00667 4.953267 2.581811 -1.777829 1.988615 -0.2373691 0.5450763 -1.632478 0.1278141 1.512475 -3.632639 1.507206 -3.13475 2.222034 0.7486223 0.5207871 0.5306501 0.6326233 -2.11709 0.5636265 -0.8479581 -2.10215 0.4478042 2.238325 -3.082821 0.5927169 3.118746 -0.2818912 2.335823 3.093198 0.6409378 1.795664 0.6258184 -0.5205881 0.3210052 1.406575 -2.880918 -0.1497751 -3.40029 4.81614 -4.625085 0.968974 -3.734857 0.07268636 -0.3210448 3.30978 -3.191653 -0.8268195 -1.109513 2.50704 -2.50339 4.144533 -4.807318 1.114752 -0.7708945 1.430664 3.232846 -3.307528 4.220785 -0.3655505 3.06161 -3.949972 1.031897 0.0479586 2.447026 0.7088909 1.876276 0.1492342 -0.758577 0.4072991 2.39846 0.3810234 2.340366 -3.359457 -1.131029 -1.575914 -0.5744247 0.7935669 1.734374 -2.600026 1.22809 2.196832 1.935874 -0.209833 0.9433398 -3.278796 0.3162499 2.684841 -3.159912 2.520573 -3.506338 1.655913 -0.3772099 1.102819 -1.355417 0.07889684 -0.06015509 2.214651 -1.595446 -1.614829 1.806326 1.255559 1.879741 1.078273 -1.930824 -0.0177817 2.220038 -0.741213 1.088554 -3.452829 0.7667552 0.5352517 0.3835486 1.400935 0.4926114 0.9273607 -1.69968 -1.561356 -0.3962221 -1.996733 4.108055 -4.162575 -2.979164 -0.2993688 1.098696 1.541848 -0.6908908 2.633607 -2.698265 0.06797644 1.242826 -1.182723 1.89741 -4.425412 -3.016954 2.309586 -4.029909 2.66154 -3.959934 2.96235 -2.72873 -0.9300156 -0.181888 -0.6345755 0.9048461 -2.052982 3.419795 -3.100757 3.980666 0.8897558 -0.5556332 1.745738 2.149911 -4.069036 1.557234 -0.2291403 -2.242736 1.757614 0.5778133 2.169003 -2.989696 1.392102 0.4680195 0.9543253 2.575295 -2.330595 0.3095409 -0.4579958 1.602148 -0.1085359 -0.3048047 2.636475 -1.942809 0.2091462 1.890401 -3.720422 1.511602 -4.76058 1.314966 1.759356 -0.9652614 0.5087821 -0.6668627 0.5987111 0.7199882 0.3919945 2.511913 -1.941159 0.04662132 -1.634861 2.381939 0.5527376 1.962735 0.2249768 1.823006 1.136351 0.9429238 -1.328963 -1.180766 -0.8481199 0.7344344 0.6625002 2.417633 1.084794 -3.412282 2.593249 0.7031134 0.5411758 0.3591722 -0.8996743 1.15172 -3.124991 2.073218 -0.4137506 0.6949854 -3.593444 3.582707 -3.313852 1.605776 -0.7247635 1.562995 2.736798 -1.989683 0.3377386 -2.603601 -0.2998239 -0.08009607 1.376835 -1.735798 -0.006639688 3.297688 -0.3627823 2.011354 0.2576537 2.030026 0.03893465 2.735158 0.6636744 1.453471 -1.425172 0.1204351 -0.1445195 1.904046 -3.521147 0.3194803 -2.072503 0.6571056 0.9832644 1.093641 -4.403979 0.3866211 -0.3113916 -0.3445794 2.602991 -3.857731 3.073589 -5.160775 -1.083022 -1.856113 0.1076572 -3.269184 2.504112 -4.510919 -0.9009171 2.273943 -2.097787 1.246754 -2.845882 -0.1307365 1.156452 0.4036525 0.9589894 -0.865496 -1.08076 -0.7904988 2.358072 -1.845826 0.05847266 0.4889794 -0.8706794 0.06080863 -0.2808134 1.381461 0.7925244 -2.354188 3.889557 -3.255483 0.9972175 0.6924727 -1.258875 -0.6192358 1.547512 -1.438257 2.855115 0.642881 2.44858 0.5800762 2.404044 -2.269975 -2.993252 3.313465 -5.260491 0.2370713 2.527815 -3.54568 -2.76122 -0.5080736 1.408892 0.2883688 2.674824 -2.242354 1.19002 -2.943502 1.765933 0.5525499 -0.1075058 1.513781 -0.1376939 -0.5310562 2.605366 0.5560444 -0.8846846 2.398829 2.764818 -1.48589 2.062219 2.820639 0.6144871 1.439727 -0.07995231 0.9379165 0.3631373 0.7142099 -4.775854 1.087112 1.125298 -1.670284 0.272406 2.575632 -0.4953804 2.883812 -0.8757906 3.154049 -4.336782 -1.91222 4.064162 -3.822893 -1.718497 -0.868563 2.376889 -1.220391 3.756413 -3.694647 -0.2095936 -2.094876 1.927454 -0.7653497 1.425796 -1.773903 0.2052447 -3.979001 1.277315 -2.351358 0.2603483 1.703861 0.08592457 -1.732814 2.306689 -0.5143151 0.221537 0.1619262 3.180883 -3.373955 4.096969 -1.029115 -0.8245963 -0.8495016 2.927018 -2.619494 2.893762 1.431884 -3.683164 3.011066 -4.29126 3.134911 -5.108268 0.4406444 -0.4559078 2.181966 1.238261 -0.922444 1.31594 0.3367598 -0.03686712 1.843387 2.660208 0.7318736 1.496007 2.891053 -1.292605 2.084745 3.546038 -2.944943 4.716106 -1.477342 0.8213651 1.964483 -3.485701 3.961922 -3.35044 1.414418 -1.161631 1.672436 -1.446921 0.3602091 2.291032 0.9902214 -0.6529399 1.677137 2.151716 -4.03126 3.296476 -0.9032119 0.5422817 0.4628565 0.3504546 2.081035 1.369263 1.069668 1.473981 -1.214622 2.480532 0.9628422 2.594766 -1.533178 0.6607428 2.079547 -1.98258 0.1042668 0.02422092 -2.391929 2.406665 -3.085213 2.026231 -2.370529 3.631454 -3.246034 4.588589 -4.978718 -3.362297 4.651348 -3.933189 -2.105816 -0.6320332 2.25395 3.100918 -0.8725733 2.107077 0.2087637 2.563834 -3.576238 1.914577 -2.466304 1.660841 -1.487832 3.274099 -2.851426 3.099186 -0.6888255 0.6592392 0.3839094 2.662833 -2.629098 -0.02434128 -1.276118 2.558586 1.659977 -3.135376 2.144687 2.349031 -2.812508 4.938891 1.289808 -4.796096 1.488802 -1.132273 2.832184 -4.602777 1.23629 0.08473825 2.720635 1.493562 -3.265004 3.152166 -0.3263488 1.520279 -3.961194 3.031818 0.2959019 1.135653 2.157533 -2.299678 1.819265 2.098458 -3.820214 3.517146 1.679343 0.6226369 0.9007615 -2.500123 4.355772 -4.018241 -0.1944309 0.5059907 1.795653 1.100593 1.017278 -1.025419 1.069396 -3.41974 2.569844 3.23848 -3.303356 4.218621 0.2074436 -3.577671 0.9427437 -2.736847 -0.3299655 0.05762202 -0.1641438 3.033291 -3.659216 -0.5009809 0.7322015 -2.060926 0.3766547 -3.411642 1.608714 0.8391691 1.907419 0.5935094 2.013804 -3.857315 1.01315 -1.931888 -1.843055 0.9475098 -1.506047 -1.230965 2.254771 2.660729 -2.109988 0.2999628 -0.3472008 1.372368 -3.877461 1.831196 -0.02591101 2.987264 -1.673884 -0.3958931 2.479051 1.328418 1.28182 2.750521 2.579902 -0.02849694 2.919114 2.923391 -1.119441 2.166912 -3.945711 3.667624 -3.441566 2.505357 -4.049984 3.217639 -0.2805372 1.829771 0.4329458 -2.492483 -0.7359483 -0.4709438 0.8053735 0.5485992 -0.03250246 1.038718 0.6654659 2.733222 -2.366959 2.768227 -2.888671 1.354352 -4.699296 1.908676 -2.991225 -0.5911992 0.2745168 -2.964489 4.534413 -3.972759 0.3989763 -3.234204 1.548764 3.326969 -2.315236 3.717284 -2.424281 -0.6863823 -0.5094153 0.8553482 -4.263303 2.209769 -0.9104543 1.584882 -2.074102 3.108595 0.1090985 2.355053 -0.2521993 1.982434 -0.2097897 -0.2469645 1.92357 -0.06720566 0.289503 2.321665 -1.273991 2.345031 -4.263255 2.258455 2.70776 0.4763584 1.14857 3.211418 -0.6545612 0.9078301 -2.635968 0.3028614 0.665417 -2.855354 -0.9434167 1.11311 -2.87547 -0.5926889 1.25879 0.1978377 0.1329106 0.5654426 -1.726896 2.723666 -4.808843 -0.6347792 2.369964 -1.963003 0.7624426 0.6723531 -2.196834 0.9422904 -4.492733 2.009246 -1.536909 -0.7510374 2.524465 0.4248933 2.408873 -1.724856 2.607273 -2.519968 1.139492 0.7256292 1.474022 -2.754214 -3.027925 4.0272 -3.334763 -1.277892 0.9413368 1.871107 2.214324 -0.3598623 0.5875335 -1.092838 -1.726256 -0.2415367 0.8668625 2.111108 1.045767 2.657462 -3.72679 1.904685 1.789973 -2.302849 1.671062 -3.825115 2.900815 -3.7662 0.2093059 -3.338637 1.096211 -2.506061 -1.472389 0.1983159 1.376818 -3.780422 2.919268 0.9592018 1.728366 -1.031692 3.402018 -0.5061882 1.607791 -0.1480789 0.9985177 0.4176615 1.333647 -2.026814 1.734492 0.4670865 2.282318 -1.402857 -2.106339 -1.743926 0.81469 0.751783 2.119681 -2.467115 2.017767 -3.241506 0.2272729 -0.616186 -1.922259 0.1412977 3.576804 -2.251452 4.152276 -0.653299 1.768756 -1.623445 1.060474 0.6551859 0.1903757 1.337921 -4.818934 1.082053 2.449701 -3.181942 1.719888 0.4676887 0.6076313 0.7020851 1.115192 -2.087652 0.1755079 -2.992726 4.330423 -5.042204 -0.7646757 0.4390544 0.3562494 -0.1672346 0.4619376 -1.688627 0.3976585 -0.8111107 2.464869 2.243632 -2.833796 1.447282 -2.251589 3.996676 -3.397301 0.02444321 1.62081 -3.79018 -2.028872 -1.646663 1.553939 1.417427 0.7741579 2.950758 -1.71153 2.09812 -4.554307 -0.5601684 -0.3767322 2.69513 -0.4971791 1.981379 -0.5488516 1.399144 -3.166321 2.809093 -1.009851 2.223142 -2.138463 1.66445 -3.347824 3.492508 -0.9781182 1.193529 -3.510352 -3.379661 4.003106 -5.423779 -0.278799 3.084499 -2.60803 -1.828136 2.197711 -4.617195 2.006404 -4.203204 3.00405 -1.131376 0.5100338 0.3375535 -0.6862595 2.649891 -4.395795 0.8521866 0.5468954 0.2994061 -2.34479 3.077664 -2.878275 0.325392 -2.917055 1.177268 -0.3491707 1.360412 -3.869823 2.905062 -0.1010547 2.779714 -3.100445 4.432973 -3.707185 0.08292173 -1.977035 0.5102735 1.970855 1.575944 2.442637 2.458237 -1.086743 0.2385249 2.319181 -4.052327 3.314494 1.572286 1.15761 2.816821 -2.995638 3.271461 -3.103385 2.250068 -2.703267 4.857817 -2.056153 -1.352563 -0.5284994 0.8849612 2.176301 1.779391 -0.3610641 2.17769 -4.212262 -1.197409 0.1002465 2.508147 -0.9156108 -2.021168 0.29903 1.811104 -4.519739 1.228967 1.3954 2.02198 2.246138 0.8839078 -1.098661 2.252662 1.714157 -3.166123 -0.1060942 -2.360345 4.300058 -4.134697 1.519484 -4.683778 1.950609 -3.61353 3.199298 -5.285749 2.056794 -0.5729634 0.524949 2.298912 0.6235036 2.832378 0.9082174 1.831013 -1.150202 -0.1330841 0.4762317 1.003511 -3.360208 3.913732 -5.426194 0.2244845 2.030864 -3.722947 -2.400857 1.998176 -3.925067 -1.568034 3.823503 -3.348136 -3.760491 3.487764 -5.455403 0.9943826 0.664821 -0.2558134 0.07200553 2.472621 -3.849514 2.329676 -4.044579 1.860825 -0.2458806 2.053882 -0.3416143 0.6146144 0.4247839 -0.8994515 1.378641 -1.548283 0.1253468 2.182975 -2.386899 3.153861 2.713454 -0.2255807 0.6167457 1.301138 -2.660537 -0.1285765 0.2368541 -4.05334 0.7933243 1.538227 -3.454862 3.233912 -2.600309 -1.414645 0.7040823 0.3391677 2.726375 -2.92825 -0.5431458 3.064787 -4.12541 0.1027811 2.096655 0.3936307 -3.02623 3.929645 -5.277407 1.569499 2.141243 2.047728 -0.7085886 1.062165 -3.328864 -0.5090311 -2.363108 1.463762 -3.033231 3.142411 -3.128276 3.258079 -3.274245 4.288488 2.334641 -1.961398 4.745419 2.061801 1.10166 2.696914 -3.149496 3.813394 -3.239777 1.644441 -3.220241 3.486041 -0.4750256 1.20819 -0.6616011 -1.456389 -1.715078 -0.2124266 -2.855398 3.486551 -5.250914 -1.204223 -2.193202 0.9690854 0.6281744 -2.363339 1.268852 2.291133 -2.258029 3.360585 2.238364 -2.353337 4.916024 -2.021589 -1.175848 -0.6818266 2.31495 -3.216803 1.648742 1.765111 -0.700507 1.321495 1.350562 -1.372088 0.2479542 -0.8588008 1.150516 -2.895751 1.370161 -3.268292 2.901241 -0.5503345 3.058602 -2.516295 -3.034555 2.475138 -3.528824 -3.660286 4.551105 -3.719087 1.197688 -3.823559 2.783386 -2.104918 0.6395445 0.9614363 2.458829 -2.795347 0.8245497 3.526672 -2.510177 3.936225 0.6300406 -4.593046 1.476485 0.9258163 -3.554728 0.04315293 0.1034283 1.262776 1.726355 2.888018 -3.65528 2.491188 -2.46634 -0.1627979 -0.08495538 1.592775 -0.9740416 1.899287 0.08094073 -2.289567 1.586485 -3.087391 4.188458 -3.453632 -1.326912 1.582833 -3.062537 -0.8248965 1.909395 -1.908178 -3.537602 4.826389 -4.908156 0.8102838 0.6895165 -2.094951 -1.96487 3.064529 -2.798231 -3.038375 -0.7459594 0.9214328 2.323752 -3.879472 1.638208 3.20545 -0.763855 2.028397 -1.185038 -2.090501 1.571456 1.717065 -4.296155 2.790548 2.008048 -2.696948 4.341517 -2.305804 3.774168 -3.161504 -1.358624 -1.425651 2.177698 0.5741497 -2.186615 0.6800666 -1.594132 0.9101983 1.58933 -0.9232099 -2.196438 0.7035255 -0.6986323 0.9864139 -2.191148 -0.5557754 1.855056 -0.43085 -2.274602 -1.598968 1.071459 -1.853941 1.943184 -4.395449 2.672529 -0.7540619 0.3747976 2.720111 0.8915539 2.379857 0.9956476 1.182931 -1.951166 0.26928 2.081081 -0.2653249 -2.939731 -0.415168 1.190783 -1.039238 -2.154495 0.6450323 -1.489924 -1.644001 -0.3657325 2.159515 -2.250993 3.634513 -0.03609833 0.7518726 -0.03856896 0.2109278 0.7992262 0.6246213 2.935274 -2.410326 3.181572 1.608093 1.005016 2.881875 -2.347726 -1.317766 1.515093 0.3387626 2.716233 -2.615123 -0.2344367 -0.5904172 -0.4511071 -1.206985 0.04458744 2.520659 -1.454423 0.6333638 0.4975118 1.728591 -0.07181157 1.232695 1.546762 -3.106658 3.200668 -3.007296 3.226734 -5.237645 -2.467481 2.227644 -3.319689 -0.04773524 1.296432 -3.657764 0.4899429 -0.1935398 0.3941685 1.432442 -2.99143 1.709372 -0.7796422 1.939346 -1.874954 -0.7115765 0.3149155 2.447634 -1.390844 -0.986238 2.447536 0.6169789 0.6434016 2.310328 0.728273 -2.43407 1.344213 -3.722198 3.362319 -3.39563 2.010811 -3.085884 4.211649 1.154265 1.238382 2.718901 2.902796 -2.72761 2.691171 -2.314209 -1.085817 -0.5652412 0.8452135 1.482657 2.391567 -0.9075443 -1.20809 -0.7733453 0.4429706 1.990423 0.08218689 -0.6022034 0.9452775 -1.721353 1.68155 -3.32333 -0.06263242 1.075797 -0.8054228 0.9724916 0.6964409 -0.2955247 1.526459 -0.6385908 1.313765 -3.881039 0.3423686 -3.946995 0.5347706 -1.596594 -1.329489 -0.7571375 0.9777004 0.9784157 -1.926474 2.563913 1.074596 2.383318 -2.481131 0.1681473 0.2740096 1.283292 0.9098557 2.876512 -1.925926 3.248699 -4.914433 -1.707633 0.5708091 0.4032946 -0.5783157 -1.234978 -0.6109034 -0.6401097 1.527007 -0.6084439 1.077609 1.169551 -1.448889 2.097301 1.605096 1.958439 2.443397 1.222994 2.218688 0.8792298 1.969107 0.7799413 -2.112015 -1.312631 -0.5367336 0.350944 0.5219589 -2.492525 1.841885 -3.283656 3.802963 0.4572023 -3.176869 0.4325995 3.209482 -0.3989753 1.025928 1.807643 -4.503981 2.66952 -2.77142 2.621084 -3.176714 1.81967 -2.978127 2.496642 0.7092115 2.245492 -1.997902 -0.3018563 -0.2923554 -0.376062 1.729592 -1.174579 2.442359 -3.291991 4.359724 -5.241286 -3.266169 4.745281 -4.609422 2.257068 -0.08275479 0.8870832 0.9772633 -1.853755 0.3165251 -0.8964819 0.9607319 1.499506 0.7698834 0.7539839 -2.306416 1.176139 -1.692894 2.03135 -0.808072 0.7493218 2.110059 -3.689855 2.967952 -3.57713 -0.8543957 -1.619518 -0.4112946 0.764221 0.4542081 -1.684339 -2.497911 -0.1919446 1.856107 -1.068617 1.246354 -3.397742 -3.140244 4.689281 -4.34778 -0.5084346 1.083158 -3.533715 2.584166 -3.874985 1.961874 -1.939947 4.085293 -3.901686 3.033932 -1.716915 1.541993 2.430485 -3.964617 3.43817 -0.5436658 0.6329339 2.059585 -1.012547 -1.933308 1.771607 -2.296746 -1.274404 1.665385 -1.645959 3.617938 -4.596062 1.865361 -3.320176 3.817822 -1.621977 0.2792702 0.05796558 -0.6402972 1.591442 -0.7052365 0.2053664 0.8963377 -3.09322 3.178041 -0.4978422 0.894828 -0.1707477 0.9407848 -0.9282547 -1.397149 1.874203 -2.74026 0.9711137 1.673788 0.02421323 2.83338 -0.4896201 2.699852 3.221509 -0.6487321 2.069703 2.662246 -0.4970686 0.4514321 2.148801 0.9359336 2.745707 0.193528 0.263052 1.577411 0.5562826 -2.957537 1.571091 2.186917 1.416172 1.862785 2.48602 -2.576708 1.428996 -1.37951 -1.553159 2.01781 2.887922 -0.6731359 2.525347 0.8459107 -4.447038 0.4481379 1.954629 -3.713237 3.532794 1.719608 2.073064 1.729963 -0.9471186 -1.25007 -0.770915 -0.5567253 1.909488 -1.413573 -0.07680913 0.467534 -1.563699 -1.410772 3.337071 -2.87615 2.987297 -3.465467 2.778431 -3.96584 3.735171 -3.444041 2.18887 -3.14039 0.5242445 -2.753281 2.869557 -3.057042 -0.6327511 0.7958003 1.332617 -1.809072 -1.875601 0.6863598 1.559229 -1.025339 1.129052 -2.318426 2.37459 -3.061764 0.793525 2.129457 -2.099819 0.4132179 1.506526 2.101267 1.270377 0.7581582 2.900432 2.902504 -2.098962 1.228042 2.853723 -1.948655 3.842216 -2.970372 4.362312 -4.991082 0.9634415 1.734149 -1.097373 -0.6477196 -1.874881 2.008398 -0.1347907 -2.16305 1.87346 0.1957371 0.9211631 -3.121867 -0.1901239 2.264045 -4.108881 -0.1927094 3.1092 -2.710083 1.114313 1.094673 -0.7881864 -1.332607 -2.149785 1.35589 1.121969 1.199084 -0.770451 0.8077562 0.7819556 -2.246004 1.492419 0.4469923 3.018563 -3.317052 4.7101 -4.093642 2.228024 -3.00784 1.89245 -2.021537 -1.088727 2.071831 -0.905318 -0.2168165 -0.5824682 0.05763652 0.9675468 1.430967 -3.879622 4.100869 -3.470292 1.208051 -4.655046 1.948077 2.632226 1.05591 2.098814 -0.529427 1.980086 -1.420604 -2.470523 -0.1201267 -0.03262238 -1.438046 0.3961626 2.274976 -2.074791 -1.756526 0.9910203 2.048434 -2.575276 4.429811 2.686446 -3.952628 2.772812 0.0269277 2.466925 -1.674571 -0.464758 2.034753 -0.6669216 -2.835851 -0.9004214 1.17946 -0.521454 3.418904 -3.307832 -0.02473415 0.5505963 -1.44591 1.943096 -4.518176 2.039629 2.636279 -0.6464691 0.3980768 -1.969816 2.078901 -3.097295 -0.08205351 1.331368 1.259343 0.0202931 1.700597 1.368142 -1.339747 0.9314495 1.346841 -0.5950627 1.625582 -1.127842 2.131063 -2.247596 3.788433 0.5865176 0.5326837 0.002521884 1.066562 1.551035 -0.1073534 0.8535517 1.76252 -0.3397841 -2.57167 2.127646 -3.639588 1.172328 -1.018018 1.993786 -2.92639 4.577557 -4.466346 1.871193 -4.513746 1.533804 -3.455055 3.61117 -3.26778 1.71035 1.071288 2.834064 -2.501867 2.430097 -3.140567 1.306451 -4.569664 2.247212 3.265863 -2.310498 3.642405 -1.969503 -0.4643958 -0.6638812 0.494332 -1.284832 0.1779858 0.4251646 1.844509 1.856205 0.2702041 2.102686 1.13342 1.303196 -4.257774 0.338376 2.627556 -2.327914 0.3874655 -2.747697 0.1734661 0.505295 -0.3632438 1.130043 -0.02868083 1.106486 -4.719353 0.73946 1.961773 -3.040492 1.520633 2.098202 -2.979958 1.47479 2.430413 -0.01849794 2.939535 -1.357981 2.112905 -2.490757 -1.836702 3.364368 -4.847846 0.8085517 -0.9160424 2.235987 -0.05637647 -0.9884312 2.621367 0.2556287 -4.052899 0.7387334 -0.8998888 -2.118674 1.654023 3.587784 -2.690338 4.095738 -4.161356 3.270311 -5.311983 -0.9401084 -1.194601 2.43337 0.4750804 -0.05035258 1.607319 -3.791522 2.702305 -4.399885 1.256572 -2.165117 -0.06594637 -2.933735 -0.3004756 0.3010752 -1.644629 -0.1666884 2.428902 -2.484784 -1.389645 1.085372 0.5039068 0.3626377 -1.332806 1.542659 -2.352391 1.616824 1.442331 -1.496787 0.08920381 -0.7902155 -0.4762244 -0.6450459 2.581217 -0.8010566 0.3427992 -2.684709 4.414395 -3.934883 1.670241 -2.885691 -0.140304 0.2478532 -2.214935 1.097924 -1.612152 2.242223 -4.631333 3.143116 -0.3272908 2.284599 2.773711 0.8438256 1.692486 0.01377594 0.4866533 -1.473315 1.119468 0.8476124 -0.3625013 1.03613 -0.1038483 2.257761 1.241427 -0.2797388 2.442626 -3.656906 4.070993 -3.418522 0.9479753 1.732829 -1.793407 0.4300672 -0.02866272 0.6301243 -0.4339805 -2.13216 1.810432 -0.1652614 1.008319 0.4079774 -3.305759 2.634552 -3.591479 3.255536 -0.7285149 1.970326 1.963165 1.090479 2.738305 0.7496464 -3.874183 2.267524 2.223146 1.415862 1.99771 2.002119 -2.820448 2.588156 -0.01027825 -0.2462515 -0.1660748 -0.1274668 0.3336024 1.951473 2.86571 -3.704446 2.523758 -3.266395 3.779618 -3.250445 -2.453334 -0.4737939 1.994131 -0.7696692 3.100219 -2.609527 -3.293576 3.458025 -3.208699 0.1884994 2.756211 -2.333029 1.416015 1.916246 2.315944 0.1879748 -2.196384 1.015697 -3.322535 3.915707 -3.307199 1.72561 -3.149166 2.074331 -1.03218 3.238428 -4.418238 0.4652959 0.5927116 2.060755 -2.35391 2.180878 -4.486954 0.2694861 -3.49721 0.6597469 -1.079962 -1.72865 -0.2310105 1.497505 -0.8899465 2.179987 -0.9414137 0.8982481 1.286939 0.8851669 -2.231016 1.78294 -1.076402 -2.26174 1.114306 1.352294 -4.80488 1.356635 -1.432237 2.128423 -4.558153 2.295568 -2.953896 0.4706588 1.555684 -2.396609 -0.1424066 1.69394 -2.82324 -0.1399386 1.428541 -2.624357 -0.1423234 -3.269273 2.638755 -3.550037 -1.0468 3.61354 -3.137466 3.043497 0.161729 2.537641 -0.4198689 1.105699 -3.576426 0.8316278 -3.323092 1.972031 1.758191 -1.735396 1.766895 -0.3548397 0.1393333 0.09279214 -1.174412 -0.5902241 2.67735 0.4134527 0.09474509 1.169944 -3.618336 3.586669 -5.467915 -3.366156 3.889157 -5.42993 2.882082 -3.66245 3.735461 -1.520515 1.584243 -3.960015 -2.538518 -1.401225 0.9093355 2.96831 0.6986798 1.672742 3.557076 -2.89768 4.234147 1.838934 -0.4748298 1.236591 -3.448088 4.536872 -5.221391 1.989825 -4.293626 1.396257 -2.438434 -0.4563396 -0.3699326 0.1586929 1.698196 -3.700333 2.950484 -2.915115 2.571011 0.6698679 1.800421 -2.890759 2.031317 -3.521697 3.849135 -1.075262 -0.5587748 2.705592 -1.407044 0.8312219 0.9964426 -3.570291 2.595296 -4.115213 0.7625803 -2.022879 0.449449 -2.329377 3.144138 -5.059305 0.5743549 1.791849 -3.138829 -1.975383 -1.563885 1.707778 0.2340171 0.1264364 0.6197831 1.459689 2.148031 2.066623 0.6263289 2.283138 -2.674113 -3.993548 2.805047 -4.494206 0.1914962 0.6566263 -2.773773 -1.918503 4.039392 -4.265724 2.208929 -4.259928 2.023067 -0.2104098 0.1038506 2.372139 -2.442549 -0.0006910939 1.795158 -0.06241531 2.120714 -0.3477303 0.5321482 -2.649785 1.210531 -0.248781 -1.870085 0.2192751 -2.279308 -1.53052 1.285163 -0.1345463 1.977012 -0.007338665 0.8387143 -4.386936 0.4056193 2.003402 -3.315622 4.023509 -1.570726 -1.3643 -0.7429418 3.152946 -3.469287 3.53778 2.841499 -3.777583 3.146876 3.033565 0.4047923 1.323949 -0.7669327 -0.7904239 -0.7283045 -1.660777 2.224758 -2.721431 0.2861241 1.275449 1.993762 0.4844455 2.048726 0.4632204 -2.34462 -0.3003202 -0.322982 -4.467084 4.071275 -3.620446 -1.037175 1.221338 -3.475423 0.1366292 0.5751768 -0.5666123 -0.9430844 0.3947925 0.2324014 0.02173313 -0.206483 -0.1127756 -0.07151774 2.2028 -0.6598936 0.3988774 -0.09642819 0.3831867 -0.8733778 -0.7099546 -0.7630079 -1.261165 -2.163255 1.432901 2.498648 -2.321356 1.726477 -2.773296 0.1656699 0.5340253 1.125104 1.903135 0.9692247 2.71663 -3.047008 5.033531 0.4113935 -0.2935633 2.053019 -0.6910205 -1.116034 -0.6992024 -0.5052419 -1.106694 -0.6108854 1.917826 -0.5742018 0.9445665 2.898691 -3.401368 2.217083 -1.648655 -1.325643 2.105268 1.641862 -2.983532 2.69809 -2.544878 4.059585 -4.924054 -1.064931 -1.877709 1.800917 1.104101 1.22551 -1.213059 -2.439114 0.04598355 0.1368109 2.396339 -1.801139 0.07079881 -1.187888 -0.3879505 -0.7520508 -2.692659 2.495114 -4.759757 2.808903 -3.799205 2.881286 -2.453374 4.346484 -4.140986 2.74132 -0.822247 0.3725905 -0.2118714 1.926181 0.3837997 -3.140973 3.403219 -3.155025 -0.2178067 -2.273273 0.9030368 0.1797511 2.156689 -0.4191386 -3.352032 3.84798 -5.425672 0.953113 -4.57892 0.5455505 -0.1932335 -1.06212 -0.4814792 -0.6575294 1.644126 -4.163826 -2.185256 1.894208 -3.972778 2.169581 -3.461268 1.374413 -0.04090588 1.491813 1.373444 0.2072959 1.891743 -3.722912 2.745408 -2.738677 2.456291 -1.199481 0.632181 0.5369691 2.487156 -2.131932 3.525391 -1.806772 4.020871 -3.811103 2.612246 -2.135782 0.2546521 -0.6546727 2.278895 -4.406497 -3.502134 4.059681 -5.466023 1.965144 -3.168346 1.814225 -2.799189 -1.036713 1.089993 2.901821 -0.1193601 0.7853341 -2.690565 2.173742 -3.714326 -0.7915316 0.3304521 2.453947 -1.977064 3.502451 -2.998358 0.8377877 -4.789958 0.9586483 -2.639879 0.1719085 1.198676 0.9081914 1.81729 0.4760933 0.9627693 -3.336739 -0.01533548 0.06937976 2.031227 -0.07575925 -1.61961 -1.977104 1.404592 -0.4928991 -0.0328237 2.552308 0.2033483 0.2909511 1.490284 2.617817 -0.7651411 2.712845 -1.240815 2.178627 -4.564853 -0.6826779 1.019149 -3.050645 -2.069396 2.882642 -4.942491 3.040555 -1.715997 4.292303 1.256422 1.733577 0.8344254 -0.4241855 1.131684 -3.630124 3.22985 -0.3302821 1.095588 -0.2737786 2.937633 -2.336265 2.557417 -1.689141 0.1418836 -3.40087 4.208271 -3.463066 0.1637264 2.358216 -1.378346 1.680074 -4.687968 1.414897 3.245304 -1.146435 0.921389 -2.697736 4.453099 -4.074547 2.077506 -0.7011067 0.4119456 0.2402494 2.033738 0.07571546 -3.155058 4.341852 -5.158169 0.2104984 -1.427658 0.0611125 -0.08206128 0.7188364 -0.3985674 2.503186 -2.631978 1.224052 -0.3384292 1.685101 0.3864635 1.435697 0.8745091 0.6520291 -1.442605 3.485431 -4.546406 0.5725112 1.795414 -3.143279 -2.932 2.270929 -4.107018 -3.429119 4.835649 -4.446728 2.127563 -2.418146 4.603709 0.6082376 2.243229 -1.598095 -0.5888911 1.882426 -0.8777062 -1.606102 2.977329 -2.734679 -0.339318 0.1295627 0.08368749 2.239949 -3.382118 4.219442 1.546445 -3.126748 3.22291 0.5452448 0.3339706 -1.806448 -1.133186 -2.045897 1.628711 1.501938 0.6975998 0.7878451 -0.009076473 -2.143738 0.7141439 2.378129 -3.702492 1.581523 2.176793 -3.328149 4.219162 -0.6028965 -2.344166 0.9802136 1.940055 -3.697951 0.597939 2.665236 0.04012628 2.891899 2.243914 -0.9420214 0.2724983 -0.02830805 2.513034 -3.948194 -1.633595 3.819441 -4.341056 -3.286454 4.626721 -3.930684 -0.5671431 -0.2016816 2.628909 0.2104995 -3.34626 1.048442 -3.983308 2.84002 -4.692932 -3.475244 4.029011 -3.374979 2.003776 -2.812167 1.557142 -2.996441 -0.1209086 0.5191344 -1.161111 0.4899158 0.2916585 -0.5949399 -0.3592046 -0.5242 -0.5308394 -2.190804 1.701358 1.605658 -4.718838 1.310514 2.182331 -0.5980614 0.4348587 -0.2340933 0.5390678 -1.639049 -2.148221 0.5916224 0.8128549 0.7056504 -2.989784 0.2013341 2.878085 -1.345226 2.061678 1.903218 1.781677 2.280006 1.147626 -4.574243 2.079831 -0.9296207 1.755972 -2.031959 1.549752 -0.9532741 2.427644 -1.431759 2.61832 -4.701701 1.45211 -0.7935238 2.134932 -1.20866 -1.125359 -0.8539287 0.981975 -2.016448 0.3218786 -0.01626459 -1.925229 0.4200086 -2.016242 0.5885075 0.6347183 2.356798 -2.090449 0.07441608 0.1786814 1.461985 1.786579 0.4184387 1.416632 2.140829 -0.8566712 1.691639 -1.922782 -2.237299 -0.03180448 -0.0750166 2.463541 -4.101774 3.113468 2.401624 -2.255256 1.825775 -0.1507125 -2.168154 1.864671 1.109936 -2.528438 -0.0585386 2.998246 -2.340423 3.324055 0.1636135 0.8001888 0.9054229 0.6804997 -4.76083 1.131871 -0.7253893 -2.214462 0.684862 2.014089 -0.2188009 1.049344 -4.623852 3.605247 -3.792308 -2.298251 4.088495 -3.512553 -1.626121 3.52239 -3.01631 -1.309999 3.263968 -4.581404 2.943033 -3.229678 2.351188 2.015787 -3.871296 3.38547 -0.02130955 2.217908 -0.6856553 0.7426114 1.923475 -0.7752376 -0.3220744 1.779948 0.1757654 0.777398 -0.4081076 1.627956 -2.274123 -1.465295 -0.1169471 -2.820045 -1.047195 0.02077041 -3.056267 2.34249 -4.231691 -1.228923 -0.3381693 -0.7333724 3.708343 -2.417593 4.373277 2.141807 -2.394453 1.767585 1.617382 -3.628153 3.244115 -1.91607 1.76996 -3.836922 -1.707953 2.236637 -4.636617 0.5328405 2.231257 -1.327659 1.126727 -3.822842 0.07043438 1.519837 -3.943666 0.2490955 1.259377 -0.01321848 2.692909 2.12936 -2.768867 4.599192 0.09832526 0.8625373 1.150759 3.42862 -2.411083 3.797726 -2.623799 3.496033 -5.170352 -1.945934 -0.5615281 -0.7218831 -2.78389 3.316973 -3.037231 3.322806 0.1320076 1.675345 2.362282 -1.424747 2.333593 1.128322 0.1149908 1.37281 1.840797 -4.445395 1.141703 -2.803931 2.601657 -4.849172 1.885116 -0.8529978 2.731927 -0.06681547 0.01614495 0.06008058 3.201335 -0.7445491 0.8370855 -0.8703402 3.576725 -3.66427 1.60165 2.037379 1.5044 -2.711345 -1.363054 0.3466841 2.156829 -0.03737272 2.969472 3.289577 -0.974488 1.166241 1.972716 -1.887433 -0.06916502 -0.300264 0.8446227 -1.442966 2.397071 -3.73111 3.801457 -3.056517 3.744877 -5.321034 1.61227 -4.71387 1.680722 1.878026 -2.684392 3.927701 -0.3499441 -1.277466 2.526743 0.3122497 -3.480793 1.549373 2.65727 -1.699088 0.197285 3.321512 -2.102878 3.921915 0.8665994 1.121678 2.565059 -2.680993 2.579935 -3.147343 -0.8797883 3.585648 -3.64621 -3.742387 3.431715 -5.427495 0.6751341 0.807395 -2.581741 2.069355 -3.38739 0.5977156 0.1129674 -1.088346 2.584341 -2.056261 2.213287 -3.024055 2.097271 -3.112861 1.804491 2.488927 -4.006136 3.331865 -1.99814 2.650975 -4.855016 -2.873622 4.141171 -5.100517 -1.304781 0.267135 -0.01547838 0.1913643 -0.4950132 2.423642 1.811738 0.01657874 2.997004 -2.892576 4.308467 -4.979311 -1.466202 -1.01091 2.406714 -0.4841881 0.01452242 -0.1662611 -1.79734 -1.07453 2.212109 2.247525 -2.237468 3.477872 -0.3067521 1.210057 0.4694336 0.2213277 -3.593374 0.8342479 -3.478446 4.831308 -4.784661 0.9613835 -4.139774 2.414345 3.196316 0.3707045 1.962322 -0.8218653 2.64837 -4.494883 0.9495996 -4.507494 1.992197 2.030132 -0.6791463 0.4509441 2.838209 -3.235209 4.764201 -1.340178 0.9269511 1.332474 0.4278505 0.02740444 0.8848584 1.468674 -4.502099 0.6541154 0.8937449 1.855881 0.5541754 2.755336 -1.975165 0.3538522 0.6980131 2.220511 1.343801 0.08359113 1.596495 1.557834 1.132604 1.739107 0.663668 0.8656067 0.6760977 -1.917049 -2.01781 -1.159263 -0.690684 -1.988448 2.520914 -2.773686 -2.751103 2.53186 -3.228203 -0.2084681 0.8429915 -0.3540206 2.176247 -1.186734 0.1194362 1.025034 0.7461175 -0.6776233 3.378523 -2.022074 4.072548 -0.03433331 0.8196767 0.11427 1.71571 -2.801217 3.164242 -1.939478 -1.826213 0.7494914 2.012718 1.758825 2.068553 1.540716 1.885796 2.324005 0.6797627 -4.105402 0.3171162 -0.9084832 1.488123 -2.153822 -1.650207 -0.9607853 2.359843 2.890152 -0.5219244 0.5223076 -2.911453 4.461353 -3.845051 2.613167 -4.038137 2.669963 -0.8357213 -1.95993 0.1876243 2.103883 -2.995533 1.463885 -4.373961 4.255981 -3.61917 0.2157868 -3.261856 1.048803 -2.183285 3.348498 -5.011225 0.2277727 1.973623 1.383744 2.840492 -0.9607062 2.383224 2.152545 -4.353679 2.788336 0.7611865 0.1195823 1.878937 0.7500058 1.54952 2.329634 -3.114187 2.452472 -4.52299 -3.724391 2.734144 -4.675339 1.551464 -2.377314 1.610039 -0.2121968 2.575441 -1.850703 1.984578 -4.165271 3.041601 0.2877294 -3.239149 0.7217467 -1.265349 0.1149069 2.483359 -0.7542174 3.465221 -3.812243 -1.551314 3.659441 -4.477538 -2.442982 2.060595 -4.185295 1.770556 -3.965331 0.5198706 -0.6980788 0.6723504 0.9302369 -1.981171 -0.777205 -0.7488155 -0.5007244 -1.221803 -0.5806935 -0.08527174 2.754055 -2.099643 -0.9154887 3.195168 -4.346382 -1.379484 0.7026128 2.126475 -0.1237071 2.241753 -1.046657 -0.5172691 2.495702 -1.936029 -2.219678 2.813564 -2.811566 0.8414435 0.5012262 -1.176435 1.252154 1.647331 0.6842324 0.7856387 2.0831 -1.642596 2.09719 -2.384869 4.465482 1.786281 0.6794308 0.9055728 1.048167 1.711165 0.4398116 -0.4323054 -1.493796 2.366791 -0.1476303 1.807749 0.9670798 3.279838 -3.277532 4.16739 -0.2617729 3.265307 -3.2867 0.2046979 -3.803994 0.8983409 0.7089093 0.5258189 -0.2257219 1.51078 -3.652666 0.0316611 1.345688 1.781322 1.009521 0.1426271 0.6997793 0.08824548 -0.369184 0.8220927 -1.501087 2.273998 -2.379169 3.085758 -2.506476 2.457524 -3.121681 -1.800045 -0.9666212 2.279982 0.6862106 -2.002372 0.4714359 -2.307831 1.951052 -3.862044 -2.279882 3.873353 -3.250379 2.135196 -1.214771 2.563025 -2.478001 2.48759 -3.080283 2.343869 -1.910665 0.05618427 3.302789 0.1116247 1.469928 -1.272956 -1.933669 0.3268383 2.863021 -2.182409 1.106296 -2.912013 4.538409 -4.611915 -2.381346 3.494742 -5.073362 2.575268 -4.025555 3.12729 -2.1385 0.3857849 0.3241777 -2.760337 2.503647 -4.754723 -1.229763 3.767635 -3.554567 0.4615845 2.215194 -3.260153 0.07191158 0.02700871 2.136701 -0.1810201 3.115913 -2.732676 -0.1940495 -0.501043 2.61663 0.1854399 -1.274069 -0.08480171 -3.765979 2.892488 -3.719841 0.2641672 -3.311574 1.358063 1.339545 0.4780179 0.919023 1.828133 -4.302746 0.9008763 1.235941 -3.193574 1.964011 1.9101 -0.1124338 2.970858 -2.314543 3.186255 -2.893812 0.9806063 1.001053 -1.934434 -2.274761 0.4180431 1.639155 1.049671 1.154808 -1.589695 -4.325596 3.577444 -3.634855 1.385175 1.346072 2.716141 -0.6103033 1.654949 -0.3806549 1.374265 1.060515 0.5099478 1.377248 -1.106255 1.600991 1.898319 -3.166985 1.891036 0.1669456 2.107131 0.4452601 2.146244 -0.9955526 2.700065 0.4070481 -4.454361 0.8905488 -1.831094 3.19633 -2.840872 -0.318675 1.260514 0.4946461 1.412761 -4.789932 1.322463 1.28363 -1.21589 1.924705 -0.6095085 1.920818 -4.289921 -1.3781 -2.082094 0.7711043 1.003974 0.6326958 0.03706433 1.541209 -3.641815 0.0393973 -0.531931 0.506492 0.5712282 0.9754999 2.207339 1.354638 3.261956 -3.093561 4.909305 -0.6394344 1.607698 -0.7312267 0.6899379 0.5837591 2.356937 1.17555 1.423323 2.584046 3.084996 0.598902 1.693945 1.695797 0.5566876 0.9458154 0.7892245 2.098241 -1.7385 1.646193 0.8414004 0.7962657 -3.034054 4.386047 -5.020986 1.865342 -1.385979 2.102151 -3.346885 2.708672 -3.543084 -0.3402948 1.025096 -0.5887997 -0.7750186 1.649236 -4.199205 -2.802803 4.509863 -4.462992 -1.038306 -1.498266 -0.6347919 -3.199273 2.756062 -4.943944 -0.03684727 2.951578 -3.592718 -0.1053838 0.397175 -1.807517 -0.5409622 0.09343965 -0.0492971 -0.9375007 -0.7298573 -0.8011182 1.677794 -4.598701 2.43533 0.6622651 -2.339176 0.6998714 -3.400671 2.543957 -4.474142 -2.717939 -1.360356 0.3879598 2.582394 -2.528511 2.690485 2.194881 -0.6246129 2.88625 -3.131215 4.128181 -5.265545 3.253879 -0.5346155 2.0583 1.516291 -2.17698 -0.1325076 0.1219128 0.5893111 -0.2543998 0.03057245 0.5769604 -1.374487 2.065848 -2.981708 2.114003 3.319221 -3.23673 3.742612 2.562491 -3.120732 4.826731 0.5566143 1.194742 2.298867 -0.6335501 2.51837 -2.052146 3.248852 -3.163554 4.722132 1.045562 2.237627 1.629429 -0.8689177 2.959651 -4.428467 1.37439 -0.1972021 1.486064 -1.83542 1.887083 -3.26198 2.79427 -1.12014 0.3186116 1.941119 -3.657467 3.59073 1.798876 -3.305366 0.004823381 0.9129832 -3.81177 2.479826 -1.612541 3.933062 -3.907415 0.6060612 1.230955 2.32954 -1.08452 2.485499 -2.325683 -2.339266 -1.441165 1.331963 -0.2930224 1.03321 -1.33368 -3.105647 3.137359 -3.160374 0.01792306 0.9754662 1.022341 1.268864 1.418499 2.626826 1.57554 -3.136808 2.176456 -1.623468 3.206444 -4.767953 1.463189 -1.368696 1.758362 -2.461108 2.310071 -3.220435 -1.37733 1.934177 -2.645862 -2.322304 4.27297 -3.995438 0.423809 -2.845945 1.316674 2.911136 -3.430164 4.339918 -3.446796 3.687643 -5.448899 -0.7468608 -2.355488 1.368817 2.478493 -2.644858 0.4207461 -4.016533 4.677776 -3.79695 -1.29984 -1.380211 -0.7688285 1.810919 -0.7740074 1.058685 -3.16394 4.637871 -4.051926 1.402257 -2.481274 1.604082 2.507401 -2.345113 0.2393011 1.807672 -4.591741 1.819201 -0.1645319 0.1988335 2.230751 0.09542997 2.3217 -1.204656 0.377348 -3.271225 1.536496 0.6697829 1.102658 -2.774122 3.147302 -1.696443 4.352501 1.956571 -2.775615 1.564712 -1.843008 0.5749804 0.4718041 2.52393 -1.786861 2.003837 -0.1264226 1.585558 -3.885968 -0.5291052 1.365607 -0.871029 2.000552 1.589945 1.524949 2.273328 -4.366256 2.45358 -2.446219 0.389978 1.256326 -0.7054747 1.271221 -1.684842 -0.7805039 -1.377648 2.379378 1.42402 0.8071261 2.943096 -4.142595 2.936268 -4.797597 2.47645 -3.605615 1.634858 2.057002 -1.358373 2.429544 0.4141908 -0.2414248 0.1781622 1.877634 -3.01268 -0.06810328 2.80436 0.8634924 2.214383 -0.5148488 1.472832 -3.999569 -2.155557 -1.699436 1.039421 3.201229 -3.246542 4.536771 0.9867848 0.9833385 -1.88039 -1.077718 -0.2216938 -0.6273564 2.839396 -3.557412 2.121367 -1.669593 3.800767 -3.274436 -1.851542 -0.4689305 -0.7216038 -2.431481 3.002979 -2.898862 1.614962 -1.121318 1.569418 -0.4352813 2.309298 -4.262023 -0.4513052 -1.942896 1.998526 2.099467 -4.264797 2.951009 3.047064 -2.442893 3.25027 -1.610592 -2.029961 1.177395 -0.5780441 -2.125412 0.5119453 2.102809 -3.287042 1.186999 -0.9850677 -1.718589 -0.2407738 -0.145823 2.860356 -2.264111 2.953319 -2.028038 1.066167 2.743845 -1.924679 0.3145636 2.184244 -3.055195 4.500216 -0.5193248 1.898078 -0.4242692 2.949012 0.7959304 1.802725 1.153447 0.7913067 0.03127161 0.02247517 -0.498619 -0.285352 2.37231 -2.707689 0.3027346 2.092682 -3.311575 0.5237916 -1.162576 0.5228228 0.3492679 -1.573278 2.971801 -4.766896 -0.1850264 0.4854283 0.9507839 -3.396626 3.203167 -3.279988 3.245527 -0.9736974 0.9080359 0.3568187 0.4541909 -1.011063 0.3755717 0.6330937 0.9211425 0.675123 0.5334996 0.0792658 2.175568 1.448972 1.903384 -1.20791 -2.014879 0.4251451 3.233994 -1.364263 1.313542 1.09291 1.341488 -1.232988 -1.230545 2.093062 -2.32716 -3.519517 4.707516 -5.099605 -0.1075155 1.255729 1.119866 -1.643372 -0.1281039 2.414996 -0.6048818 1.398874 -0.6122004 -2.923238 -0.8361127 0.1064168 -0.2386696 2.220905 -1.210447 2.529266 -4.059263 3.107697 -0.460506 3.23077 -3.819528 -0.2777792 0.5612785 -1.673021 2.723543 0.9016348 2.353623 2.817283 -0.9711327 2.399009 1.384654 -4.738262 0.8971183 -0.213638 -1.455659 2.454782 0.1696381 2.527489 -1.815584 -2.142582 -0.2778504 -0.4307032 -2.173857 0.6024972 1.475033 1.024687 2.238095 1.598841 -1.62923 1.627504 -3.686637 0.2559892 2.051099 -3.673513 -2.397458 3.856638 -3.223521 0.001491269 0.7393022 -0.9468484 2.698488 -1.476127 0.2221637 1.130831 -2.863307 1.743519 -0.2015154 0.8384429 -0.4593846 0.1224891 -0.1994197 2.272741 0.5829073 -0.495445 2.092991 -2.016267 -1.75103 1.304767 -0.622561 0.7960933 1.348465 1.813218 -2.416997 1.647162 0.5295591 2.201516 -1.105219 1.482511 0.8421745 0.7018036 1.032948 -2.356715 0.1153425 -1.204675 0.9883048 1.765652 -1.894414 -0.7071231 -0.7769551 2.070414 -4.166146 3.101938 0.277688 2.675615 -2.218175 1.723303 -4.145897 0.5981142 -0.6443315 -1.797717 -0.02510542 -1.150257 3.090325 -2.699873 0.7312937 -3.530913 2.102678 0.9647905 1.46858 -2.098808 0.9504582 0.07848005 1.517545 1.674773 -1.099198 1.84707 0.7360231 -0.7750081 0.345612 0.4214987 2.265326 -1.176687 -2.516629 3.951716 -3.296358 -1.841309 3.970448 -4.321347 3.151768 -2.255123 3.572015 0.6183078 2.198818 -1.464466 -1.908893 2.926019 -4.902166 3.012529 -3.251261 2.629318 -0.4529052 -1.487342 -0.3553663 0.03315223 0.8776041 0.3431449 3.061296 -1.962414 3.891431 0.8909386 -4.244444 2.262055 -0.5724058 0.2110774 2.478262 1.463781 -3.161707 2.976053 2.746207 -1.636021 1.980583 -1.742131 3.003452 -2.759881 2.621805 -2.452777 0.5113426 -0.9934617 -0.9236214 2.592968 -0.4420702 0.9651694 -3.237896 0.6961158 0.1952008 1.899369 -0.1455739 3.095692 -3.513153 -1.291733 1.448818 -3.366768 0.5444484 -4.594551 0.8534479 -0.3765191 -2.40507 1.252916 -2.498446 0.1449275 1.563692 -1.983075 3.030095 -4.940245 -2.951332 2.803021 -5.009489 0.5558192 0.5778383 0.5130041 -0.5290086 -0.5551634 -0.5526286 -0.9074306 -0.06310687 2.603573 0.828794 -4.413702 2.008023 -2.134842 -1.39735 1.770987 1.731947 0.9636797 0.8244066 1.795364 1.543603 1.176051 0.9530338 -0.6079528 1.215148 0.02018827 0.6915154 -2.835512 3.263462 -1.139143 1.509629 2.549127 -3.017695 4.951771 0.5584637 -2.523143 1.039572 0.3491641 0.1605992 1.360688 1.195053 0.7693168 2.861787 -2.918343 2.264189 -4.099588 -2.805332 2.840647 -5.032904 0.2922362 -1.67052 2.388461 -1.149376 3.56506 -4.16715 -0.5698166 -1.801443 -0.001561463 0.3800645 -0.7957507 -0.06483869 -1.662792 -1.946414 0.743098 -1.798089 3.651529 -4.686783 1.40499 -1.363878 1.813831 -2.966594 -0.1709511 1.050797 1.031871 0.703747 2.735829 -0.8269962 2.086917 -1.972632 0.1832201 1.190617 1.841461 -0.4602701 -0.8255344 -0.5843139 -1.022241 -0.09906718 -0.5207774 -2.531077 2.913635 -2.944148 2.324822 -3.585694 4.005668 1.251551 -3.25556 2.66689 2.435444 -1.381684 2.345965 0.5692617 -4.678323 1.139619 -1.48178 -1.525746 1.983525 -0.5171597 1.978679 -1.302195 -3.06734 4.521498 -4.881495 1.545806 -1.126086 1.492488 -3.704307 2.715184 -3.951178 -2.740953 -0.3488946 1.435079 -2.933613 -0.8186535 1.094336 -1.483149 0.3443116 2.280493 -1.302868 3.802755 -3.628016 1.812044 -0.470124 1.27664 2.704884 -1.819393 4.140515 3.271105 -1.760032 4.31364 1.077317 -1.646623 2.123501 -0.8716992 0.419817 0.296719 0.4098781 0.5748325 1.897501 -0.6264009 2.264117 -4.387233 0.4806222 -0.5905339 2.275186 0.7232324 0.4390215 -1.763399 0.9647657 -3.695565 2.548073 -3.149384 4.095649 -3.383955 -1.410068 -0.7362947 -0.8748775 1.118219 0.7614529 -0.07380036 -1.079025 3.458034 -4.265248 -0.9372492 0.349501 2.451558 -3.082686 3.319425 -5.280966 -1.679328 2.875948 -2.71099 -0.6149244 -1.881889 2.011213 -1.972492 -0.7971797 -0.7536488 0.9108721 -4.296216 0.3228458 0.3454454 -0.05925884 1.86747 -3.138424 2.403389 -3.83742 1.728354 -3.371236 3.580454 -2.015652 4.112062 -4.199081 2.496034 -1.547575 2.167564 -2.410536 -1.110846 -0.4790184 2.785456 -0.7919465 2.549425 2.237977 -2.473582 4.918664 -0.4067604 -1.80954 0.06722838 0.3943008 0.6697164 0.5082089 -0.06387445 -0.6708412 2.615167 -1.015056 1.220953 -3.550941 -3.051017 2.549516 -4.730457 -1.024035 2.90069 -2.549845 2.967973 -3.468522 2.623973 -0.9697465 3.616467 -3.713679 1.708324 -4.658916 1.348015 1.944927 -3.758722 0.685765 -0.3074902 1.612763 -4.005539 -0.9008496 1.283414 -2.418759 2.063899 -2.87915 2.361675 -0.1613439 1.550055 1.08842 3.316395 -0.1032024 1.330531 2.999396 -0.5542089 0.5912895 -0.8521789 1.120315 -3.099992 1.425367 -3.859415 2.911908 1.797175 -4.540365 2.634013 1.146507 -0.2099022 1.753728 -1.755066 -1.950156 1.132138 -2.611234 3.267262 -5.154699 -2.291629 0.1874738 1.83595 2.733612 -3.226292 1.901014 2.849567 -3.773191 3.304788 2.674758 -2.61788 2.571195 3.071287 -2.405719 3.317943 -2.907663 -0.9191985 1.048475 1.903449 0.8894089 0.9306858 0.6125861 0.6900669 -2.528706 1.122149 2.022979 1.154287 1.465678 -4.637013 2.150188 0.8717324 1.560243 -2.445718 2.657853 0.6406217 1.389785 -3.128043 3.076195 -5.188549 -0.2852836 -0.5999805 -0.4737951 0.2976193 -2.22707 1.16035 0.1990544 -3.86354 1.28481 -1.67831 -0.4129589 2.480156 -0.5496664 -1.98789 0.2671701 -1.431147 1.857376 -2.813544 1.913933 0.9336504 0.947571 0.04923503 1.928319 -3.894013 -0.07330881 2.780283 -2.150985 0.7041991 1.963317 -0.7543436 0.4907191 0.3093724 -1.644725 -1.163515 -0.5042347 -0.8007401 -2.309006 2.818796 -2.850812 2.092266 0.9397519 1.187616 2.843891 -3.032406 5.117199 0.3392919 -3.714481 1.703114 0.6158618 -2.272885 1.517288 -0.5754604 0.963937 -1.636999 0.7772272 2.061476 -2.448987 0.9898263 0.6887628 -0.637982 1.88413 -2.022421 1.784939 2.344408 -2.684314 1.511085 -3.890939 4.493753 -3.659654 1.031883 1.576424 -0.9180874 -3.523382 3.425745 -3.296557 0.5921348 2.374944 -1.995276 -2.113856 2.324519 -4.686441 -1.423323 1.828667 -2.837354 -3.530851 4.885594 -4.62601 0.1107714 2.312388 -3.84955 3.230651 0.2747277 1.504559 1.430198 1.195432 2.813523 2.605567 -2.93023 2.096165 0.1932973 -3.804456 1.194671 -0.9522531 -0.06695341 -0.4785505 0.2704427 0.5588958 -0.1392896 3.401388 -3.083115 4.664815 1.593127 1.529315 2.571877 -2.993464 3.632582 -3.151908 2.27602 0.9111219 2.706929 2.660707 0.4755971 2.749024 0.1703993 1.147168 1.817998 2.396449 0.5634234 1.15201 1.465508 1.680891 0.9945961 -0.7516323 -2.037874 0.3144999 2.164439 -3.003246 1.949977 1.74559 0.5526376 0.9558428 1.535896 -4.066627 2.84862 -0.5651378 -1.403203 -0.5051642 2.172379 -1.144668 0.1397663 -0.9898502 2.993567 -4.499371 3.5331 -2.373465 4.005592 0.1096837 0.3275459 -1.711003 1.137975 -3.715756 0.0276338 3.232098 0.3532147 1.871975 -3.296586 3.227389 -3.228008 0.5327168 -3.356923 0.2321268 2.408412 -3.116836 4.700572 2.014094 -3.557998 0.6783583 2.210702 -2.398726 1.77504 0.2952135 -1.580483 0.2522222 -0.5799487 -0.8251697 -0.6350867 0.1191205 0.9691041 1.65952 -1.375112 -1.857478 1.659228 1.419978 -2.651313 -0.1425229 2.702105 -1.694105 4.472239 0.6286489 -0.3694918 1.921328 -3.417993 2.521952 -4.338145 -0.06465999 0.220055 2.047048 -1.090747 0.9057712 1.98439 2.488899 -3.292517 4.53428 0.8470812 -0.4965804 1.561583 1.006131 -3.152947 1.8618 -2.23854 0.3907059 1.719388 2.582612 -1.071173 2.518228 -0.1305871 0.1327557 0.1942792 -4.38381 4.1496 -3.601486 1.294646 -0.9649551 1.121494 2.478793 -3.762131 3.757209 0.7123712 0.4579702 -0.8319117 1.923797 -4.36538 1.281057 0.8091723 -3.910904 2.332024 2.098612 -3.786961 1.213017 0.4680207 0.8251271 2.194406 3.168126 0.407556 1.564396 0.007185263 0.9700063 0.8826513 -2.183177 0.5080079 0.5538303 -1.821412 -1.563467 1.780244 -2.347375 -0.986741 -0.574603 -0.6054599 -2.394141 1.299183 2.409703 -3.339388 4.414772 -2.366758 0.3146199 1.621159 -0.71972 1.016614 -2.38749 0.04975813 2.174093 -0.4550367 1.757715 -2.527749 1.600774 2.378438 -3.696476 1.579621 2.19241 -2.154556 4.041342 1.871263 -2.318525 -0.1218983 2.863843 -3.305489 4.627656 0.04689613 2.294161 -1.080913 1.724071 -3.149701 2.073498 2.792431 -2.51185 2.901008 -2.990213 -0.2618729 1.059183 -4.164693 4.525427 -3.690343 0.3502685 2.705276 -2.626832 -3.129209 2.371637 -4.196495 -1.367155 1.72175 -4.283349 2.579805 0.9818284 2.496603 -0.5325227 1.97712 -0.6837611 -0.05055343 0.4062725 0.8997174 -1.299491 3.699586 -4.088921 3.054002 -3.166953 2.746091 -2.897014 2.38667 -4.53709 -0.996006 3.658329 -3.287245 -1.258727 1.448789 -3.891117 0.5317501 2.360058 -2.89568 -2.486529 4.207939 -3.620162 0.9106861 0.5817129 0.05601373 0.2354524 -3.814327 1.494826 1.048447 2.184757 1.890835 -0.848078 0.9429107 1.493597 1.788913 -2.71253 3.543589 -2.467149 4.179332 -4.731812 -0.7254398 -0.2386969 2.662853 -0.8505512 -2.167135 0.6041003 -0.7495108 -1.536557 -0.4748107 -0.1329989 -1.753953 0.1440288 1.313155 -0.9868885 1.319695 -3.317964 3.461216 -3.216622 -2.179382 3.008154 -2.821623 1.533893 -4.42625 0.6376698 2.034973 -3.565116 0.8361264 -3.957557 4.558716 -3.705852 -0.3469648 -0.5617898 -0.4871174 1.503909 -2.172837 -0.1310697 -1.720016 3.760559 -4.522291 0.6487948 -2.935044 1.617547 0.5013962 2.495115 -2.362017 0.4728329 2.310784 -1.527124 3.200109 -1.204475 1.644538 2.315776 0.1517465 0.9974152 2.123319 -2.338374 1.789898 1.227878 0.6964582 0.5515835 1.146133 -2.061397 0.130653 -1.713362 0.8583367 1.328752 0.009486269 0.9677495 0.8890904 -2.811635 -0.4877801 0.05397372 -2.34389 3.991199 -4.826521 -2.209632 1.997744 -3.416156 -2.138055 -0.2203786 2.181228 0.3028674 -2.188616 0.982545 0.2182826 -3.514518 1.322456 -4.032635 3.042235 -3.795618 1.234406 -1.142447 1.977262 0.01379714 3.092878 -3.077448 0.03580105 0.4319859 1.191652 1.121333 0.7419404 2.817316 -0.9562018 1.17143 -3.32579 1.485669 -2.034669 -0.1180928 -2.914724 2.70238 -3.218152 -0.7165359 1.615585 -4.15857 1.662245 -2.908903 -0.1412087 -2.969571 4.536947 -4.718908 0.624422 -0.2250707 1.018239 -2.576948 -1.460783 0.5862473 -1.216748 -1.253894 -0.8237774 -2.18366 -1.598192 1.381483 -1.352512 1.617442 -3.044959 2.698458 -0.3642637 2.874962 0.8948766 -4.73672 1.521845 -0.2829898 0.6138445 1.342922 0.2024435 -3.487149 1.153581 0.3186185 0.6163787 1.195811 -1.328665 3.60182 -4.330028 -2.354584 2.354735 -4.677608 3.021083 -3.541664 3.092415 1.050771 1.114007 2.716238 -3.053638 2.772688 -4.978607 2.988063 -1.87099 0.7379279 -2.870981 2.986038 -3.085198 1.063351 -2.119986 1.847213 -3.453914 4.37721 -3.58416 -3.902256 3.214526 -5.288942 0.439676 2.585144 -2.60168 2.311109 -0.412901 0.503094 -2.74834 3.056755 -3.020984 0.958169 0.9003175 -1.935526 0.1684226 0.7754593 1.458796 -1.732767 0.367139 2.129049 2.736365 -2.357109 0.8369632 -1.167474 1.374334 -3.791008 2.380975 -2.54687 0.19711 -0.9455256 1.491869 -2.257992 -2.42876 3.292018 -2.943179 -2.575491 2.528744 -4.807696 -2.923613 3.797239 -5.259901 -0.5454469 -2.166798 1.722657 -2.696975 -1.29862 0.7900915 1.403652 1.683418 0.9306374 -1.469352 3.291721 -4.660989 2.910754 -1.494602 0.3751645 2.147237 -3.06648 1.259848 1.411838 -3.820934 0.09866294 0.6703357 1.951893 2.027725 1.650154 -2.922428 2.926571 0.09414287 -1.359318 2.536577 2.236768 0.07314947 2.96486 -2.829199 -0.9147934 1.176281 -0.1834382 2.904695 -2.317644 0.1330003 -2.285701 1.411399 -1.753596 -0.2543131 2.407926 -2.731343 -1.055562 -0.1021642 -0.7491331 1.397083 -3.97422 -1.387906 0.4567425 2.264296 3.196549 0.2666225 2.049755 -0.5882637 1.070425 -3.481633 1.875974 -2.813139 1.552747 -3.021378 4.419538 -3.718499 -3.056851 3.111345 -3.143285 2.938501 -3.080362 2.416793 2.317762 -4.328001 2.576205 0.8310281 2.217105 1.577186 -0.8322957 3.474839 -3.914289 -0.1639306 2.475904 -4.07224 -0.3435502 1.01509 -0.3383354 0.0006954299 -0.2966065 2.432239 1.056513 2.206234 1.418961 -0.3750884 2.127776 -1.176629 1.30633 -3.490958 2.913228 -0.9850008 0.02995307 2.570083 1.04771 -3.040904 1.810134 2.842239 -3.394157 4.447374 -0.772232 1.097652 -3.444823 0.7835788 0.4528814 -1.374071 0.03037175 -0.6213404 -0.3203469 -1.742417 3.494986 -2.999605 2.492598 -2.019703 1.913399 -0.4634784 2.048585 -1.025897 -3.647563 3.171396 -5.266757 2.305614 -3.064271 4.646698 0.9941517 2.232064 1.47072 0.0571716 0.6596129 -0.1191596 2.9941 -3.485697 2.859897 0.2351112 -3.539522 1.40435 3.031336 -1.850746 0.8863819 -1.350886 0.6893413 2.149536 0.5675742 -0.1657944 0.7777858 -2.263628 0.5767062 1.147612 -0.742516 -1.841878 2.010416 2.606243 -1.729996 4.513366 0.5264605 1.487197 2.224798 -0.5472299 1.337158 -0.7455475 3.373261 -3.141586 3.779575 1.628935 -0.4569292 1.437973 2.692701 -1.741226 4.35112 -2.260444 0.02520818 1.976418 3.375229 -3.09199 3.676487 -2.123876 -0.08856928 -0.2183252 1.042833 -3.233517 -0.07150094 -2.588268 -0.9956955 1.422132 0.2658046 1.80455 -3.616962 2.311642 -2.094624 1.932067 0.8311643 -3.777796 0.1272424 2.214255 1.440739 2.059062 1.376171 -3.294079 -0.1255948 1.916033 -1.165717 0.1018208 3.298199 -3.245623 3.606938 -3.598876 3.13117 -3.412732 -4.142212 3.308518 -5.350944 -0.9109258 2.480021 -2.219545 -0.5411685 2.220362 -1.75691 1.121301 -3.406327 2.64818 2.101986 -3.340433 1.062752 0.5033243 -1.965205 0.5021404 -0.2162855 0.4155737 1.962549 -0.6004949 3.033546 -2.490851 -1.221526 -1.751422 1.85097 0.5147537 -2.291485 1.082289 -0.791539 -1.389869 2.370859 2.551726 -4.027971 2.160617 0.3957664 2.249818 -3.38135 2.142707 -2.342304 3.322572 2.835649 -2.705908 2.62068 -2.616159 4.417514 -4.082006 0.5859642 1.926899 -3.097566 0.7297707 1.934061 -2.697431 1.508405 -4.70518 1.867806 -0.6858778 3.097764 -4.215298 0.5661549 2.325952 -1.75421 -2.499295 3.558136 -3.041709 -1.371278 3.792111 -3.3859 0.6993852 -3.762358 2.198424 1.258574 -4.256431 0.3130541 -0.1280685 2.225532 -0.9410945 -0.3804002 -2.140872 0.5809994 2.211617 -2.904645 1.389999 -1.180713 -0.9314242 -0.8761705 0.8358831 -0.4924937 1.388856 3.617363 -2.146314 4.285869 -0.1799916 0.9414781 0.1612173 0.3778722 1.638739 1.981366 1.267432 -3.202224 2.568122 0.1074003 2.453011 -3.805909 -2.147968 -1.436694 -0.2989508 -0.8165854 1.708762 -4.253016 0.8752759 1.755909 -2.376548 -2.259149 2.919232 -4.995178 -1.812401 -0.8533975 -0.8158922 0.4340095 0.3976653 -2.175878 -3.193356 3.590581 -3.190711 -3.112093 -0.5369627 0.6118476 2.912761 -0.1269967 0.7850065 1.939902 -0.544714 0.9109436 -0.9651473 0.9541219 1.42284 -0.6322909 1.754805 -4.223884 0.728174 -0.3462211 1.410217 2.383584 -2.859076 1.009343 0.3444194 -2.212837 1.046171 2.39213 -3.208666 4.572046 0.9024685 1.712783 -0.2931015 3.355341 -0.7855748 1.678214 -3.060255 4.453137 -4.969304 -3.153417 4.482439 -5.022142 1.570756 -4.114023 0.4207877 -1.150118 3.718809 -3.673075 0.9386415 1.715202 -1.974842 3.070225 -1.027522 2.034164 0.396226 2.588739 -3.004791 -0.5557241 0.446005 0.4369032 0.1475265 0.5708547 -0.608623 2.108747 -0.8882602 0.2986116 2.119888 -2.265694 4.332574 0.638403 -0.4086341 0.4386961 3.08004 -1.393615 1.731771 2.140213 -2.500847 -0.02168602 -0.2650469 2.084829 -0.4379376 -3.026536 3.760745 -3.20069 2.332421 -3.783523 3.704169 1.896352 -0.6724089 0.8626857 0.1303657 -1.008189 2.584787 1.744876 -4.498825 0.9885015 -2.354737 3.40684 -2.966612 -2.70644 3.329011 -5.19089 1.734974 -1.824622 1.756997 -0.5645277 0.8733226 -1.728671 3.379197 -0.5179687 1.772523 2.350505 -1.296424 2.457678 -0.5890069 0.7938601 1.401682 0.6897894 0.4241042 1.068367 1.386086 -4.769844 0.9618438 0.7781106 0.1794791 2.143071 0.2269947 0.186824 0.7930242 -1.05974 -0.3373483 2.660997 2.821059 -3.771779 2.449833 -1.014201 2.820315 -2.495613 0.4149614 -0.07607567 0.4591601 0.3316745 0.101826 0.798743 -0.9536988 0.7295365 0.8543918 0.1196056 -1.668549 0.2190131 -0.6019955 1.491757 -0.8316643 2.097541 -2.270771 3.883604 0.6146558 1.92082 0.1152197 0.8757493 -3.51896 2.307825 -1.123921 0.7316815 0.7587541 -0.3937621 1.337204 0.2239799 -0.3308065 0.4964597 0.7738715 0.3082846 0.7105725 0.7709801 -1.234991 2.935705 -4.622561 0.4554493 2.481827 -1.953163 -0.792817 -0.8106844 2.709923 2.855253 -0.5949651 2.601951 -2.16782 0.56561 0.7287481 1.877991 0.4301265 1.018642 -1.875361 -1.791133 0.3925865 0.62677 0.288957 1.471882 2.790059 -3.151792 2.046558 0.7179222 -4.516424 1.703364 -1.280196 0.9578401 1.40615 -0.3789869 1.236639 0.1624396 1.156203 -1.81014 1.999333 2.763667 -0.8582448 0.3717047 0.5596192 1.946007 -0.03774156 2.575869 -3.125651 4.829093 -2.858185 3.198775 -3.055087 1.161253 -4.465031 2.300205 -2.566808 4.231279 -4.762165 0.2260374 1.590834 -3.564351 -0.8834473 -2.189535 1.595139 -3.185698 2.702 -3.4116 1.963885 1.61748 2.398076 1.414517 2.200469 1.796636 -2.238205 1.945457 -3.617438 0.4299788 2.064977 -3.384202 -2.547613 2.362814 -3.234042 3.055679 -2.538984 3.158141 -4.585903 3.664785 -3.743157 -2.400315 0.4028771 0.5188901 1.764814 -2.957912 2.602289 -2.557758 2.552334 -3.088573 1.796069 0.9666648 2.875431 1.622406 -1.749269 -0.1076247 1.076683 0.6848633 0.09606324 1.483901 -0.7871167 1.907719 2.074598 -2.635257 -0.04173814 -0.5673409 0.08474018 -0.07677615 -2.131878 2.867908 -4.955008 1.890601 1.550113 1.279918 0.6406977 0.4848521 0.8745822 -2.796868 0.1777748 0.6207795 3.016228 -0.2314614 2.575885 0.3522551 1.149175 -3.159071 -2.606677 3.287323 -2.982924 0.2256471 -3.162423 1.032973 -0.6979933 3.501431 -3.548251 1.4632 -1.139176 1.550914 -2.570177 -1.128229 -0.2695006 2.11615 -0.2525052 0.8630114 0.1472555 -2.227354 1.09651 0.9385588 1.785465 2.314926 -2.841496 2.560276 -4.800629 0.8161846 0.5559098 -0.2553272 0.7076112 1.153128 -2.727952 0.3515612 -3.761283 0.4588197 2.78794 -0.1923568 0.6674301 0.8466187 2.018241 -1.790021 -2.264297 1.928295 -3.880897 -1.453717 0.7838617 2.017943 -1.87972 -1.632167 -0.06892578 3.002279 -2.142509 3.590712 1.323545 -2.39 1.625832 0.5432702 0.4936114 -2.270618 2.538038 -2.358433 3.048688 -1.80623 -0.9745231 2.271708 -0.495184 3.152383 -2.65364 1.224267 2.221694 1.627233 -1.0303 1.413089 -3.958464 1.765143 -4.62083 1.543033 2.163309 -1.96661 -0.0087197 1.060092 0.8310589 -0.7445742 1.465451 -2.183886 -0.1272393 0.3987463 0.9370254 2.131884 -2.935933 -0.245597 0.3365926 0.2352158 -2.227142 1.149807 -0.2572141 -1.734554 2.178516 -1.662091 2.615223 -2.646435 -2.040133 4.047684 -4.441025 0.8715709 0.03104891 2.068807 0.003296203 -0.4306168 2.498656 1.772393 1.810967 1.372407 -2.738463 3.136984 -5.15742 0.03256868 0.977689 1.21002 2.091087 0.4643508 1.030202 -0.5665556 -2.137397 0.5362017 -1.257793 -1.61487 -0.5195892 -2.215275 -1.415214 1.658134 -1.273675 -1.678345 -0.3927841 2.161616 -1.424188 2.36219 1.187243 -0.8688838 1.318417 -0.1751952 2.880413 -3.89703 -2.451423 2.424234 -4.724725 -0.3413362 1.70768 0.2955029 2.233106 0.2676065 1.032311 2.410986 -0.391957 0.4953437 -0.7114611 2.972253 -4.296121 -4.261229 2.982154 -4.180309 0.2043973 -2.26187 1.559147 -2.143222 -1.710914 0.5275664 -0.9266863 1.379741 -2.347573 0.4975885 1.494977 2.199646 -2.480975 3.241307 -5.11431 -0.6604052 0.9795696 -2.79558 2.560436 -2.636785 0.803657 -2.650543 -0.6947658 -0.2793624 2.455627 -1.658643 2.099898 -0.163059 1.920331 0.7505447 -2.560341 0.3324748 0.9792152 2.91241 -2.52929 3.008958 2.504158 -4.029691 2.070611 0.4501469 -1.279694 0.139734 2.563383 -2.624151 0.6823932 -2.505631 0.202884 0.3215933 -0.6966732 0.8960381 1.579976 0.3449164 2.648763 -2.326958 0.7335748 1.857167 0.02925559 -0.1986884 2.869917 -3.937514 -3.479448 2.638431 -4.656929 0.8083882 0.5109994 -0.7903871 -0.8927283 1.150445 -3.467492 2.723864 -2.38204 1.038849 1.128749 2.07975 2.145248 0.9843389 -4.784006 0.8696369 -2.347724 2.384243 -4.707447 -0.4168392 1.249925 -0.9198403 -2.329056 4.156027 -4.613551 1.299596 -1.680167 0.1402661 -1.500193 -0.2843065 -0.7084227 0.6467179 -0.914246 2.35093 -0.9943908 0.7146206 0.7856158 0.2647136 -1.587963 0.2413512 2.691656 -3.522507 1.82788 -1.668561 -0.4425481 2.489046 0.5542668 -4.382909 1.690606 2.742025 -0.1020525 0.7378917 2.860787 -2.179388 3.454492 -1.315102 0.116445 2.46554 -2.788925 2.742492 -4.96671 3.537674 -2.693366 3.950515 1.072489 1.935891 0.9594243 3.180009 -0.4795323 2.191956 1.920909 -0.7911197 2.769156 2.206891 -4.166778 3.147661 -1.776753 -1.934539 1.015646 -2.046491 -1.751899 0.5152618 1.578301 -3.604716 3.209975 -0.2243471 0.9048948 -3.209333 2.583099 -3.806168 3.655498 -1.805068 0.002379992 -0.1825491 0.9869632 1.635863 -1.604594 -2.956157 4.256589 -3.53165 1.085686 1.420872 -0.9753018 2.785216 -1.093033 0.320478 0.1083289 2.187137 -3.872681 1.116881 1.130085 -0.8000791 0.05562811 2.023325 0.9976837 0.1881048 0.7250064 -2.879027 2.034406 -3.121663 1.843426 0.4363339 0.06880073 1.261973 0.5819781 -0.4660035 2.064174 0.3497847 -2.252146 1.438048 0.6971334 0.2020524 1.555288 1.170213 -4.438609 2.351099 -0.6458682 -2.354491 1.428765 0.1647712 0.5862771 -0.1784576 -1.907323 0.6500685 1.775243 2.880728 0.54834 2.505517 0.6402833 0.4434007 -0.7422795 2.221359 1.421108 2.011204 0.09904668 0.8360971 -3.061166 -1.763421 0.03476752 -0.1405984 2.221863 0.3927794 1.03835 0.4456277 0.3926221 -2.151202 -0.7850348 1.093371 -2.755925 -2.543318 -0.3778985 1.861638 0.06795889 0.8901885 0.623168 0.8127156 -3.559556 2.241015 0.6391716 2.202739 -2.756303 -1.285758 1.93584 -2.492571 -3.679228 4.901774 -4.250451 -2.239506 0.4563456 1.641816 1.112506 -3.71791 2.72901 -2.144314 0.5712408 0.7183872 0.5050117 -2.759533 1.323575 1.101023 0.4371501 0.8648207 0.6734883 -3.825791 2.182133 -2.988792 -0.03514618 0.7529486 1.6444 -0.1538411 2.916302 -2.954549 4.073993 -3.368216 1.454047 0.7329301 2.969535 -3.642552 2.951165 -5.06889 -2.807533 2.292995 -3.574319 0.4594305 2.536965 -2.28518 -0.9294066 1.340414 -2.41788 0.772674 1.798893 2.240518 -2.59796 -1.409628 0.7277169 1.809544 -0.3276879 2.907919 1.019834 0.7338382 -0.8534511 1.548145 -3.109944 2.286603 1.235911 1.204706 -0.05860786 1.981384 -1.156307 2.594229 -2.868216 2.249488 -4.169621 -2.083431 2.678237 -2.768421 1.217911 -0.02224713 2.631646 2.486403 1.150429 1.978096 2.090979 -0.9103412 2.742505 1.722908 -2.368091 1.637757 0.463918 -4.097987 1.844142 -0.2319922 -1.977418 2.020576 0.5432126 -2.568023 1.002423 2.22194 -2.257499 3.456922 -3.805859 2.76627 -4.681024 -2.717069 2.191736 -4.207471 2.196188 -1.584195 2.186728 -2.71348 -1.348164 0.2805272 -2.393937 0.47266 1.017855 -3.527424 2.660235 -3.809459 3.331698 -0.8818094 1.411053 0.5827 -0.1896637 0.7577032 -1.452834 0.9488281 1.526452 2.305794 1.016684 2.64895 0.488584 -0.08457921 1.656114 -0.8827125 -1.85725 1.930182 -2.025911 -1.414817 -0.4585223 3.468398 -2.957905 3.894974 0.4555001 -4.500454 0.8614253 -2.278618 -1.641827 0.8342296 -0.3922572 1.172667 -0.09682965 -1.224457 -2.177955 0.9231319 1.38416 -3.763344 0.05467533 0.3928364 0.667051 0.6156473 0.5898058 1.851064 2.068001 -1.771288 -1.7036 1.6575 -0.8993804 0.1494865 2.541716 -1.354269 -1.868682 0.2479623 2.717392 -3.902912 3.019026 2.920878 -1.251038 2.081169 -0.8425326 -1.747184 2.073935 0.4845879 0.4034013 1.596099 3.343125 -2.995779 3.470432 2.243974 -0.4707281 0.4859877 -0.09187878 0.1149151 0.190213 1.292964 -3.167108 1.878475 -1.892175 3.750153 -4.679803 0.5629821 -3.172516 0.2749153 0.326534 1.971747 1.53755 -0.4327199 1.923377 -0.3375219 2.744011 -1.419948 2.120169 0.7380661 2.061576 -2.595695 0.9625207 1.481996 -2.103971 -2.799421 -1.27653 0.3156768 -4.069687 3.104815 -3.760783 -0.01753946 -2.163501 0.7591351 -2.882654 -0.4927909 1.260702 1.166424 1.084141 2.79388 1.863186 -0.8959822 0.3918057 2.891361 -3.676199 2.664946 0.1969041 -3.832191 1.001381 -2.28904 -1.35974 -0.2882485 1.377048 -3.134458 2.394937 2.092536 1.3261 1.495179 1.406988 2.127758 2.120349 2.471312 -1.786627 0.1015611 -0.04109077 1.125915 1.192781 2.361435 0.5759566 1.149432 0.9592311 1.865865 2.283347 2.0514 0.1205847 2.998112 0.4922833 -4.272253 1.735616 -2.715109 2.16426 -3.839777 -2.610846 -1.43111 0.5902621 -2.676767 -0.896724 -0.2746811 3.047128 0.675263 1.737217 -3.17808 3.379797 -3.167454 1.806616 -3.250352 3.762926 0.09018566 2.013527 1.091944 3.074091 -0.3776395 2.403169 0.2767152 -2.202019 1.03563 2.118226 -4.135703 1.582952 -1.575614 0.6663242 2.05211 3.524701 -2.975741 4.320055 -2.363706 3.662743 -3.085236 -3.003124 2.345513 -3.754193 0.8584182 1.87033 -1.054677 2.426679 -3.687446 1.622295 1.083947 0.9206371 -0.9693618 2.467605 0.6509159 1.319681 -2.427162 0.410695 1.267668 -1.997229 -1.173093 2.025613 -3.321507 4.243675 -5.324306 0.621717 0.4907694 -2.14937 0.7710062 0.5405014 0.1648787 1.424299 -2.37399 1.615072 1.732373 -2.91033 3.601191 0.3725931 0.9256403 -3.007774 1.145493 0.2037106 1.26766 -1.070442 1.493226 -4.063623 -0.2667863 1.086485 -3.514189 1.634397 -2.907258 3.12183 1.208353 -0.3627085 2.101584 -0.114835 0.6440055 -2.695228 -2.184757 2.025856 -3.335352 0.9050037 -4.431926 0.4173643 2.194866 -2.374026 0.00377698 1.23588 -0.3153071 1.736907 0.9951507 1.682214 -1.153208 0.1270504 2.611865 -1.939964 -2.133463 -1.075789 2.006899 -2.040683 2.946101 -4.947873 1.512789 -2.768093 1.593204 -3.652543 3.153176 -5.253357 -0.07845122 2.293024 -1.216057 -2.975094 -0.1644982 0.4419656 0.1221845 0.8278131 1.194253 -0.6140088 -2.019125 1.861325 0.3010344 -0.6693357 -0.1262876 2.153434 -4.035504 1.506478 3.262707 -1.929478 4.074586 1.374328 -4.76635 1.66816 -0.7488734 3.057263 -4.285333 1.392014 -1.608691 1.84131 1.083119 -0.7364755 1.635855 1.450847 0.7963151 2.952123 0.2666119 -1.154787 2.55034 -0.2916768 -1.439939 -0.3030702 -0.4157375 -0.02675973 2.527244 3.295423 -2.966799 3.333286 0.4387933 1.988857 0.004683739 -0.5198748 -0.009459674 -0.2244996 -1.268067 1.629112 -2.820654 -2.146622 2.989353 -4.985406 0.4580968 -2.826462 0.763353 2.143973 -2.336305 4.598227 2.138843 -4.342936 2.04405 3.218611 -3.330822 4.167427 1.893436 -2.627484 1.601283 -1.674914 -1.906119 1.475242 0.9251697 -2.596361 0.1379842 -2.301093 -0.541564 -0.5291609 1.553903 -0.5654811 2.704021 2.817873 -3.396344 2.007589 2.458533 -3.074809 4.796831 1.018557 -0.7042051 1.079637 2.795355 -2.182139 3.421997 -1.176396 -1.095915 -0.8569942 0.776778 -2.905273 0.148863 0.2029053 -3.990651 1.004858 -2.69692 -0.6535878 1.470195 2.233751 -3.409047 4.181246 1.038093 1.60289 2.412992 -2.255241 2.063095 -3.34994 0.990543 -4.473386 2.095798 -1.926526 -1.582408 -0.1556073 0.02353683 -0.7883924 -0.3538156 0.2781981 2.123798 -0.3827495 0.1355768 2.229427 -0.6730692 2.508542 -1.121227 0.2381128 0.271452 1.61151 -3.52089 0.7079615 0.7682765 -2.469164 2.323431 -2.546081 1.669742 2.90641 -3.644222 2.661962 -0.5671573 3.446365 -3.347825 1.955479 1.533047 2.49417 0.2175233 -3.262396 1.114463 2.058052 1.056105 1.207689 1.501827 -1.490136 0.0308792 3.520081 -2.395888 3.968651 2.987217 -1.94974 1.256787 -0.2063414 -0.9294304 -0.5015089 2.399162 -4.214736 2.257572 -0.1257436 0.05583652 0.07965373 -2.839437 4.500634 -4.020435 0.05138279 -1.941785 2.116853 0.1027908 -1.611143 2.414758 1.656032 1.546388 1.057488 -0.8245109 1.600141 -4.173052 -1.972393 3.745712 -3.169681 1.564183 0.1029164 1.212135 -0.1507975 2.622565 -4.02271 0.5665986 -1.900812 2.21056 -0.1929368 1.472881 1.031731 -0.9930832 1.192218 -3.466988 1.716897 -4.427083 2.715077 0.4857368 -0.8350145 0.05640754 2.462523 -2.027359 1.921 3.290816 0.1070265 1.426818 0.7692311 0.818396 2.472891 -2.3446 -0.2424293 2.050162 0.08916906 2.031904 0.07887121 -4.539228 3.110015 -4.314203 -2.685477 -0.5924669 -0.1737691 -2.902146 3.208719 -3.071635 -2.183113 -1.697129 0.5714563 0.4633749 0.4311322 1.694723 -0.3627636 1.191783 -1.237292 0.9745368 0.6560941 -0.3506659 2.51378 0.3194444 2.865348 -1.352752 1.537348 -3.245817 -1.96902 -1.75481 0.3838812 0.6720562 2.289833 -2.006214 2.355461 -2.022959 1.952966 -0.5050711 -2.012126 1.914279 -3.095969 4.557465 -3.918613 0.05325935 2.470884 -3.872852 1.450523 -3.890501 0.1593838 -2.648568 0.09988408 1.293443 -0.2151775 3.238121 -3.280629 0.1496267 -1.929598 0.4829202 -1.181777 0.6552022 2.220788 2.773639 -1.78398 4.185385 2.124058 -3.720978 1.261215 -0.4168313 -0.02835068 -0.1984686 1.110525 -0.8131082 1.849983 0.1394819 -2.153765 0.8317 1.056457 0.4052382 2.644862 0.3881334 0.09665298 1.459413 3.115966 0.0960116 2.338596 0.3921492 -2.162771 1.931027 0.7790288 -2.441575 1.395465 1.728136 -2.350049 -0.1389927 -3.490077 3.106416 -3.362586 -0.7052147 -2.008766 1.834363 3.147265 0.4693852 2.003873 2.457043 -0.4277033 0.4694847 0.9720606 1.735399 0.334186 1.703561 -0.1416129 1.275497 2.647997 -2.353187 0.4522662 -3.045335 4.613862 -4.631007 1.899776 -0.8440212 0.4191208 0.7629021 -1.930089 2.148681 -0.5244085 -1.891567 2.025925 -1.002243 -1.636425 2.128067 2.826409 -1.301982 2.135933 1.339676 -0.03026764 2.781112 -0.8675879 0.6305916 2.231316 -3.790418 3.922469 -5.575878 -0.2994953 1.933851 -0.1757527 1.438348 -0.6588427 2.471549 -1.046854 2.246509 -4.554415 1.7362 0.5287935 3.050491 1.1343 1.120819 -0.6723447 -2.854003 -0.8750884 1.175654 1.117844 -0.2032407 1.81355 -1.971072 1.797913 -3.946081 -0.1791177 0.5569966 1.304827 2.462705 -2.761989 0.5843751 2.268546 -2.153758 0.03547461 -3.0407 4.627793 -4.206172 3.517909 -2.98775 4.332533 -1.284894 3.78916 -3.528269 -1.579378 0.6806449 2.040293 -0.270689 0.8593365 -3.086784 0.3407655 -3.485217 0.4771457 1.683858 0.08549102 1.178612 0.5400158 -3.198256 0.2898544 -0.02069239 3.119798 -3.027044 1.038456 1.59735 -0.01905725 2.410495 0.6030319 2.79331 0.6646798 -3.793273 0.2123011 1.030976 -0.6877117 1.628048 1.956866 -2.695291 -0.09074716 2.194057 -3.477842 1.402008 1.586068 -0.4359895 2.780667 -2.677618 -0.5026214 -0.137426 -0.1205851 0.1766202 0.2701012 0.7170624 1.751175 -2.770106 1.188297 0.2396015 2.740685 -0.6556654 0.9318132 -2.103484 1.878886 -4.450013 1.308805 -0.5669816 1.86327 -1.216905 0.7789635 1.294878 -2.6251 1.231351 -2.156313 1.718477 -0.3787489 0.3399858 2.263642 -1.065532 1.311483 -3.756097 0.3487658 -4.371613 1.32797 2.777436 -2.279113 0.7597713 -0.3634585 2.286587 -4.215684 -2.45435 2.76923 -2.934434 1.865447 -2.924836 2.570143 -1.52075 3.009511 -2.734087 2.94121 -1.244028 2.063223 1.177583 2.230504 1.770388 -2.190801 4.151886 -3.71818 -0.8122902 -0.4575706 -0.649009 3.380027 -0.1835106 1.780301 -1.5753 1.912245 -2.942945 -3.460908 4.66299 -3.905424 2.842289 -3.287312 4.665455 1.710532 2.016013 1.580973 0.5325447 2.451394 -2.106565 -0.6784154 2.017394 -1.802498 1.961934 -3.225063 0.1210817 -3.787184 2.78638 -4.748261 0.5110891 0.9664091 2.269539 0.5688429 0.6327116 2.247712 0.1987905 -3.61568 1.220868 -2.844169 2.938822 -5.090446 -2.56946 2.386605 -4.664123 0.05734312 0.1933357 0.4912531 0.2340682 2.710763 -3.373646 -2.059196 0.7024566 1.397594 1.47169 0.8268462 0.7020283 -1.386953 3.761254 -4.080812 0.3092471 2.635022 -2.146862 3.485649 -2.821887 3.837258 -1.549572 -2.050611 1.286791 -1.407859 -0.1014905 -0.5180385 -1.988474 0.6495095 0.8156006 0.1177628 -1.949986 0.4931895 -0.7860718 -1.983626 0.2209548 -2.596105 0.296674 0.5381603 -0.5433264 1.93027 -1.173728 3.028629 0.1248599 2.592917 2.087406 -1.39825 2.383365 3.457314 -2.656732 3.746483 0.6848242 1.213607 -2.784837 2.835448 -3.764479 2.593376 0.2486724 0.1461294 1.674771 2.079995 -2.595005 4.521831 -2.869102 2.768997 -3.156111 -2.565984 4.269128 -3.688093 3.119327 -1.933076 3.968674 2.230309 -1.335641 2.45632 0.8593226 1.466405 -2.482325 -0.9964451 -0.4975651 2.710652 -0.08395839 -0.4956008 -0.3497865 1.199031 1.01863 -0.2867074 1.142431 -4.80183 0.9035878 -2.11062 1.999923 -4.362338 -1.838994 -1.236532 -0.7284438 2.450641 -1.920189 4.16517 -0.4416035 2.064832 -0.8482491 3.066968 0.1093844 2.498127 2.973906 -2.33457 3.309559 -2.16522 0.23813 0.2001337 -2.463228 0.382807 0.5623903 1.611685 -3.996879 2.939739 0.5735064 -4.300478 0.4939625 -0.2257334 -1.999336 0.4221321 -1.320623 2.95488 -4.649683 0.6118839 0.3823186 -1.329728 2.442154 -1.875014 4.375203 0.7769084 1.139219 2.477372 1.053053 -0.7007575 1.404944 0.1117072 0.451447 -1.430763 0.2118204 2.327085 -3.692132 1.940999 1.064925 2.76148 -0.4479568 2.021355 -0.5554102 -0.9362611 1.219699 -2.836292 -0.07311532 -0.6285456 2.609186 1.525594 -0.9477162 2.278386 -0.6508336 0.7388321 2.019962 1.895134 -0.7670217 0.593131 -3.577595 4.492778 -3.67524 1.790984 0.7650015 0.879346 1.061488 -3.514006 -0.01349497 2.828267 0.5550374 1.35711 -0.6798844 -0.1786371 2.639195 -1.275591 2.169976 -2.372502 -0.6491118 0.8150228 1.359944 0.2186531 -3.66479 0.8235695 0.177105 2.110175 -0.3042538 -1.005916 2.389111 -2.216417 -3.157154 4.295349 -5.191007 -2.256122 2.440882 -2.972008 -0.3130456 0.2432569 2.317143 3.226935 -0.6967348 0.9362661 0.4972161 -3.413764 0.2621101 -0.4677906 0.5857055 0.9118922 -0.81194 3.313152 -2.827953 -1.525054 1.955341 -4.449577 -1.640653 -0.5624993 2.510666 -0.8613803 1.16166 -2.741819 0.3751228 -2.084971 0.646943 2.8538 -1.145667 2.220858 -0.4207685 0.6466938 -1.915736 -2.362048 3.698299 -3.105831 0.0383535 -0.8249809 2.605579 -3.213263 4.165499 -3.430905 1.935748 -2.872554 2.588855 -3.010657 2.306416 -4.069821 1.416501 -3.186293 2.894765 -1.02326 -2.186409 1.559839 -2.967635 -0.01712448 0.8461121 1.970715 -3.497415 0.4286958 2.804473 -1.605937 1.956972 -0.7785917 1.329843 -3.896796 -0.4456608 2.435212 -1.823127 -1.360188 2.202634 -4.587916 0.7540975 -4.380574 1.964767 -4.21344 3.170534 -5.187513 1.075879 0.8834266 -0.8200802 -2.316838 -0.0649246 1.981368 -2.976511 3.313264 -3.097655 -3.218852 3.904126 -5.369905 1.624236 1.389248 2.677277 -2.416938 2.242074 -3.260535 -0.7055831 3.107475 -4.224302 -0.8529046 0.7328592 0.9456263 1.240744 -0.1477722 1.55317 2.115273 -2.870233 0.06355882 0.685555 -0.3288528 1.773978 -2.559916 2.156554 -3.544166 0.5483183 1.966748 -0.168866 -2.692507 3.799663 -5.151262 -2.010949 -1.213545 1.988467 1.833674 -4.566017 1.665568 -2.919337 3.698521 -3.159486 0.4969174 -4.255425 0.5323061 1.095637 0.1523265 2.575103 -1.027429 3.121966 -2.694936 -3.171556 3.477908 -3.169708 1.763979 -3.777242 0.3546037 3.200165 -0.7555753 2.041122 0.8054916 -4.596596 1.678901 1.774695 -2.007692 1.737569 0.6076013 1.939183 -0.1724375 0.5166844 -0.05886231 1.04221 -0.3001346 1.796701 -4.089207 0.3969742 -4.478248 1.207197 1.454882 1.242145 0.6343927 -1.13352 1.301915 -3.588272 -3.235641 2.466272 -3.824508 -0.3848263 0.6024776 -1.958479 -2.510535 0.3881803 0.8299897 0.3505199 0.5859742 -2.602327 -1.738191 -1.728317 0.05603016 1.226051 -0.9841338 0.81877 -3.898338 4.58841 -3.729895 0.02269158 0.2107065 0.4845037 -0.4033599 1.235891 -1.215344 0.8274673 1.797274 -0.6102217 3.445826 -2.631663 3.72649 0.4653073 0.5415586 -0.046576 -2.133521 3.762473 -4.844441 0.6950065 2.037435 -0.9893108 -2.433613 4.280936 -4.496026 2.500815 -2.479722 0.3073126 0.6339735 -1.688929 0.3550611 -0.946768 1.637384 -2.121923 1.185329 0.1164984 2.668468 -1.366122 0.5068015 2.246577 1.120421 -3.400427 2.641305 1.033959 1.072439 2.719916 3.017639 -2.270643 3.429551 0.6582271 1.933172 -2.891558 0.2865295 0.6198895 1.476252 1.327589 -4.043496 0.2008396 2.987364 -1.966091 1.14225 1.211157 -0.1172598 2.55669 -0.7037445 1.098282 -1.815157 1.685398 -4.659487 1.830219 1.635358 -1.09236 2.095144 1.124212 1.262604 -0.7391394 3.137886 -3.092735 5.007112 3.13215 -1.976061 3.913336 -3.255251 2.523075 -3.714863 0.4922135 0.5960325 2.11604 1.30335 -1.946884 -0.03409537 2.909956 -3.508783 4.145752 -2.010685 -0.833893 2.238151 2.085165 0.2755153 1.045687 1.10996 1.671507 0.4674715 -3.031321 2.335953 -3.856638 2.103666 -2.652945 2.706961 -2.825004 2.829685 -5.027237 -1.466786 2.268044 -4.625589 1.380155 1.364687 2.7007 -0.8599653 3.528445 -3.817135 0.2056435 -3.440077 1.158175 1.163784 -4.152849 0.2235426 1.938355 -2.926064 1.530722 2.923881 0.3690013 1.114771 2.051293 -2.984642 1.503056 3.354075 0.03223584 1.59436 -1.045959 -1.281952 2.368494 0.3836242 -0.4612747 0.005381418 0.5782813 -4.532862 0.7234405 3.506528 -2.779009 3.885598 2.370846 -2.54762 2.634732 -2.910516 4.065885 -3.363329 0.5621687 0.9311836 2.313181 -0.6357676 -2.046331 1.819907 -0.8030703 3.079645 -2.600599 -1.544651 -1.235703 2.233931 -2.589686 2.098395 -3.832182 1.667526 -2.535276 1.583943 2.767381 -2.266682 3.274633 3.466722 -3.026275 4.042651 -0.9123009 -0.2372315 -0.5968198 0.4446082 2.254151 -1.177153 -0.5567734 3.308507 -3.837429 1.890697 -2.078373 -0.1070308 -1.617278 -2.015838 0.9818255 -1.177032 2.80247 -2.560369 -0.6316157 0.6508841 2.110218 -0.06398092 -1.995836 2.043938 0.4997 -3.272586 0.3031216 2.146648 -4.206546 3.072957 1.36139 -3.995588 0.1827991 0.6949978 -2.382222 1.341488 0.1061325 -2.260472 1.187448 2.4182 -2.279989 0.1401915 0.3910246 0.6466515 0.7837556 -1.840132 0.7056401 0.8582318 2.061345 1.389086 1.471993 -1.943972 4.037314 -3.648552 -2.877436 2.278325 -3.727652 0.6881214 2.057857 1.862104 0.5580851 -0.114562 1.515191 0.3662695 -1.976206 0.5303099 -3.849703 4.366555 -3.578858 -2.16781 -1.60984 1.390865 -1.584217 2.482042 -2.60748 1.830003 -3.883681 3.242406 -1.138238 0.8621778 1.118065 -1.546954 -0.1158231 -0.5083054 -0.6592157 -0.9541854 2.647517 0.5553644 0.3807919 -1.283772 3.339941 -3.201252 4.299834 0.5395224 -0.721455 2.3297 0.88493 2.232084 1.423071 1.218262 0.3076196 1.135521 0.8883644 -4.466549 1.992229 -2.081275 0.3356303 1.909725 0.05232569 0.3410004 -1.742552 2.233144 -2.1488 3.848754 -0.01541606 0.9640775 0.7162024 3.242286 -0.440159 1.091105 -1.482668 -1.992862 0.6348943 0.9464593 2.198883 1.761744 -3.367833 4.77099 -4.758792 -0.4508001 2.416334 -1.811522 -2.383971 3.897696 -4.927131 2.953114 -1.476977 0.4144746 1.138345 -3.600587 2.745566 2.70151 -3.782665 2.052717 2.378521 -2.842286 4.952254 -0.1805001 2.720158 -4.009346 -0.5737326 -2.389738 1.349723
        </DataArray>
      </Points>
      <Cells>
        <DataArray type="Int64" Name="connectivity" format="ascii">
          0 1 2 3 4 5 6 7 8 9 10 11 12 13 14 15 16 17 18 19 20 21 22 23 24 25 26 27 28 29 30 31 32 33 34 35 36 37 38 39 40 41 42 43 44 45 46 47 48 49 50 51 52 53 54 55 56 57 58 59 60 61 62 63 64 65 66 67 68 69 70 71 72 73 74 75 76 77 78 79 80 81 82 83 84 85 86 87 88 89 90 91 92 93 94 95 96 97 98 99 100 101 102 103 104 105 106 107 108 109 110 111 112 113 114 115 116 117 118 119 120 121 122 123 124 125 126 127 128 129 130 131 132 133 134 135 136 137 138 139 140 141 142 143 144 145 146 147 148 149 150 151 152 153 154 155 156 157 158 159 160 161 162 163 164 165 166 167 168 169 170 171 172 173 174 175 176 177 178 179 180 181 182 183 184 185 186 187 188 189 190 191 192 193 194 195 196 197 198 199 200 201 202 203 204 205 206 207 208 209 210 211 212 213 214 215 216 217 218 219 220 221 222 223 224 225 226 227 228 229 230 231 232 233 234 235 236 237 238 239 240 241 242 243 244 245 246 247 248 249 250 251 252 253 254 255 256 257 258 259 260 261 262 263 264 265 266 267 268 269 270 271 272 273 274 275 276 277 278 279 280 281 282 283 284 285 286 287 288 289 290 291 292 293 294 295 296 297 298 299 300 301 302 303 304 305 306 307 308 309 310 311 312 313 314 315 316 317 318 319 320 321 322 323 324 325 326 327 328 329 330 331 332 333 334 335 336 337 338 339 340 341 342 343 344 345 346 347 348 349 350 351 352 353 354 355 356 357 358 359 360 361 362 363 364 365 366 367 368 369 370 371 372 373 374 375 376 377 378 379 380 381 382 383 384 385 386 387 388 389 390 391 392 393 394 395 396 397 398 399 400 401 402 403 404 405 406 407 408 409 410 411 412 413 414 415 416 417 418 419 420 421 422 423 424 425 426 427 428 429 430 431 432 433 434 435 436 437 438 439 440 441 442 443 444 445 446 447 448 449 450 451 452 453 454 455 456 457 458 459 460 461 462 463 464 465 466 467 468 469 470 471 472 473 474 475 476 477 478 479 480 481 482 483 484 485 486 487 488 489 490 491 492 493 494 495 496 497 498 499 500 501 502 503 504 505 506 507 508 509 510 511 512 513 514 515 516 517 518 519 520 521 522 523 524 525 526 527 528 529 530 531 532 533 534 535 536 537 538 539 540 541 542 543 544 545 546 547 548 549 550 551 552 553 554 555 556 557 558 559 560 561 562 563 564 565 566 567 568 569 570 571 572 573 574 575 576 577 578 579 580 581 582 583 584 585 586 587 588 589 590 591 592 593 594 595 596 597 598 599 600 601 602 603 604 605 606 607 608 609 610 611 612 613 614 615 616 617 618 619 620 621 622 623 624 625 626 627 628 629 630 631 632 633 634 635 636 637 638 639 640 641 642 643 644 645 646 647 648 649 650 651 652 653 654 655 656 657 658 659 660 661 662 663 664 665 666 667 668 669 670 671 672 673 674 675 676 677 678 679 680 681 682 683 684 685 686 687 688 689 690 691 692 693 694 695 696 697 698 699 700 701 702 703 704 705 706 707 708 709 710 711 712 713 714 715 716 717 718 719 720 721 722 723 724 725 726 727 728 729 730 731 732 733 734 735 736 737 738 739 740 741 742 743 744 745 746 747 748 749 750 751 752 753 754 755 756 757 758 759 760 761 762 763 764 765 766 767 768 769 770 771 772 773 774 775 776 777 778 779 780 781 782 783 784 785 786 787 788 789 790 791 792 793 794 795 796 797 798 799 800 801 802 803 804 805 806 807 808 809 810 811 812 813 814 815 816 817 818 819 820 821 822 823 824 825 826 827 828 829 830 831 832 833 834 835 836 837 838 839 840 841 842 843 844 845 846 847 848 849 850 851 852 853 854 855 856 857 858 859 860 861 862 863 864 865 866 867 868 869 870 871 872 873 874 875 876 877 878 879 880 881 882 883 884 885 886 887 888 889 890 891 892 893 894 895 896 897 898 899 900 901 902 903 904 905 906 907 908 909 910 911 912 913 914 915 916 917 918 919 920 921 922 923 924 925 926 927 928 929 930 931 932 933 934 935 936 937 938 939 940 941 942 943 944 945 946 947 948 949 950 951 952 953 954 955 956 957 958 959 960 961 962 963 964 965 966 967 968 969 970 971 972 973 974 975 976 977 978 979 980 981 982 983 984 985 986 987 988 989 990 991 992 993 994 995 996 997 998 999 1000 1001 1002 1003 1004 1005 1006 1007 1008 1009 1010 1011 1012 1013 1014 1015 1016 1017 1018 1019 1020 1021 1022 1023 1024 1025 1026 1027 1028 1029 1030 1031 1032 1033 1034 1035 1036 1037 1038 1039 1040 1041 1042 1043 1044 1045 1046 1047 1048 1049 1050 1051 1052 1053 1054 1055 1056 1057 1058 1059 1060 1061 1062 1063 1064 1065 1066 1067 1068 1069 1070 1071 1072 1073 1074 1075 1076 1077 1078 1079 1080 1081 1082 1083 1084 1085 1086 1087 1088 1089 1090 1091 1092 1093 1094 1095 1096 1097 1098 1099 1100 1101 1102 1103 1104 1105 1106 1107 1108 1109 1110 1111 1112 1113 1114 1115 1116 1117 1118 1119 1120 1121 1122 1123 1124 1125 1126 1127 1128 1129 1130 1131 1132 1133 1134 1135 1136 1137 1138 1139 1140 1141 1142 1143 1144 1145 1146 1147 1148 1149 1150 1151 1152 1153 1154 1155 1156 1157 1158 1159 1160 1161 1162 1163 1164 1165 1166 1167 1168 1169 1170 1171 1172 1173 1174 1175 1176 1177 1178 1179 1180 1181 1182 1183 1184 1185 1186 1187 1188 1189 1190 1191 1192 1193 1194 1195 1196 1197 1198 1199 1200 1201 1202 1203 1204 1205 1206 1207 1208 1209 1210 1211 1212 1213 1214 1215 1216 1217 1218 1219 1220 1221 1222 1223 1224 1225 1226 1227 1228 1229 1230 1231 1232 1233 1234 1235 1236 1237 1238 1239 1240 1241 1242 1243 1244 1245 1246 1247 1248 1249 1250 1251 1252 1253 1254 1255 1256 1257 1258 1259 1260 1261 1262 1263 1264 1265 1266 1267 1268 1269 1270 1271 1272 1273 1274 1275 1276 1277 1278 1279 1280 1281 1282 1283 1284 1285 1286 1287 1288 1289 1290 1291 1292 1293 1294 1295 1296 1297 1298 1299 1300 1301 1302 1303 1304 1305 1306 1307 1308 1309 1310 1311 1312 1313 1314 1315 1316 1317 1318 1319 1320 1321 1322 1323 1324 1325 1326 1327 1328 1329 1330 1331 1332 1333 1334 1335 1336 1337 1338 1339 1340 1341 1342 1343 1344 1345 1346 1347 1348 1349 1350 1351 1352 1353 1354 1355 1356 1357 1358 1359 1360 1361 1362 1363 1364 1365 1366 1367 1368 1369 1370 1371 1372 1373 1374 1375 1376 1377 1378 1379 1380 1381 1382 1383 1384 1385 1386 1387 1388 1389 1390 1391 1392 1393 1394 1395 1396 1397 1398 1399 1400 1401 1402 1403 1404 1405 1406 1407 1408 1409 1410 1411 1412 1413 1414 1415 1416 1417 1418 1419 1420 1421 1422 1423 1424 1425 1426 1427 1428 1429 1430 1431 1432 1433 1434 1435 1436 1437 1438 1439 1440 1441 1442 1443 1444 1445 1446 1447 1448 1449 1450 1451 1452 1453 1454 1455 1456 1457 1458 1459 1460 1461 1462 1463 1464 1465 1466 1467 1468 1469 1470 1471 1472 1473 1474 1475 1476 1477 1478 1479 1480 1481 1482 1483 1484 1485 1486 1487 1488 1489 1490 1491 1492 1493 1494 1495 1496 1497 1498 1499 1500 1501 1502 1503 1504 1505 1506 1507 1508 1509 1510 1511 1512 1513 1514 1515 1516 1517 1518 1519 1520 1521 1522 1523 1524 1525 1526 1527 1528 1529 1530 1531 1532 1533 1534 1535 1536 1537 1538 1539 1540 1541 1542 1543 1544 1545 1546 1547 1548 1549 1550 1551 1552 1553 1554 1555 1556 1557 1558 1559 1560 1561 1562 1563 1564 1565 1566 1567 1568 1569 1570 1571 1572 1573 1574 1575 1576 1577 1578 1579 1580 1581 1582 1583 1584 1585 1586 1587 1588 1589 1590 1591 1592 1593 1594 1595 1596 1597 1598 1599 1600 1601 1602 1603 1604 1605 1606 1607 1608 1609 1610 1611 1612 1613 1614 1615 1616 1617 1618 1619 1620 1621 1622 1623 1624 1625 1626 1627 1628 1629 1630 1631 1632 1633 1634 1635 1636 1637 1638 1639 1640 1641 1642 1643 1644 1645 1646 1647 1648 1649 1650 1651 1652 1653 1654 1655 1656 1657 1658 1659 1660 1661 1662 1663 1664 1665 1666 1667 1668 1669 1670 1671 1672 1673 1674 1675 1676 1677 1678 1679 1680 1681 1682 1683 1684 1685 1686 1687 1688 1689 1690 1691 1692 1693 1694 1695 1696 1697 1698 1699 1700 1701 1702 1703 1704 1705 1706 1707 1708 1709 1710 1711 1712 1713 1714 1715 1716 1717 1718 1719 1720 1721 1722 1723 1724 1725 1726 1727 1728 1729 1730 1731 1732 1733 1734 1735 1736 1737 1738 1739 1740 1741 1742 1743 1744 1745 1746 1747 1748 1749 1750 1751 1752 1753 1754 1755 1756 1757 1758 1759 1760 1761 1762 1763 1764 1765 1766 1767 1768 1769 1770 1771 1772 1773 1774 1775 1776 1777 1778 1779 1780 1781 1782 1783 1784 1785 1786 1787 1788 1789 1790 1791 1792 1793 1794 1795 1796 1797 1798 1799 1800 1801 1802 1803 1804 1805 1806 1807 1808 1809 1810 1811 1812 1813 1814 1815 1816 1817 1818 1819 1820 1821 1822 1823 1824 1825 1826 1827 1828 1829 1830 1831 1832 1833 1834 1835 1836 1837 1838 1839 1840 1841 1842 1843 1844 1845 1846 1847 1848 1849 1850 1851 1852 1853 1854 1855 1856 1857 1858 1859 1860 1861 1862 1863 1864 1865 1866 1867 1868 1869 1870 1871 1872 1873 1874 1875 1876 1877 1878 1879 1880 1881 1882 1883 1884 1885 1886 1887 1888 1889 1890 1891 1892 1893 1894 1895 1896 1897 1898 1899 1900 1901 1902 1903 1904 1905 1906 1907 1908 1909 1910 1911 1912 1913 1914 1915 1916 1917 1918 1919 1920 1921 1922 1923 1924 1925 1926 1927 1928 1929 1930 1931 1932 1933 1934 1935 1936 1937 1938 1939 1940 1941 1942 1943 1944 1945 1946 1947 1948 1949 1950 1951 1952 1953 1954 1955 1956 1957 1958 1959 1960 1961 1962 1963 1964 1965 1966 1967 1968 1969 1970 1971 1972 1973 1974 1975 1976 1977 1978 1979 1980 1981 1982 1983 1984 1985 1986 1987 1988 1989 1990 1991 1992 1993 1994 1995 1996 1997 1998 1999 2000 2001 2002 2003 2004 2005 2006 2007 2008 2009 2010 2011 2012 2013 2014 2015 2016 2017 2018 2019 2020 2021 2022 2023 2024 2025 2026 2027 2028 2029 2030 2031 2032 2033 2034 2035 2036 2037 2038 2039 2040 2041 2042 2043 2044 2045 2046 2047 2048 2049 2050 2051 2052 2053 2054 2055 2056 2057 2058 2059 2060 2061 2062 2063 2064 2065 2066 2067 2068 2069 2070 2071 2072 2073 2074 2075 2076 2077 2078 2079 2080 2081 2082 2083 2084 2085 2086 2087 2088 2089 2090 2091 2092 2093 2094 2095 2096 2097 2098 2099 2100 2101 2102 2103 2104 2105 2106 2107 2108 2109 2110 2111 2112 2113 2114 2115 2116 2117 2118 2119 2120 2121 2122 2123 2124 2125 2126 2127 2128 2129 2130 2131 2132 2133 2134 2135 2136 2137 2138 2139 2140 2141 2142 2143 2144 2145 2146 2147 2148 2149 2150 2151 2152 2153 2154 2155 2156 2157 2158 2159 2160 2161 2162 2163 2164 2165 2166 2167 2168 2169 2170 2171 2172 2173 2174 2175 2176 2177 2178 2179 2180 2181 2182 2183 2184 2185 2186 2187 2188 2189 2190 2191 2192 2193 2194 2195 2196 2197 2198 2199 2200 2201 2202 2203 2204 2205 2206 2207 2208 2209 2210 2211 2212 2213 2214 2215 2216 2217 2218 2219 2220 2221 2222 2223 2224 2225 2226 2227 2228 2229 2230 2231 2232 2233 2234 2235 2236 2237 2238 2239 2240 2241 2242 2243 2244 2245 2246 2247 2248 2249 2250 2251 2252 2253 2254 2255 2256 2257 2258 2259 2260 2261 2262 2263 2264 2265 2266 2267 2268 2269 2270 2271 2272 2273 2274 2275 2276 2277 2278 2279 2280 2281 2282 2283 2284 2285 2286 2287 2288 2289 2290 2291 2292 2293 2294 2295 2296 2297 2298 2299 2300 2301 2302 2303 2304 2305 2306 2307 2308 2309 2310 2311 2312 2313 2314 2315 2316 2317 2318 2319 2320 2321 2322 2323 2324 2325 2326 2327 2328 2329 2330 2331 2332 2333 2334 2335 2336 2337 2338 2339 2340 2341 2342 2343 2344 2345 2346 2347 2348 2349 2350 2351 2352 2353 2354 2355 2356 2357 2358 2359 2360 2361 2362 2363 2364 2365 2366 2367 2368 2369 2370 2371 2372 2373 2374 2375 2376 2377 2378 2379 2380 2381 2382 2383 2384 2385 2386 2387 2388 2389 2390 2391 2392 2393 2394 2395 2396 2397 2398 2399 2400 2401 2402 2403 2404 2405 2406 2407 2408 2409 2410 2411 2412 2413 2414 2415 2416 2417 2418 2419 2420 2421 2422 2423 2424 2425 2426 2427 2428 2429 2430 2431 2432 2433 2434 2435 2436 2437 2438 2439 2440 2441 2442 2443 2444 2445 2446 2447 2448 2449 2450 2451 2452 2453 2454 2455 2456 2457 2458 2459 2460 2461 2462 2463 2464 2465 2466 2467 2468 2469 2470 2471 2472 2473 2474 2475 2476 2477 2478 2479 2480 2481 2482 2483 2484 2485 2486 2487 2488 2489 2490 2491 2492 2493 2494 2495 2496 2497 2498 2499 2500 2501 2502 2503 2504 2505 2506 2507 2508 2509 2510 2511 2512 2513 2514 2515 2516 2517 2518 2519 2520 2521 2522 2523 2524 2525 2526 2527 2528 2529 2530 2531 2532 2533 2534 2535 2536 2537 2538 2539 2540 2541 2542 2543 2544 2545 2546 2547 2548 2549 2550 2551 2552 2553 2554 2555 2556 2557 2558 2559 2560 2561 2562 2563 2564 2565 2566 2567 2568 2569 2570 2571 2572 2573 2574 2575 2576 2577 2578 2579 2580 2581 2582 2583 2584 2585 2586 2587 2588 2589 2590 2591 2592 2593 2594 2595 2596 2597 2598 2599 2600 2601 2602 2603 2604 2605 2606 2607 2608 2609 2610 2611 2612 2613 2614 2615 2616 2617 2618 2619 2620 2621 2622 2623 2624 2625 2626 2627 2628 2629 2630 2631 2632 2633 2634 2635 2636 2637 2638 2639 2640 2641 2642 2643 2644 2645 2646 2647 2648 2649 2650 2651 2652 2653 2654 2655 2656 2657 2658 2659 2660 2661 2662 2663 2664 2665 2666 2667 2668 2669 2670 2671 2672 2673 2674 2675 2676 2677 2678 2679 2680 2681 2682 2683 2684 2685 2686 2687 2688 2689 2690 2691 2692 2693 2694 2695 2696 2697 2698 2699 2700 2701 2702 2703 2704 2705 2706 2707 2708 2709 2710 2711 2712 2713 2714 2715 2716 2717 2718 2719 2720 2721 2722 2723 2724 2725 2726 2727 2728 2729 2730 2731 2732 2733 2734 2735 2736 2737 2738 2739 2740 2741 2742 2743 2744 2745 2746 2747 2748 2749 2750 2751 2752 2753 2754 2755 2756 2757 2758 2759 2760 2761 2762 2763 2764 2765 2766 2767 2768 2769 2770 2771 2772 2773 2774 2775 2776 2777 2778 2779 2780 2781 2782 2783 2784 2785 2786 2787 2788 2789 2790 2791 2792 2793 2794 2795 2796 2797 2798 2799 2800 2801 2802 2803 2804 2805 2806 2807 2808 2809 2810 2811 2812 2813 2814 2815 2816 2817 2818 2819 2820 2821 2822 2823 2824 2825 2826 2827 2828 2829 2830 2831 2832 2833 2834 2835 2836 2837 2838 2839 2840 2841 2842 2843 2844 2845 2846 2847 2848 2849 2850 2851 2852 2853 2854 2855 2856 2857 2858 2859 2860 2861 2862 2863 2864 2865 2866 2867 2868 2869 2870 2871 2872 2873 2874 2875 2876 2877 2878 2879 2880 2881 2882 2883 2884 2885 2886 2887 2888 2889 2890 2891 2892 2893 2894 2895 2896 2897 2898 2899 2900 2901 2902 2903 2904 2905 2906 2907 2908 2909 2910 2911 2912 2913 2914 2915 2916 2917 2918 2919 2920 2921 2922 2923 2924 2925 2926 2927 2928 2929 2930 2931 2932 2933 2934 2935 2936 2937 2938 2939 2940 2941 2942 2943 2944 2945 2946 2947 2948 2949 2950 2951 2952 2953 2954 2955 2956 2957 2958 2959 2960 2961 2962 2963 2964 2965 2966 2967 2968 2969 2970 2971 2972 2973 2974 2975 2976 2977 2978 2979 2980 2981 2982 2983 2984 2985 2986 2987 2988 2989 2990 2991 2992 2993 2994 2995 2996 2997 2998 2999 3000 3001 3002 3003 3004 3005 3006 3007 3008 3009 3010 3011 3012 3013 3014 3015 3016 3017 3018 3019 3020 3021 3022 3023 3024 3025 3026 3027 3028 3029 3030 3031 3032 3033 3034 3035 3036 3037 3038 3039 3040 3041 3042 3043 3044 3045 3046 3047 3048 3049 3050 3051 3052 3053 3054 3055 3056 3057 3058 3059 3060 3061 3062 3063 3064 3065 3066 3067 3068 3069 3070 3071 3072 3073 3074 3075 3076 3077 3078 3079 3080 3081 3082 3083 3084 3085 3086 3087 3088 3089 3090 3091 3092 3093 3094 3095 3096 3097 3098 3099 3100 3101 3102 3103 3104 3105 3106 3107 3108 3109 3110 3111 3112 3113 3114 3115 3116 3117 3118 3119 3120 3121 3122 3123 3124 3125 3126 3127 3128 3129 3130 3131 3132 3133 3134 3135 3136 3137 3138 3139 3140 3141 3142 3143 3144 3145 3146 3147 3148 3149 3150 3151 3152 3153 3154 3155 3156 3157 3158 3159 3160 3161 3162 3163 3164 3165 3166 3167 3168 3169 3170 3171 3172 3173 3174 3175 3176 3177 3178 3179 3180 3181 3182 3183 3184 3185 3186 3187 3188 3189 3190 3191 3192 3193 3194 3195 3196 3197 3198 3199 3200 3201 3202 3203 3204 3205 3206 3207 3208 3209 3210 3211 3212 3213 3214 3215 3216 3217 3218 3219 3220 3221 3222 3223 3224 3225 3226 3227 3228 3229 3230 3231 3232 3233 3234 3235 3236 3237 3238 3239 3240 3241 3242 3243 3244 3245 3246 3247 3248 3249 3250 3251 3252 3253 3254 3255 3256 3257 3258 3259 3260 3261 3262 3263 3264 3265 3266 3267 3268 3269 3270 3271 3272 3273 3274 3275 3276 3277 3278 3279 3280 3281 3282 3283 3284 3285 3286 3287 3288 3289 3290 3291 3292 3293 3294 3295 3296 3297 3298 3299 3300 3301 3302 3303 3304 3305 3306 3307 3308 3309 3310 3311 3312 3313 3314 3315 3316 3317 3318 3319 3320 3321 3322 3323 3324 3325 3326 3327 3328 3329 3330 3331 3332 3333 3334 3335 3336 3337 3338 3339 3340 3341 3342 3343 3344 3345 3346 3347 3348 3349 3350 3351 3352 3353 3354 3355 3356 3357 3358 3359 3360 3361 3362 3363 3364 3365 3366 3367 3368 3369 3370 3371 3372 3373 3374 3375 3376 3377 3378 3379 3380 3381 3382 3383 3384 3385 3386 3387 3388 3389 3390 3391 3392 3393 3394 3395 3396 3397 3398 3399 3400 3401 3402 3403 3404 3405 3406 3407 3408 3409 3410 3411 3412 3413 3414 3415 3416 3417 3418 3419 3420 3421 3422 3423 3424 3425 3426 3427 3428 3429 3430 3431 3432 3433 3434 3435 3436 3437 3438 3439 3440 3441 3442 3443 3444 3445 3446 3447 3448 3449 3450 3451 3452 3453 3454 3455 3456 3457 3458 3459 3460 3461 3462 3463 3464 3465 3466 3467 3468 3469 3470 3471 3472 3473 3474 3475 3476 3477 3478 3479 3480 3481 3482 3483 3484 3485 3486 3487 3488 3489 3490 3491 3492 3493 3494 3495 3496 3497 3498 3499 3500 3501 3502 3503 3504 3505 3506 3507 3508 3509 3510 3511 3512 3513 3514 3515 3516 3517 3518 3519 3520 3521 3522 3523 3524 3525 3526 3527 3528 3529 3530 3531 3532 3533 3534 3535 3536 3537 3538 3539 3540 3541 3542 3543 3544 3545 3546 3547 3548 3549 3550 3551 3552 3553 3554 3555 3556 3557 3558 3559 3560 3561 3562 3563 3564 3565 3566 3567 3568 3569 3570 3571 3572 3573 3574 3575 3576 3577 3578 3579 3580 3581 3582 3583 3584 3585 3586 3587 3588 3589 3590 3591 3592 3593 3594 3595 3596 3597 3598 3599 3600 3601 3602 3603 3604 3605 3606 3607 3608 3609 3610 3611 3612 3613 3614 3615 3616 3617 3618 3619 3620 3621 3622 3623 3624 3625 3626 3627 3628 3629 3630 3631 3632 3633 3634 3635 3636 3637 3638 3639 3640 3641 3642 3643 3644 3645 3646 3647 3648 3649 3650 3651 3652 3653 3654 3655 3656 3657 3658 3659 3660 3661 3662 3663 3664 3665 3666 3667 3668 3669 3670 3671 3672 3673 3674 3675 3676 3677 3678 3679 3680 3681 3682 3683 3684 3685 3686 3687 3688 3689 3690 3691 3692 3693 3694 3695 3696 3697 3698 3699 3700 3701 3702 3703 3704 3705 3706 3707 3708 3709 3710 3711 3712 3713 3714 3715 3716 3717 3718 3719 3720 3721 3722 3723 3724 3725 3726 3727 3728 3729 3730 3731 3732 3733 3734 3735 3736 3737 3738 3739 3740 3741 3742 3743 3744 3745 3746 3747 3748 3749 3750 3751 3752 3753 3754 3755 3756 3757 3758 3759 3760 3761 3762 3763 3764 3765 3766 3767 3768 3769 3770 3771 3772 3773 3774 3775 3776 3777 3778 3779 3780 3781 3782 3783 3784 3785 3786 3787 3788 3789 3790 3791 3792 3793 3794 3795 3796 3797 3798 3799 3800 3801 3802 3803 3804 3805 3806 3807 3808 3809 3810 3811 3812 3813 3814 3815 3816 3817 3818 3819 3820 3821 3822 3823 3824 3825 3826 3827 3828 3829 3830 3831 3832 3833 3834 3835 3836 3837 3838 3839 3840 3841 3842 3843 3844 3845 3846 3847 3848 3849 3850 3851 3852 3853 3854 3855 3856 3857 3858 3859 3860 3861 3862 3863 3864 3865 3866 3867 3868 3869 3870 3871 3872 3873 3874 3875 3876 3877 3878 3879 3880 3881 3882 3883 3884 3885 3886 3887 3888 3889 3890 3891 3892 3893 3894 3895 3896 3897 3898 3899 3900 3901 3902 3903 3904 3905 3906 3907 3908 3909 3910 3911 3912 3913 3914 3915 3916 3917 3918 3919 3920 3921 3922 3923 3924 3925 3926 3927 3928 3929 3930 3931 3932 3933 3934 3935 3936 3937 3938 3939 3940 3941 3942 3943 3944 3945 3946 3947 3948 3949 3950 3951 3952 3953 3954 3955 3956 3957 3958 3959 3960 3961 3962 3963 3964 3965 3966 3967 3968 3969 3970 3971 3972 3973 3974 3975 3976 3977 3978 3979 3980 3981 3982 3983 3984 3985 3986 3987 3988 3989 3990 3991 3992 3993 3994 3995 3996 3997 3998 3999 4000 4001 4002 4003 4004 4005 4006 4007 4008 4009 4010 4011 4012 4013 4014 4015 4016 4017 4018 4019 4020 4021 4022 4023 4024 4025 4026 4027 4028 4029 4030 4031 4032 4033 4034 4035 4036 4037 4038 4039 4040 4041 4042 4043 4044 4045 4046 4047 4048 4049 4050 4051 4052 4053 4054 4055 4056 4057 4058 4059 4060 4061 4062 4063 4064 4065 4066 4067 4068 4069 4070 4071 4072 4073 4074 4075 4076 4077 4078 4079 4080 4081 4082 4083 4084 4085 4086 4087 4088 4089 4090 4091 4092 4093 4094 4095 4096 4097 4098 4099 4100 4101 4102 4103 4104 4105 4106 4107 4108 4109 4110 4111 4112 4113 4114 4115 4116 4117 4118 4119 4120 4121 4122 4123 4124 4125 4126 4127 4128 4129 4130 4131 4132 4133 4134 4135 4136 4137 4138 4139 4140 4141 4142 4143 4144 4145 4146 4147 4148 4149 4150 4151 4152 4153 4154 4155 4156 4157 4158 4159 4160 4161 4162 4163 4164 4165 4166 4167 4168 4169 4170 4171 4172 4173 4174 4175 4176 4177 4178 4179 4180 4181 4182 4183 4184 4185 4186 4187 4188 4189 4190 4191 4192 4193 4194 4195 4196 4197 4198 4199 4200 4201 4202 4203 4204 4205 4206 4207 4208 4209 4210 4211 4212 4213 4214 4215 4216 4217 4218 4219 4220 4221 4222 4223 4224 4225 4226 4227 4228 4229 4230 4231 4232 4233 4234 4235 4236 4237 4238 4239 4240 4241 4242 4243 4244 4245 4246 4247 4248 4249 4250 4251 4252 4253 4254 4255 4256 4257 4258 4259 4260 4261 4262 4263 4264 4265 4266 4267 4268 4269 4270 4271 4272 4273 4274 4275 4276 4277 4278 4279 4280 4281 4282 4283 4284 4285 4286 4287 4288 4289 4290 4291 4292 4293 4294 4295 4296 4297 4298 4299 4300 4301 4302 4303 4304 4305 4306 4307 4308 4309 4310 4311 4312 4313 4314 4315 4316 4317 4318 4319 4320 4321 4322 4323 4324 4325 4326 4327 4328 4329 4330 4331 4332 4333 4334 4335 4336 4337 4338 4339 4340 4341 4342 4343 4344 4345 4346 4347 4348 4349 4350 4351 4352 4353 4354 4355 4356 4357 4358 4359 4360 4361 4362 4363 4364 4365 4366 4367 4368 4369 4370 4371 4372 4373 4374 4375 4376 4377 4378 4379 4380 4381 4382 4383 4384 4385 4386 4387 4388 4389 4390 4391 4392 4393 4394 4395 4396 4397 4398 4399 4400 4401 4402 4403 4404 4405 4406 4407 4408 4409 4410 4411 4412 4413 4414 4415 4416 4417 4418 4419 4420 4421 4422 4423 4424 4425 4426 4427 4428 4429 4430 4431 4432 4433 4434 4435 4436 4437 4438 4439 4440 4441 4442 4443 4444 4445 4446 4447 4448 4449 4450 4451 4452 4453 4454 4455 4456 4457 4458 4459 4460 4461 4462 4463 4464 4465 4466 4467 4468 4469 4470 4471 4472 4473 4474 4475 4476 4477 4478 4479 4480 4481 4482 4483 4484 4485 4486 4487 4488 4489 4490 4491 4492 4493 4494 4495 4496 4497 4498 4499 4500 4501 4502 4503 4504 4505 4506 4507 4508 4509 4510 4511 4512 4513 4514 4515 4516 4517 4518 4519 4520 4521 4522 4523 4524 4525 4526 4527 4528 4529 4530 4531 4532 4533 4534 4535 4536 4537 4538 4539 4540 4541 4542 4543 4544 4545 4546 4547 4548 4549 4550 4551 4552 4553 4554 4555 4556 4557 4558 4559 4560 4561 4562 4563 4564 4565 4566 4567 4568 4569 4570 4571 4572 4573 4574 4575 4576 4577 4578 4579 4580 4581 4582 4583 4584 4585 4586 4587 4588 4589 4590 4591 4592 4593 4594 4595 4596 4597 4598 4599 4600 4601 4602 4603 4604 4605 4606 4607 4608 4609 4610 4611 4612 4613 4614 4615 4616 4617 4618 4619 4620 4621 4622 4623 4624 4625 4626 4627 4628 4629 4630 4631 4632 4633 4634 4635 4636 4637 4638 4639 4640 4641 4642 4643 4644 4645 4646 4647 4648 4649 4650 4651 4652 4653 4654 4655 4656 4657 4658 4659 4660 4661 4662 4663 4664 4665 4666 4667 4668 4669 4670 4671 4672 4673 4674 4675 4676 4677 4678 4679 4680 4681 4682 4683 4684 4685 4686 4687 4688 4689 4690 4691 4692 4693 4694 4695 4696 4697 4698 4699 4700 4701 4702 4703 4704 4705 4706 4707 4708 4709 4710 4711 4712 4713 4714 4715 4716 4717 4718 4719 4720 4721 4722 4723 4724 4725 4726 4727 4728 4729 4730 4731 4732 4733 4734 4735 4736 4737 4738 4739 4740 4741 4742 4743 4744 4745 4746 4747 4748 4749 4750 4751 4752 4753 4754 4755 4756 4757 4758 4759 4760 4761 4762 4763 4764 4765 4766 4767 4768 4769 4770 4771 4772 4773 4774 4775 4776 4777 4778 4779 4780 4781 4782 4783 4784 4785 4786 4787 4788 4789 4790 4791 4792 4793 4794 4795 4796 4797 4798 4799 4800 4801 4802 4803 4804 4805 4806 4807 4808 4809 4810 4811 4812 4813 4814 4815 4816 4817 4818 4819 4820 4821 4822 4823 4824 4825 4826 4827 4828 4829 4830 4831 4832 4833 4834 4835 4836 4837 4838 4839 4840 4841 4842 4843 4844 4845 4846 4847 4848 4849 4850 4851 4852 4853 4854 4855 4856 4857 4858 4859 4860 4861 4862 4863 4864 4865 4866 4867 4868 4869 4870 4871 4872 4873 4874 4875 4876 4877 4878 4879 4880 4881 4882 4883 4884 4885 4886 4887 4888 4889 4890 4891 4892 4893 4894 4895 4896 4897 4898 4899 4900 4901 4902 4903 4904 4905 4906 4907 4908 4909 4910 4911 4912 4913 4914 4915 4916 4917 4918 4919 4920 4921 4922 4923 4924 4925 4926 4927 4928 4929 4930 4931 4932 4933 4934 4935 4936 4937 4938 4939 4940 4941 4942 4943 4944 4945 4946 4947 4948 4949 4950 4951 4952 4953 4954 4955 4956 4957 4958 4959 4960 4961 4962 4963 4964 4965 4966 4967 4968 4969 4970 4971 4972 4973 4974 4975 4976 4977 4978 4979 4980 4981 4982 4983 4984 4985 4986 4987 4988 4989 4990 4991 4992 4993 4994 4995 4996 4997 4998 4999 5000 5001 5002 5003 5004 5005 5006 5007 5008 5009 5010 5011 5012 5013 5014 5015 5016 5017 5018 5019 5020 5021 5022 5023 5024 5025 5026 5027 5028 5029 5030 5031 5032 5033 5034 5035 5036 5037 5038 5039 5040 5041 5042 5043 5044 5045 5046 5047 5048 5049 5050 5051 5052 5053 5054 5055 5056 5057 5058 5059 5060 5061 5062 5063 5064 5065 5066 5067 5068 5069 5070 5071 5072 5073 5074 5075 5076 5077 5078 5079 5080 5081 5082 5083 5084 5085 5086 5087 5088 5089 5090 5091 5092 5093 5094 5095 5096 5097 5098 5099 5100 5101 5102 5103 5104 5105 5106 5107 5108 5109 5110 5111 5112 5113 5114 5115 5116 5117 5118 5119 5120 5121 5122 5123 5124 5125 5126 5127 5128 5129 5130 5131 5132 5133 5134 5135 5136 5137 5138 5139 5140 5141 5142 5143 5144 5145 5146 5147 5148 5149 5150 5151 5152 5153 5154 5155 5156 5157 5158 5159 5160 5161 5162 5163 5164 5165 5166 5167 5168 5169 5170 5171 5172 5173 5174 5175 5176 5177 5178 5179 5180 5181 5182 5183 5184 5185 5186 5187 5188 5189 5190 5191 5192 5193 5194 5195 5196 5197 5198 5199 5200 5201 5202 5203 5204 5205 5206 5207 5208 5209 5210 5211 5212 5213 5214 5215 5216 5217 5218 5219 5220 5221 5222 5223 5224 5225 5226 5227 5228 5229 5230 5231 5232 5233 5234 5235 5236 5237 5238 5239 5240 5241 5242 5243 5244 5245 5246 5247 5248 5249 5250 5251 5252 5253 5254 5255 5256 5257 5258 5259 5260 5261 5262 5263 5264 5265 5266 5267 5268 5269 5270 5271 5272 5273 5274 5275 5276 5277 5278 5279 5280 5281 5282 5283 5284 5285 5286 5287 5288 5289 5290 5291 5292 5293 5294 5295 5296 5297 5298 5299 5300 5301 5302 5303 5304 5305 5306 5307 5308 5309 5310 5311 5312 5313 5314 5315 5316 5317 5318 5319 5320 5321 5322 5323 5324 5325 5326 5327 5328 5329 5330 5331 5332 5333 5334 5335 5336 5337 5338 5339 5340 5341 5342 5343 5344 5345 5346 5347 5348 5349 5350 5351 5352 5353 5354 5355 5356 5357 5358 5359 5360 5361 5362 5363 5364 5365 5366 5367 5368 5369 5370 5371 5372 5373 5374 5375 5376 5377 5378 5379 5380 5381 5382 5383 5384 5385 5386 5387 5388 5389 5390 5391 5392 5393 5394 5395 5396 5397 5398 5399 5400 5401 5402 5403 5404 5405 5406 5407 5408 5409 5410 5411 5412 5413 5414 5415 5416 5417 5418 5419 5420 5421 5422 5423 5424 5425 5426 5427 5428 5429 5430 5431 5432 5433 5434 5435 5436 5437 5438 5439 5440 5441 5442 5443 5444 5445 5446 5447 5448 5449 5450 5451 5452 5453 5454 5455 5456 5457 5458 5459 5460 5461 5462 5463 5464 5465 5466 5467 5468 5469 5470 5471 5472 5473 5474 5475 5476 5477 5478 5479 5480 5481 5482 5483 5484 5485 5486 5487 5488 5489 5490 5491 5492 5493 5494 5495 5496 5497 5498 5499 5500 5501 5502 5503 5504 5505 5506 5507 5508 5509 5510 5511 5512 5513 5514 5515 5516 5517 5518 5519 5520 5521 5522 5523 5524 5525 5526 5527 5528 5529 5530 5531 5532 5533 5534 5535 5536 5537 5538 5539 5540 5541 5542 5543 5544 5545 5546 5547 5548 5549 5550 5551 5552 5553 5554 5555 5556 5557 5558 5559 5560 5561 5562 5563 5564 5565 5566 5567 5568 5569 5570 5571 5572 5573 5574 5575 5576 5577 5578 5579 5580 5581 5582 5583 5584 5585 5586 5587 5588 5589 5590 5591 5592 5593 5594 5595 5596 5597 5598 5599 5600 5601 5602 5603 5604 5605 5606 5607 5608 5609 5610 5611 5612 5613 5614 5615 5616 5617 5618 5619 5620 5621 5622 5623 5624 5625 5626 5627 5628 5629 5630 5631 5632 5633 5634 5635 5636 5637 5638 5639 5640 5641 5642 5643 5644 5645 5646 5647 5648 5649 5650 5651 5652 5653 5654 5655 5656 5657 5658 5659 5660 5661 5662 5663 5664 5665 5666 5667 5668 5669 5670 5671 5672 5673 5674 5675 5676 5677 5678 5679 5680 5681 5682 5683 5684 5685 5686 5687 5688 5689 5690 5691 5692 5693 5694 5695 5696 5697 5698 5699 5700 5701 5702 5703 5704 5705 5706 5707 5708 5709 5710 5711 5712 5713 5714 5715 5716 5717 5718 5719 5720 5721 5722 5723 5724 5725 5726 5727 5728 5729 5730 5731 5732 5733 5734 5735 5736 5737 5738 5739 5740 5741 5742 5743 5744 5745 5746 5747 5748 5749 5750 5751 5752 5753 5754 5755 5756 5757 5758 5759 5760 5761 5762 5763 5764 5765 5766 5767 5768 5769 5770 5771 5772 5773 5774 5775 5776 5777 5778 5779 5780 5781 5782 5783 5784 5785 5786 5787 5788 5789 5790 5791 5792 5793 5794 5795 5796 5797 5798 5799 5800 5801 5802 5803 5804 5805 5806 5807 5808 5809 5810 5811 5812 5813 5814 5815 5816 5817 5818 5819 5820 5821 5822 5823 5824 5825 5826 5827 5828 5829 5830 5831 5832 5833 5834 5835 5836 5837 5838 5839 5840 5841 5842 5843 5844 5845 5846 5847 5848 5849 5850 5851 5852 5853 5854 5855 5856 5857 5858 5859 5860 5861 5862 5863 5864 5865 5866 5867 5868 5869 5870 5871 5872 5873 5874 5875 5876 5877 5878 5879 5880 5881 5882 5883 5884 5885 5886 5887 5888 5889 5890 5891 5892 5893 5894 5895 5896 5897 5898 5899 5900 5901 5902 5903 5904 5905 5906 5907 5908 5909 5910 5911 5912 5913 5914 5915 5916 5917 5918 5919 5920 5921 5922 5923 5924 5925 5926 5927 5928 5929 5930 5931 5932 5933 5934 5935 5936 5937 5938 5939 5940 5941 5942 5943 5944 5945 5946 5947 5948 5949 5950 5951 5952 5953 5954 5955 5956 5957 5958 5959 5960 5961 5962 5963 5964 5965 5966 5967 5968 5969 5970 5971 5972 5973 5974 5975 5976 5977 5978 5979 5980 5981 5982 5983 5984 5985 5986 5987 5988 5989 5990 5991 5992 5993 5994 5995 5996 5997 5998 5999 6000 6001 6002 6003 6004 6005 6006 6007 6008 6009 6010 6011 6012 6013 6014 6015 6016 6017 6018 6019 6020 6021 6022 6023 6024 6025 6026 6027 6028 6029 6030 6031 6032 6033 6034 6035 6036 6037 6038 6039 6040 6041 6042 6043 6044 6045 6046 6047 6048 6049 6050 6051 6052 6053 6054 6055 6056 6057 6058 6059 6060 6061 6062 6063 6064 6065 6066 6067 6068 6069 6070 6071 6072 6073 6074 6075 6076 6077 6078 6079 6080 6081 6082 6083 6084 6085 6086 6087 6088 6089 6090 6091 6092 6093 6094 6095 6096 6097 6098 6099 6100 6101 6102 6103 6104 6105 6106 6107 6108 6109 6110 6111 6112 6113 6114 6115 6116 6117 6118 6119 6120 6121 6122 6123 6124 6125 6126 6127 6128 6129 6130 6131 6132 6133 6134 6135 6136 6137 6138 6139 6140 6141 6142 6143 6144 6145 6146 6147 6148 6149 6150 6151 6152 6153 6154 6155 6156 6157 6158 6159 6160 6161 6162 6163 6164 6165 6166 6167 6168 6169 6170 6171 6172 6173 6174 6175 6176 6177 6178 6179 6180 6181 6182 6183 6184 6185 6186 6187 6188 6189 6190 6191 6192 6193 6194 6195 6196 6197 6198 6199 6200 6201 6202 6203 6204 6205 6206 6207 6208 6209 6210 6211 6212 6213 6214 6215 6216 6217 6218 6219 6220 6221 6222 6223 6224 6225 6226 6227 6228 6229 6230 6231 6232 6233 6234 6235 6236 6237 6238 6239 6240 6241 6242 6243 6244 6245 6246 6247 6248 6249 6250 6251 6252 6253 6254 6255 6256 6257 6258 6259 6260 6261 6262 6263 6264 6265 6266 6267 6268 6269 6270 6271 6272 6273 6274 6275 6276 6277 6278 6279 6280 6281 6282 6283 6284 6285 6286 6287 6288 6289 6290 6291 6292 6293 6294 6295 6296 6297 6298 6299 6300 6301 6302 6303 6304 6305 6306 6307 6308 6309 6310 6311 6312 6313 6314 6315 6316 6317 6318 6319 6320 6321 6322 6323 6324 6325 6326 6327 6328 6329 6330 6331 6332 6333 6334 6335 6336 6337 6338 6339 6340 6341 6342 6343 6344 6345 6346 6347 6348 6349 6350 6351 6352 6353 6354 6355 6356 6357 6358 6359 6360 6361 6362 6363 6364 6365 6366 6367 6368 6369 6370 6371 6372 6373 6374 6375 6376 6377 6378 6379 6380 6381 6382 6383 6384 6385 6386 6387 6388 6389 6390 6391 6392 6393 6394 6395 6396 6397 6398 6399 6400 6401 6402 6403 6404 6405 6406 6407 6408 6409 6410 6411 6412 6413 6414 6415 6416 6417 6418 6419 6420 6421 6422 6423 6424 6425 6426 6427 6428 6429 6430 6431 6432 6433 6434 6435 6436 6437 6438 6439 6440 6441 6442 6443 6444 6445 6446 6447 6448 6449 6450 6451 6452 6453 6454 6455 6456 6457 6458 6459 6460 6461 6462 6463 6464 6465 6466 6467 6468 6469 6470 6471 6472 6473 6474 6475 6476 6477 6478 6479 6480 6481 6482 6483 6484 6485 6486 6487 6488 6489 6490 6491 6492 6493 6494 6495 6496 6497 6498 6499 6500 6501 6502 6503 6504 6505 6506 6507 6508 6509 6510 6511 6512 6513 6514 6515 6516 6517 6518 6519 6520 6521 6522 6523 6524 6525 6526 6527 6528 6529 6530 6531 6532 6533 6534 6535 6536 6537 6538 6539 6540 6541 6542 6543 6544 6545 6546 6547 6548 6549 6550 6551 6552 6553 6554 6555 6556 6557 6558 6559 6560 6561 6562 6563 6564 6565 6566 6567 6568 6569 6570 6571 6572 6573 6574 6575 6576 6577 6578 6579 6580 6581 6582 6583 6584 6585 6586 6587 6588 6589 6590 6591 6592 6593 6594 6595 6596 6597 6598 6599 6600 6601 6602 6603 6604 6605 6606 6607 6608 6609 6610 6611 6612 6613 6614 6615 6616 6617 6618 6619 6620 6621 6622 6623 6624 6625 6626 6627 6628 6629 6630 6631 6632 6633 6634 6635 6636 6637 6638 6639 6640 6641 6642 6643 6644 6645 6646 6647 6648 6649 6650 6651 6652 6653 6654 6655 6656 6657 6658 6659 6660 6661 6662 6663 6664 6665 6666 6667 6668 6669 6670 6671 6672 6673 6674 6675 6676 6677 6678 6679 6680 6681 6682 6683 6684 6685 6686 6687 6688 6689 6690 6691 6692 6693 6694 6695 6696 6697 6698 6699 6700 6701 6702 6703 6704 6705 6706 6707 6708 6709 6710 6711 6712 6713 6714 6715 6716 6717 6718 6719 6720 6721 6722 6723 6724 6725 6726 6727 6728 6729 6730 6731 6732 6733 6734 6735 6736 6737 6738 6739 6740 6741 6742 6743 6744 6745 6746 6747 6748 6749 6750 6751 6752 6753 6754 6755 6756 6757 6758 6759 6760 6761 6762 6763 6764 6765 6766 6767 6768 6769 6770 6771 6772 6773 6774 6775 6776 6777 6778 6779 6780 6781 6782 6783 6784 6785 6786 6787 6788 6789 6790 6791 6792 6793 6794 6795 6796 6797 6798 6799 6800 6801 6802 6803 6804 6805 6806 6807 6808 6809 6810 6811 6812 6813 6814 6815 6816 6817 6818 6819 6820 6821 6822 6823 6824 6825 6826 6827 6828 6829 6830 6831 6832 6833 6834 6835 6836 6837 6838 6839 6840 6841 6842 6843 6844 6845 6846 6847 6848 6849 6850 6851 6852 6853 6854 6855 6856 6857 6858 6859 6860 6861 6862 6863 6864 6865 6866 6867 6868 6869 6870 6871 6872 6873 6874 6875 6876 6877 6878 6879 6880 6881 6882 6883 6884 6885 6886 6887 6888 6889 6890 6891 6892 6893 6894 6895 6896 6897 6898 6899 6900 6901 6902 6903 6904 6905 6906 6907 6908 6909 6910 6911 6912 6913 6914 6915 6916 6917 6918 6919 6920 6921 6922 6923 6924 6925 6926 6927 6928 6929 6930 6931 6932 6933 6934 6935 6936 6937 6938 6939 6940 6941 6942 6943 6944 6945 6946 6947 6948 6949 6950 6951 6952 6953 6954 6955 6956 6957 6958 6959 6960 6961 6962 6963 6964 6965 6966 6967 6968 6969 6970 6971 6972 6973 6974 6975 6976 6977 6978 6979 6980 6981 6982 6983 6984 6985 6986 6987 6988 6989 6990 6991 6992 6993 6994 6995 6996 6997 6998 6999 7000 7001 7002 7003 7004 7005 7006 7007 7008 7009 7010 7011 7012 7013 7014 7015 7016 7017 7018 7019 7020 7021 7022 7023 7024 7025 7026 7027 7028 7029 7030 7031 7032 7033 7034 7035 7036 7037 7038 7039 7040 7041 7042 7043 7044 7045 7046 7047 7048 7049 7050 7051 7052 7053 7054 7055 7056 7057 7058 7059 7060 7061 7062 7063 7064 7065 7066 7067 7068 7069 7070 7071 7072 7073 7074 7075 7076 7077 7078 7079 7080 7081 7082 7083 7084 7085 7086 7087 7088 7089 7090 7091 7092 7093 7094 7095 7096 7097 7098 7099 7100 7101 7102 7103 7104 7105 7106 7107 7108 7109 7110 7111 7112 7113 7114 7115 7116 7117 7118 7119 7120 7121 7122 7123 7124 7125 7126 7127 7128 7129 7130 7131 7132 7133 7134 7135 7136 7137 7138 7139 7140 7141 7142 7143 7144 7145 7146 7147 7148 7149 7150 7151 7152 7153 7154 7155 7156 7157 7158 7159 7160 7161 7162 7163 7164 7165 7166 7167 7168 7169 7170 7171 7172 7173 7174 7175 7176 7177 7178 7179 7180 7181 7182 7183 7184 7185 7186 7187 7188 7189 7190 7191 7192 7193 7194 7195 7196 7197 7198 7199 7200 7201 7202 7203 7204 7205 7206 7207 7208 7209 7210 7211 7212 7213 7214 7215 7216 7217 7218 7219 7220 7221 7222 7223 7224 7225 7226 7227 7228 7229 7230 7231 7232 7233 7234 7235 7236 7237 7238 7239 7240 7241 7242 7243 7244 7245 7246 7247 7248 7249 7250 7251 7252 7253 7254 7255 7256 7257 7258 7259 7260 7261 7262 7263 7264 7265 7266 7267 7268 7269 7270 7271 7272 7273 7274 7275 7276 7277 7278 7279 7280 7281 7282 7283 7284 7285 7286 7287 7288 7289 7290 7291 7292 7293 7294 7295 7296 7297 7298 7299 7300 7301 7302 7303 7304 7305 7306 7307 7308 7309 7310 7311 7312 7313 7314 7315 7316 7317 7318 7319 7320 7321 7322 7323 7324 7325 7326 7327 7328 7329 7330 7331 7332 7333 7334 7335 7336 7337 7338 7339 7340 7341 7342 7343 7344 7345 7346 7347 7348 7349 7350 7351 7352 7353 7354 7355 7356 7357 7358 7359 7360 7361 7362 7363 7364 7365 7366 7367 7368 7369 7370 7371 7372 7373 7374 7375 7376 7377 7378 7379 7380 7381 7382 7383 7384 7385 7386 7387 7388 7389 7390 7391 7392 7393 7394 7395 7396 7397 7398 7399 7400 7401 7402 7403 7404 7405 7406 7407 7408 7409 7410 7411 7412 7413 7414 7415 7416 7417 7418 7419 7420 7421 7422 7423 7424 7425 7426 7427 7428 7429 7430 7431 7432 7433 7434 7435 7436 7437 7438 7439 7440 7441 7442 7443 7444 7445 7446 7447 7448 7449 7450 7451 7452 7453 7454 7455 7456 7457 7458 7459 7460 7461 7462 7463 7464 7465 7466 7467 7468 7469 7470 7471 7472 7473 7474 7475 7476 7477 7478 7479 7480 7481 7482 7483 7484 7485 7486 7487 7488 7489 7490 7491 7492 7493 7494 7495 7496 7497 7498 7499 7500 7501 7502 7503 7504 7505 7506 7507 7508 7509 7510 7511 7512 7513 7514 7515 7516 7517 7518 7519 7520 7521 7522 7523 7524 7525 7526 7527 7528 7529 7530 7531 7532 7533 7534 7535 7536 7537 7538 7539 7540 7541 7542 7543 7544 7545 7546 7547 7548 7549 7550 7551 7552 7553 7554 7555 7556 7557 7558 7559 7560 7561 7562 7563 7564 7565 7566 7567 7568 7569 7570 7571 7572 7573 7574 7575 7576 7577 7578 7579 7580 7581 7582 7583 7584 7585 7586 7587 7588 7589 7590 7591 7592 7593 7594 7595 7596 7597 7598 7599 7600 7601 7602 7603 7604 7605 7606 7607 7608 7609 7610 7611 7612 7613 7614 7615 7616 7617 7618 7619 7620 7621 7622 7623 7624 7625 7626 7627 7628 7629 7630 7631 7632 7633 7634 7635 7636 7637 7638 7639 7640 7641 7642 7643 7644 7645 7646 7647 7648 7649 7650 7651 7652 7653 7654 7655 7656 7657 7658 7659 7660 7661 7662 7663 7664 7665 7666 7667 7668 7669 7670 7671 7672 7673 7674 7675 7676 7677 7678 7679 7680 7681 7682 7683 7684 7685 7686 7687 7688 7689 7690 7691 7692 7693 7694 7695 7696 7697 7698 7699 7700 7701 7702 7703 7704 7705 7706 7707 7708 7709 7710 7711 7712 7713 7714 7715 7716 7717 7718 7719 7720 7721 7722 7723 7724 7725 7726 7727 7728 7729 7730 7731 7732 7733 7734 7735 7736 7737 7738 7739 7740 7741 7742 7743 7744 7745 7746 7747 7748 7749 7750 7751 7752 7753 7754 7755 7756 7757 7758 7759 7760 7761 7762 7763 7764 7765 7766 7767 7768 7769 7770 7771 7772 7773 7774 7775 7776 7777 7778 7779 7780 7781 7782 7783 7784 7785 7786 7787 7788 7789 7790 7791 7792 7793 7794 7795 7796 7797 7798 7799 7800 7801 7802 7803 7804 7805 7806 7807 7808 7809 7810 7811 7812 7813 7814 7815 7816 7817 7818 7819 7820 7821 7822 7823 7824 7825 7826 7827 7828 7829 7830 7831 7832 7833 7834 7835 7836 7837 7838 7839 7840 7841 7842 7843 7844 7845 7846 7847 7848 7849 7850 7851 7852 7853 7854 7855 7856 7857 7858 7859 7860 7861 7862 7863 7864 7865 7866 7867 7868 7869 7870 7871 7872 7873 7874 7875 7876 7877 7878 7879 7880 7881 7882 7883 7884 7885 7886 7887 7888 7889 7890 7891 7892 7893 7894 7895 7896 7897 7898 7899 7900 7901 7902 7903 7904 7905 7906 7907 7908 7909 7910 7911 7912 7913 7914 7915 7916 7917 7918 7919 7920 7921 7922 7923 7924 7925 7926 7927 7928 7929 7930 7931 7932 7933 7934 7935 7936 7937 7938 7939 7940 7941 7942 7943 7944 7945 7946 7947 7948 7949 7950 7951 7952 7953 7954 7955 7956 7957 7958 7959 7960 7961 7962 7963 7964 7965 7966 7967 7968 7969 7970 7971 7972 7973 7974 7975 7976 7977 7978 7979 7980 7981 7982 7983 7984 7985 7986 7987 7988 7989 7990 7991 7992 7993 7994 7995 7996 7997 7998 7999 8000 8001 8002 8003 8004 8005 8006 8007 8008 8009 8010 8011 8012 8013 8014 8015 8016 8017 8018 8019 8020 8021 8022 8023 8024 8025 8026 8027 8028 8029 8030 8031 8032 8033 8034 8035 8036 8037 8038 8039 8040 8041 8042 8043 8044 8045 8046 8047 8048 8049 8050 8051 8052 8053 8054 8055 8056 8057 8058 8059 8060 8061 8062 8063 8064 8065 8066 8067 8068 8069 8070 8071 8072 8073 8074 8075 8076 8077 8078 8079 8080 8081 8082 8083 8084 8085 8086 8087 8088 8089 8090 8091 8092 8093 8094 8095 8096 8097 8098 8099 8100 8101 8102 8103 8104 8105 8106 8107 8108 8109 8110 8111 8112 8113 8114 8115 8116 8117 8118 8119 8120 8121 8122 8123 8124 8125 8126 8127 8128 8129 8130 8131 8132 8133 8134 8135 8136 8137 8138 8139 8140 8141 8142 8143 8144 8145 8146 8147 8148 8149 8150 8151 8152 8153 8154 8155 8156 8157 8158 8159 8160 8161 8162 8163 8164 8165 8166 8167 8168 8169 8170 8171 8172 8173 8174 8175 8176 8177 8178 8179 8180 8181 8182 8183 8184 8185 8186 8187 8188 8189 8190 8191 8192 8193 8194 8195 8196 8197 8198 8199 8200 8201 8202 8203 8204 8205 8206 8207 8208 8209 8210 8211 8212 8213 8214 8215 8216 8217 8218 8219 8220 8221 8222 8223 8224 8225 8226 8227 8228 8229 8230 8231 8232 8233 8234 8235 8236 8237 8238 8239 8240 8241 8242 8243 8244 8245 8246 8247 8248 8249 8250 8251 8252 8253 8254 8255 8256 8257 8258 8259 8260 8261 8262 8263 8264 8265 8266 8267 8268 8269 8270 8271 8272 8273 8274 8275 8276 8277 8278 8279 8280 8281 8282 8283 8284 8285 8286 8287 8288 8289 8290 8291 8292 8293 8294 8295 8296 8297 8298 8299 8300 8301 8302 8303 8304 8305 8306 8307 8308 8309 8310 8311 8312 8313 8314 8315 8316 8317 8318 8319 8320 8321 8322 8323 8324 8325 8326 8327 8328 8329 8330 8331 8332 8333 8334 8335 8336 8337 8338 8339 8340 8341 8342 8343 8344 8345 8346 8347 8348 8349 8350 8351 8352 8353 8354 8355 8356 8357 8358 8359 8360 8361 8362 8363 8364 8365 8366 8367 8368 8369 8370 8371 8372 8373 8374 8375 8376 8377 8378 8379 8380 8381 8382 8383 8384 8385 8386 8387 8388 8389 8390 8391 8392 8393 8394 8395 8396 8397 8398 8399 8400 8401 8402 8403 8404 8405 8406 8407 8408 8409 8410 8411 8412 8413 8414 8415 8416 8417 8418 8419 8420 8421 8422 8423 8424 8425 8426 8427 8428 8429 8430 8431 8432 8433 8434 8435 8436 8437 8438 8439 8440 8441 8442 8443 8444 8445 8446 8447 8448 8449 8450 8451 8452 8453 8454 8455 8456 8457 8458 8459 8460 8461 8462 8463 8464 8465 8466 8467 8468 8469 8470 8471 8472 8473 8474 8475 8476 8477 8478 8479 8480 8481 8482 8483 8484 8485 8486 8487 8488 8489 8490 8491 8492 8493 8494 8495 8496 8497 8498 8499 8500 8501 8502 8503 8504 8505 8506 8507 8508 8509 8510 8511 8512 8513 8514 8515 8516 8517 8518 8519 8520 8521 8522 8523 8524 8525 8526 8527 8528 8529 8530 8531 8532 8533 8534 8535 8536 8537 8538 8539 8540 8541 8542 8543 8544 8545 8546 8547 8548 8549 8550 8551 8552 8553 8554 8555 8556 8557 8558 8559 8560 8561 8562 8563 8564 8565 8566 8567 8568 8569 8570 8571 8572 8573 8574 8575 8576 8577 8578 8579 8580 8581 8582 8583 8584 8585 8586 8587 8588 8589 8590 8591 8592 8593 8594 8595 8596 8597 8598 8599 8600 8601 8602 8603 8604 8605 8606 8607 8608 8609 8610 8611 8612 8613 8614 8615 8616 8617 8618 8619 8620 8621 8622 8623 8624 8625 8626 8627 8628 8629 8630 8631 8632 8633 8634 8635 8636 8637 8638 8639 8640 8641 8642 8643 8644 8645 8646 8647 8648 8649 8650 8651 8652 8653 8654 8655 8656 8657 8658 8659 8660 8661 8662 8663 8664 8665 8666 8667 8668 8669 8670 8671 8672 8673 8674 8675 8676 8677 8678 8679 8680 8681 8682 8683 8684 8685 8686 8687 8688 8689 8690 8691 8692 8693 8694 8695 8696 8697 8698 8699 8700 8701 8702 8703 8704 8705 8706 8707 8708 8709 8710 8711 8712 8713 8714 8715 8716 8717 8718 8719 8720 8721 8722 8723 8724 8725 8726 8727 8728 8729 8730 8731 8732 8733 8734 8735 8736 8737 8738 8739 8740 8741 8742 8743 8744 8745 8746 8747 8748 8749 8750 8751 8752 8753 8754 8755 8756 8757 8758 8759 8760 8761 8762 8763 8764 8765 8766 8767 8768 8769 8770 8771 8772 8773 8774 8775 8776 8777 8778 8779 8780 8781 8782 8783 8784 8785 8786 8787 8788 8789 8790 8791 8792 8793 8794 8795 8796 8797 8798 8799 8800 8801 8802 8803 8804 8805 8806 8807 8808 8809 8810 8811 8812 8813 8814 8815 8816 8817 8818 8819 8820 8821 8822 8823 8824 8825 8826 8827 8828 8829 8830 8831 8832 8833 8834 8835 8836 8837 8838 8839 8840 8841 8842 8843 8844 8845 8846 8847 8848 8849 8850 8851 8852 8853 8854 8855 8856 8857 8858 8859 8860 8861 8862 8863 8864 8865 8866 8867 8868 8869 8870 8871 8872 8873 8874 8875 8876 8877 8878 8879 8880 8881 8882 8883 8884 8885 8886 8887 8888 8889 8890 8891 8892 8893 8894 8895 8896 8897 8898 8899 8900 8901 8902 8903 8904 8905 8906 8907 8908 8909 8910 8911 8912 8913 8914 8915 8916 8917 8918 8919 8920 8921 8922 8923 8924 8925 8926 8927 8928 8929 8930 8931 8932 8933 8934 8935 8936 8937 8938 8939 8940 8941 8942 8943 8944 8945 8946 8947 8948 8949 8950 8951 8952 8953 8954 8955 8956 8957 8958 8959 8960 8961 8962 8963 8964 8965 8966 8967 8968 8969 8970 8971 8972 8973 8974 8975 8976 8977 8978 8979 8980 8981 8982 8983 8984 8985 8986 8987 8988 8989 8990 8991 8992 8993 8994 8995 8996 8997 8998 8999 9000 9001 9002 9003 9004 9005 9006 9007 9008 9009 9010 9011 9012 9013 9014 9015 9016 9017 9018 9019 9020 9021 9022 9023 9024 9025 9026 9027 9028 9029 9030 9031 9032 9033 9034 9035 9036 9037 9038 9039 9040 9041 9042 9043 9044 9045 9046 9047 9048 9049 9050 9051 9052 9053 9054 9055 9056 9057 9058 9059 9060 9061 9062 9063 9064 9065 9066 9067 9068 9069 9070 9071 9072 9073 9074 9075 9076 9077 9078 9079 9080 9081 9082 9083 9084 9085 9086 9087 9088 9089 9090 9091 9092 9093 9094 9095 9096 9097 9098 9099 9100 9101 9102 9103 9104 9105 9106 9107 9108 9109 9110 9111 9112 9113 9114 9115 9116 9117 9118 9119 9120 9121 9122 9123 9124 9125 9126 9127 9128 9129 9130 9131 9132 9133 9134 9135 9136 9137 9138 9139 9140 9141 9142 9143 9144 9145 9146 9147 9148 9149 9150 9151 9152 9153 9154 9155 9156 9157 9158 9159 9160 9161 9162 9163 9164 9165 9166 9167 9168 9169 9170 9171 9172 9173 9174 9175 9176 9177 9178 9179 9180 9181 9182 9183 9184 9185 9186 9187 9188 9189 9190 9191 9192 9193 9194 9195 9196 9197 9198 9199 9200 9201 9202 9203 9204 9205 9206 9207 9208 9209 9210 9211 9212 9213 9214 9215 9216 9217 9218 9219 9220 9221 9222 9223 9224 9225 9226 9227 9228 9229 9230 9231 9232 9233 9234 9235 9236 9237 9238 9239 9240 9241 9242 9243 9244 9245 9246 9247 9248 9249 9250 9251 9252 9253 9254 9255 9256 9257 9258 9259 9260 9261 9262 9263 9264 9265 9266 9267 9268 9269 9270 9271 9272 9273 9274 9275 9276 9277 9278 9279 9280 9281 9282 9283 9284 9285 9286 9287 9288 9289 9290 9291 9292 9293 9294 9295 9296 9297 9298 9299 9300 9301 9302 9303 9304 9305 9306 9307 9308 9309 9310 9311 9312 9313 9314 9315 9316 9317 9318 9319 9320 9321 9322 9323 9324 9325 9326 9327 9328 9329 9330 9331 9332 9333 9334 9335 9336 9337 9338 9339 9340 9341 9342 9343 9344 9345 9346 9347 9348 9349 9350 9351 9352 9353 9354 9355 9356 9357 9358 9359 9360 9361 9362 9363 9364 9365 9366 9367 9368 9369 9370 9371 9372 9373 9374 9375 9376 9377 9378 9379 9380 9381 9382 9383 9384 9385 9386 9387 9388 9389 9390 9391 9392 9393 9394 9395 9396 9397 9398 9399 9400 9401 9402 9403 9404 9405 9406 9407 9408 9409 9410 9411 9412 9413 9414 9415 9416 9417 9418 9419 9420 9421 9422 9423 9424 9425 9426 9427 9428 9429 9430 9431 9432 9433 9434 9435 9436 9437 9438 9439 9440 9441 9442 9443 9444 9445 9446 9447 9448 9449 9450 9451 9452 9453 9454 9455 9456 9457 9458 9459 9460 9461 9462 9463 9464 9465 9466 9467 9468 9469 9470 9471 9472 9473 9474 9475 9476 9477 9478 9479 9480 9481 9482 9483 9484 9485 9486 9487 9488 9489 9490 9491 9492 9493 9494 9495 9496 9497 9498 9499 9500 9501 9502 9503 9504 9505 9506 9507 9508 9509 9510 9511 9512 9513 9514 9515 9516 9517 9518 9519 9520 9521 9522 9523 9524 9525 9526 9527 9528 9529 9530 9531 9532 9533 9534 9535 9536 9537 9538 9539 9540 9541 9542 9543 9544 9545 9546 9547 9548 9549 9550 9551 9552 9553 9554 9555 9556 9557 9558 9559 9560 9561 9562 9563 9564 9565 9566 9567 9568 9569 9570 9571 9572 9573 9574 9575 9576 9577 9578 9579 9580 9581 9582 9583 9584 9585 9586 9587 9588 9589 9590 9591 9592 9593 9594 9595 9596 9597 9598 9599 9600 9601 9602 9603 9604 9605 9606 9607 9608 9609 9610 9611 9612 9613 9614 9615 9616 9617 9618 9619 9620 9621 9622 9623 9624 9625 9626 9627 9628 9629 9630 9631 9632 9633 9634 9635 9636 9637 9638 9639 9640 9641 9642 9643 9644 9645 9646 9647 9648 9649 9650 9651 9652 9653 9654 9655 9656 9657 9658 9659 9660 9661 9662 9663 9664 9665 9666 9667 9668 9669 9670 9671 9672 9673 9674 9675 9676 9677 9678 9679 9680 9681 9682 9683 9684 9685 9686 9687 9688 9689 9690 9691 9692 9693 9694 9695 9696 9697 9698 9699 9700 9701 9702 9703 9704 9705 9706 9707 9708 9709 9710 9711 9712 9713 9714 9715 9716 9717 9718 9719 9720 9721 9722 9723 9724 9725 9726 9727 9728 9729 9730 9731 9732 9733 9734 9735 9736 9737 9738 9739 9740 9741 9742 9743 9744 9745 9746 9747 9748 9749 9750 9751 9752 9753 9754 9755 9756 9757 9758 9759 9760 9761 9762 9763 9764 9765 9766 9767 9768 9769 9770 9771 9772 9773 9774 9775 9776 9777 9778 9779 9780 9781 9782 9783 9784 9785 9786 9787 9788 9789 9790 9791 9792 9793 9794 9795 9796 9797 9798 9799 9800 9801 9802 9803 9804 9805 9806 9807 9808 9809 9810 9811 9812 9813 9814 9815 9816 9817 9818 9819 9820 9821 9822 9823 9824 9825 9826 9827 9828 9829 9830 9831 9832 9833 9834 9835 9836 9837 9838 9839 9840 9841 9842 9843 9844 9845 9846 9847 9848 9849 9850 9851 9852 9853 9854 9855 9856 9857 9858 9859 9860 9861 9862 9863 9864 9865 9866 9867 9868 9869 9870 9871 9872 9873 9874 9875 9876 9877 9878 9879 9880 9881 9882 9883 9884 9885 9886 9887 9888 9889 9890 9891 9892 9893 9894 9895 9896 9897 9898 9899 9900 9901 9902 9903 9904 9905 9906 9907 9908 9909 9910 9911 9912 9913 9914 9915 9916 9917 9918 9919 9920 9921 9922 9923 9924 9925 9926 9927 9928 9929 9930 9931 9932 9933 9934 9935 9936 9937 9938 9939 9940 9941 9942 9943 9944 9945 9946 9947 9948 9949 9950 9951 9952 9953 9954 9955 9956 9957 9958 9959 9960 9961 9962 9963 9964 9965 9966 9967 9968 9969 9970 9971 9972 9973 9974 9975 9976 9977 9978 9979 9980 9981 9982 9983 9984 9985 9986 9987 9988 9989 9990 9991 9992 9993 9994 9995 9996 9997 9998 9999
        </DataArray>
        <DataArray type="Int64" Name="offsets" format="ascii">
          1 2 3 4 5 6 7 8 9 10 11 12 13 14 15 16 17 18 19 20 21 22 23 24 25 26 27 28 29 30 31 32 33 34 35 36 37 38 39 40 41 42 43 44 45 46 47 48 49 50 51 52 53 54 55 56 57 58 59 60 61 62 63 64 65 66 67 68 69 70 71 72 73 74 75 76 77 78 79 80 81 82 83 84 85 86 87 88 89 90 91 92 93 94 95 96 97 98 99 100 101 102 103 104 105 106 107 108 109 110 111 112 113 114 115 116 117 118 119 120 121 122 123 124 125 126 127 128 129 130 131 132 133 134 135 136 137 138 139 140 141 142 143 144 145 146 147 148 149 150 151 152 153 154 155 156 157 158 159 160 161 162 163 164 165 166 167 168 169 170 171 172 173 174 175 176 177 178 179 180 181 182 183 184 185 186 187 188 189 190 191 192 193 194 195 196 197 198 199 200 201 202 203 204 205 206 207 208 209 210 211 212 213 214 215 216 217 218 219 220 221 222 223 224 225 226 227 228 229 230 231 232 233 234 235 236 237 238 239 240 241 242 243 244 245 246 247 248 249 250 251 252 253 254 255 256 257 258 259 260 261 262 263 264 265 266 267 268 269 270 271 272 273 274 275 276 277 278 279 280 281 282 283 284 285 286 287 288 289 290 291 292 293 294 295 296 297 298 299 300 301 302 303 304 305 306 307 308 309 310 311 312 313 314 315 316 317 318 319 320 321 322 323 324 325 326 327 328 329 330 331 332 333 334 335 336 337 338 339 340 341 342 343 344 345 346 347 348 349 350 351 352 353 354 355 356 357 358 359 360 361 362 363 364 365 366 367 368 369 370 371 372 373 374 375 376 377 378 379 380 381 382 383 384 385 386 387 388 389 390 391 392 393 394 395 396 397 398 399 400 401 402 403 404 405 406 407 408 409 410 411 412 413 414 415 416 417 418 419 420 421 422 423 424 425 426 427 428 429 430 431 432 433 434 435 436 437 438 439 440 441 442 443 444 445 446 447 448 449 450 451 452 453 454 455 456 457 458 459 460 461 462 463 464 465 466 467 468 469 470 471 472 473 474 475 476 477 478 479 480 481 482 483 484 485 486 487 488 489 490 491 492 493 494 495 496 497 498 499 500 501 502 503 504 505 506 507 508 509 510 511 512 513 514 515 516 517 518 519 520 521 522 523 524 525 526 527 528 529 530 531 532 533 534 535 536 537 538 539 540 541 542 543 544 545 546 547 548 549 550 551 552 553 554 555 556 557 558 559 560 561 562 563 564 565 566 567 568 569 570 571 572 573 574 575 576 577 578 579 580 581 582 583 584 585 586 587 588 589 590 591 592 593 594 595 596 597 598 599 600 601 602 603 604 605 606 607 608 609 610 611 612 613 614 615 616 617 618 619 620 621 622 623 624 625 626 627 628 629 630 631 632 633 634 635 636 637 638 639 640 641 642 643 644 645 646 647 648 649 650 651 652 653 654 655 656 657 658 659 660 661 662 663 664 665 666 667 668 669 670 671 672 673 674 675 676 677 678 679 680 681 682 683 684 685 686 687 688 689 690 691 692 693 694 695 696 697 698 699 700 701 702 703 704 705 706 707 708 709 710 711 712 713 714 715 716 717 718 719 720 721 722 723 724 725 726 727 728 729 730 731 732 733 734 735 736 737 738 739 740 741 742 743 744 745 746 747 748 749 750 751 752 753 754 755 756 757 758 759 760 761 762 763 764 765 766 767 768 769 770 771 772 773 774 775 776 777 778 779 780 781 782 783 784 785 786 787 788 789 790 791 792 793 794 795 796 797 798 799 800 801 802 803 804 805 806 807 808 809 810 811 812 813 814 815 816 817 818 819 820 821 822 823 824 825 826 827 828 829 830 831 832 833 834 835 836 837 838 839 840 841 842 843 844 845 846 847 848 849 850 851 852 853 854 855 856 857 858 859 860 861 862 863 864 865 866 867 868 869 870 871 872 873 874 875 876 877 878 879 880 881 882 883 884 885 886 887 888 889 890 891 892 893 894 895 896 897 898 899 900 901 902 903 904 905 906 907 908 909 910 911 912 913 914 915 916 917 918 919 920 921 922 923 924 925 926 927 928 929 930 931 932 933 934 935 936 937 938 939 940 941 942 943 944 945 946 947 948 949 950 951 952 953 954 955 956 957 958 959 960 961 962 963 964 965 966 967 968 969 970 971 972 973 974 975 976 977 978 979 980 981 982 983 984 985 986 987 988 989 990 991 992 993 994 995 996 997 998 999 1000 1001 1002 1003 1004 1005 1006 1007 1008 1009 1010 1011 1012 1013 1014 1015 1016 1017 1018 1019 1020 1021 1022 1023 1024 1025 1026 1027 1028 1029 1030 1031 1032 1033 1034 1035 1036 1037 1038 1039 1040 1041 1042 1043 1044 1045 1046 1047 1048 1049 1050 1051 1052 1053 1054 1055 1056 1057 1058 1059 1060 1061 1062 1063 1064 1065 1066 1067 1068 1069 1070 1071 1072 1073 1074 1075 1076 1077 1078 1079 1080 1081 1082 1083 1084 1085 1086 1087 1088 1089 1090 1091 1092 1093 1094 1095 1096 1097 1098 1099 1100 1101 1102 1103 1104 1105 1106 1107 1108 1109 1110 1111 1112 1113 1114 1115 1116 1117 1118 1119 1120 1121 1122 1123 1124 1125 1126 1127 1128 1129 1130 1131 1132 1133 1134 1135 1136 1137 1138 1139 1140 1141 1142 1143 1144 1145 1146 1147 1148 1149 1150 1151 1152 1153 1154 1155 1156 1157 1158 1159 1160 1161 1162 1163 1164 1165 1166 1167 1168 1169 1170 1171 1172 1173 1174 1175 1176 1177 1178 1179 1180 1181 1182 1183 1184 1185 1186 1187 1188 1189 1190 1191 1192 1193 1194 1195 1196 1197 1198 1199 1200 1201 1202 1203 1204 1205 1206 1207 1208 1209 1210 1211 1212 1213 1214 1215 1216 1217 1218 1219 1220 1221 1222 1223 1224 1225 1226 1227 1228 1229 1230 1231 1232 1233 1234 1235 1236 1237 1238 1239 1240 1241 1242 1243 1244 1245 1246 1247 1248 1249 1250 1251 1252 1253 1254 1255 1256 1257 1258 1259 1260 1261 1262 1263 1264 1265 1266 1267 1268 1269 1270 1271 1272 1273 1274 1275 1276 1277 1278 1279 1280 1281 1282 1283 1284 1285 1286 1287 1288 1289 1290 1291 1292 1293 1294 1295 1296 1297 1298 1299 1300 1301 1302 1303 1304 1305 1306 1307 1308 1309 1310 1311 1312 1313 1314 1315 1316 1317 1318 1319 1320 1321 1322 1323 1324 1325 1326 1327 1328 1329 1330 1331 1332 1333 1334 1335 1336 1337 1338 1339 1340 1341 1342 1343 1344 1345 1346 1347 1348 1349 1350 1351 1352 1353 1354 1355 1356 1357 1358 1359 1360 1361 1362 1363 1364 1365 1366 1367 1368 1369 1370 1371 1372 1373 1374 1375 1376 1377 1378 1379 1380 1381 1382 1383 1384 1385 1386 1387 1388 1389 1390 1391 1392 1393 1394 1395 1396 1397 1398 1399 1400 1401 1402 1403 1404 1405 1406 1407 1408 1409 1410 1411 1412 1413 1414 1415 1416 1417 1418 1419 1420 1421 1422 1423 1424 1425 1426 1427 1428 1429 1430 1431 1432 1433 1434 1435 1436 1437 1438 1439 1440 1441 1442 1443 1444 1445 1446 1447 1448 1449 1450 1451 1452 1453 1454 1455 1456 1457 1458 1459 1460 1461 1462 1463 1464 1465 1466 1467 1468 1469 1470 1471 1472 1473 1474 1475 1476 1477 1478 1479 1480 1481 1482 1483 1484 1485 1486 1487 1488 1489 1490 1491 1492 1493 1494 1495 1496 1497 1498 1499 1500 1501 1502 1503 1504 1505 1506 1507 1508 1509 1510 1511 1512 1513 1514 1515 1516 1517 1518 1519 1520 1521 1522 1523 1524 1525 1526 1527 1528 1529 1530 1531 1532 1533 1534 1535 1536 1537 1538 1539 1540 1541 1542 1543 1544 1545 1546 1547 1548 1549 1550 1551 1552 1553 1554 1555 1556 1557 1558 1559 1560 1561 1562 1563 1564 1565 1566 1567 1568 1569 1570 1571 1572 1573 1574 1575 1576 1577 1578 1579 1580 1581 1582 1583 1584 1585 1586 1587 1588 1589 1590 1591 1592 1593 1594 1595 1596 1597 1598 1599 1600 1601 1602 1603 1604 1605 1606 1607 1608 1609 1610 1611 1612 1613 1614 1615 1616 1617 1618 1619 1620 1621 1622 1623 1624 1625 1626 1627 1628 1629 1630 1631 1632 1633 1634 1635 1636 1637 1638 1639 1640 1641 1642 1643 1644 1645 1646 1647 1648 1649 1650 1651 1652 1653 1654 1655 1656 1657 1658 1659 1660 1661 1662 1663 1664 1665 1666 1667 1668 1669 1670 1671 1672 1673 1674 1675 1676 1677 1678 1679 1680 1681 1682 1683 1684 1685 1686 1687 1688 1689 1690 1691 1692 1693 1694 1695 1696 1697 1698 1699 1700 1701 1702 1703 1704 1705 1706 1707 1708 1709 1710 1711 1712 1713 1714 1715 1716 1717 1718 1719 1720 1721 1722 1723 1724 1725 1726 1727 1728 1729 1730 1731 1732 1733 1734 1735 1736 1737 1738 1739 1740 1741 1742 1743 1744 1745 1746 1747 1748 1749 1750 1751 1752 1753 1754 1755 1756 1757 1758 1759 1760 1761 1762 1763 1764 1765 1766 1767 1768 1769 1770 1771 1772 1773 1774 1775 1776 1777 1778 1779 1780 1781 1782 1783 1784 1785 1786 1787 1788 1789 1790 1791 1792 1793 1794 1795 1796 1797 1798 1799 1800 1801 1802 1803 1804 1805 1806 1807 1808 1809 1810 1811 1812 1813 1814 1815 1816 1817 1818 1819 1820 1821 1822 1823 1824 1825 1826 1827 1828 1829 1830 1831 1832 1833 1834 1835 1836 1837 1838 1839 1840 1841 1842 1843 1844 1845 1846 1847 1848 1849 1850 1851 1852 1853 1854 1855 1856 1857 1858 1859 1860 1861 1862 1863 1864 1865 1866 1867 1868 1869 1870 1871 1872 1873 1874 1875 1876 1877 1878 1879 1880 1881 1882 1883 1884 1885 1886 1887 1888 1889 1890 1891 1892 1893 1894 1895 1896 1897 1898 1899 1900 1901 1902 1903 1904 1905 1906 1907 1908 1909 1910 1911 1912 1913 1914 1915 1916 1917 1918 1919 1920 1921 1922 1923 1924 1925 1926 1927 1928 1929 1930 1931 1932 1933 1934 1935 1936 1937 1938 1939 1940 1941 1942 1943 1944 1945 1946 1947 1948 1949 1950 1951 1952 1953 1954 1955 1956 1957 1958 1959 1960 1961 1962 1963 1964 1965 1966 1967 1968 1969 1970 1971 1972 1973 1974 1975 1976 1977 1978 1979 1980 1981 1982 1983 1984 1985 1986 1987 1988 1989 1990 1991 1992 1993 1994 1995 1996 1997 1998 1999 2000 2001 2002 2003 2004 2005 2006 2007 2008 2009 2010 2011 2012 2013 2014 2015 2016 2017 2018 2019 2020 2021 2022 2023 2024 2025 2026 2027 2028 2029 2030 2031 2032 2033 2034 2035 2036 2037 2038 2039 2040 2041 2042 2043 2044 2045 2046 2047 2048 2049 2050 2051 2052 2053 2054 2055 2056 2057 2058 2059 2060 2061 2062 2063 2064 2065 2066 2067 2068 2069 2070 2071 2072 2073 2074 2075 2076 2077 2078 2079 2080 2081 2082 2083 2084 2085 2086 2087 2088 2089 2090 2091 2092 2093 2094 2095 2096 2097 2098 2099 2100 2101 2102 2103 2104 2105 2106 2107 2108 2109 2110 2111 2112 2113 2114 2115 2116 2117 2118 2119 2120 2121 2122 2123 2124 2125 2126 2127 2128 2129 2130 2131 2132 2133 2134 2135 2136 2137 2138 2139 2140 2141 2142 2143 2144 2145 2146 2147 2148 2149 2150 2151 2152 2153 2154 2155 2156 2157 2158 2159 2160 2161 2162 2163 2164 2165 2166 2167 2168 2169 2170 2171 2172 2173 2174 2175 2176 2177 2178 2179 2180 2181 2182 2183 2184 2185 2186 2187 2188 2189 2190 2191 2192 2193 2194 2195 2196 2197 2198 2199 2200 2201 2202 2203 2204 2205 2206 2207 2208 2209 2210 2211 2212 2213 2214 2215 2216 2217 2218 2219 2220 2221 2222 2223 2224 2225 2226 2227 2228 2229 2230 2231 2232 2233 2234 2235 2236 2237 2238 2239 2240 2241 2242 2243 2244 2245 2246 2247 2248 2249 2250 2251 2252 2253 2254 2255 2256 2257 2258 2259 2260 2261 2262 2263 2264 2265 2266 2267 2268 2269 2270 2271 2272 2273 2274 2275 2276 2277 2278 2279 2280 2281 2282 2283 2284 2285 2286 2287 2288 2289 2290 2291 2292 2293 2294 2295 2296 2297 2298 2299 2300 2301 2302 2303 2304 2305 2306 2307 2308 2309 2310 2311 2312 2313 2314 2315 2316 2317 2318 2319 2320 2321 2322 2323 2324 2325 2326 2327 2328 2329 2330 2331 2332 2333 2334 2335 2336 2337 2338 2339 2340 2341 2342 2343 2344 2345 2346 2347 2348 2349 2350 2351 2352 2353 2354 2355 2356 2357 2358 2359 2360 2361 2362 2363 2364 2365 2366 2367 2368 2369 2370 2371 2372 2373 2374 2375 2376 2377 2378 2379 2380 2381 2382 2383 2384 2385 2386 2387 2388 2389 2390 2391 2392 2393 2394 2395 2396 2397 2398 2399 2400 2401 2402 2403 2404 2405 2406 2407 2408 2409 2410 2411 2412 2413 2414 2415 2416 2417 2418 2419 2420 2421 2422 2423 2424 2425 2426 2427 2428 2429 2430 2431 2432 2433 2434 2435 2436 2437 2438 2439 2440 2441 2442 2443 2444 2445 2446 2447 2448 2449 2450 2451 2452 2453 2454 2455 2456 2457 2458 2459 2460 2461 2462 2463 2464 2465 2466 2467 2468 2469 2470 2471 2472 2473 2474 2475 2476 2477 2478 2479 2480 2481 2482 2483 2484 2485 2486 2487 2488 2489 2490 2491 2492 2493 2494 2495 2496 2497 2498 2499 2500 2501 2502 2503 2504 2505 2506 2507 2508 2509 2510 2511 2512 2513 2514 2515 2516 2517 2518 2519 2520 2521 2522 2523 2524 2525 2526 2527 2528 2529 2530 2531 2532 2533 2534 2535 2536 2537 2538 2539 2540 2541 2542 2543 2544 2545 2546 2547 2548 2549 2550 2551 2552 2553 2554 2555 2556 2557 2558 2559 2560 2561 2562 2563 2564 2565 2566 2567 2568 2569 2570 2571 2572 2573 2574 2575 2576 2577 2578 2579 2580 2581 2582 2583 2584 2585 2586 2587 2588 2589 2590 2591 2592 2593 2594 2595 2596 2597 2598 2599 2600 2601 2602 2603 2604 2605 2606 2607 2608 2609 2610 2611 2612 2613 2614 2615 2616 2617 2618 2619 2620 2621 2622 2623 2624 2625 2626 2627 2628 2629 2630 2631 2632 2633 2634 2635 2636 2637 2638 2639 2640 2641 2642 2643 2644 2645 2646 2647 2648 2649 2650 2651 2652 2653 2654 2655 2656 2657 2658 2659 2660 2661 2662 2663 2664 2665 2666 2667 2668 2669 2670 2671 2672 2673 2674 2675 2676 2677 2678 2679 2680 2681 2682 2683 2684 2685 2686 2687 2688 2689 2690 2691 2692 2693 2694 2695 2696 2697 2698 2699 2700 2701 2702 2703 2704 2705 2706 2707 2708 2709 2710 2711 2712 2713 2714 2715 2716 2717 2718 2719 2720 2721 2722 2723 2724 2725 2726 2727 2728 2729 2730 2731 2732 2733 2734 2735 2736 2737 2738 2739 2740 2741 2742 2743 2744 2745 2746 2747 2748 2749 2750 2751 2752 2753 2754 2755 2756 2757 2758 2759 2760 2761 2762 2763 2764 2765 2766 2767 2768 2769 2770 2771 2772 2773 2774 2775 2776 2777 2778 2779 2780 2781 2782 2783 2784 2785 2786 2787 2788 2789 2790 2791 2792 2793 2794 2795 2796 2797 2798 2799 2800 2801 2802 2803 2804 2805 2806 2807 2808 2809 2810 2811 2812 2813 2814 2815 2816 2817 2818 2819 2820 2821 2822 2823 2824 2825 2826 2827 2828 2829 2830 2831 2832 2833 2834 2835 2836 2837 2838 2839 2840 2841 2842 2843 2844 2845 2846 2847 2848 2849 2850 2851 2852 2853 2854 2855 2856 2857 2858 2859 2860 2861 2862 2863 2864 2865 2866 2867 2868 2869 2870 2871 2872 2873 2874 2875 2876 2877 2878 2879 2880 2881 2882 2883 2884 2885 2886 2887 2888 2889 2890 2891 2892 2893 2894 2895 2896 2897 2898 2899 2900 2901 2902 2903 2904 2905 2906 2907 2908 2909 2910 2911 2912 2913 2914 2915 2916 2917 2918 2919 2920 2921 2922 2923 2924 2925 2926 2927 2928 2929 2930 2931 2932 2933 2934 2935 2936 2937 2938 2939 2940 2941 2942 2943 2944 2945 2946 2947 2948 2949 2950 2951 2952 2953 2954 2955 2956 2957 2958 2959 2960 2961 2962 2963 2964 2965 2966 2967 2968 2969 2970 2971 2972 2973 2974 2975 2976 2977 2978 2979 2980 2981 2982 2983 2984 2985 2986 2987 2988 2989 2990 2991 2992 2993 2994 2995 2996 2997 2998 2999 3000 3001 3002 3003 3004 3005 3006 3007 3008 3009 3010 3011 3012 3013 3014 3015 3016 3017 3018 3019 3020 3021 3022 3023 3024 3025 3026 3027 3028 3029 3030 3031 3032 3033 3034 3035 3036 3037 3038 3039 3040 3041 3042 3043 3044 3045 3046 3047 3048 3049 3050 3051 3052 3053 3054 3055 3056 3057 3058 3059 3060 3061 3062 3063 3064 3065 3066 3067 3068 3069 3070 3071 3072 3073 3074 3075 3076 3077 3078 3079 3080 3081 3082 3083 3084 3085 3086 3087 3088 3089 3090 3091 3092 3093 3094 3095 3096 3097 3098 3099 3100 3101 3102 3103 3104 3105 3106 3107 3108 3109 3110 3111 3112 3113 3114 3115 3116 3117 3118 3119 3120 3121 3122 3123 3124 3125 3126 3127 3128 3129 3130 3131 3132 3133 3134 3135 3136 3137 3138 3139 3140 3141 3142 3143 3144 3145 3146 3147 3148 3149 3150 3151 3152 3153 3154 3155 3156 3157 3158 3159 3160 3161 3162 3163 3164 3165 3166 3167 3168 3169 3170 3171 3172 3173 3174 3175 3176 3177 3178 3179 3180 3181 3182 3183 3184 3185 3186 3187 3188 3189 3190 3191 3192 3193 3194 3195 3196 3197 3198 3199 3200 3201 3202 3203 3204 3205 3206 3207 3208 3209 3210 3211 3212 3213 3214 3215 3216 3217 3218 3219 3220 3221 3222 3223 3224 3225 3226 3227 3228 3229 3230 3231 3232 3233 3234 3235 3236 3237 3238 3239 3240 3241 3242 3243 3244 3245 3246 3247 3248 3249 3250 3251 3252 3253 3254 3255 3256 3257 3258 3259 3260 3261 3262 3263 3264 3265 3266 3267 3268 3269 3270 3271 3272 3273 3274 3275 3276 3277 3278 3279 3280 3281 3282 3283 3284 3285 3286 3287 3288 3289 3290 3291 3292 3293 3294 3295 3296 3297 3298 3299 3300 3301 3302 3303 3304 3305 3306 3307 3308 3309 3310 3311 3312 3313 3314 3315 3316 3317 3318 3319 3320 3321 3322 3323 3324 3325 3326 3327 3328 3329 3330 3331 3332 3333 3334 3335 3336 3337 3338 3339 3340 3341 3342 3343 3344 3345 3346 3347 3348 3349 3350 3351 3352 3353 3354 3355 3356 3357 3358 3359 3360 3361 3362 3363 3364 3365 3366 3367 3368 3369 3370 3371 3372 3373 3374 3375 3376 3377 3378 3379 3380 3381 3382 3383 3384 3385 3386 3387 3388 3389 3390 3391 3392 3393 3394 3395 3396 3397 3398 3399 3400 3401 3402 3403 3404 3405 3406 3407 3408 3409 3410 3411 3412 3413 3414 3415 3416 3417 3418 3419 3420 3421 3422 3423 3424 3425 3426 3427 3428 3429 3430 3431 3432 3433 3434 3435 3436 3437 3438 3439 3440 3441 3442 3443 3444 3445 3446 3447 3448 3449 3450 3451 3452 3453 3454 3455 3456 3457 3458 3459 3460 3461 3462 3463 3464 3465 3466 3467 3468 3469 3470 3471 3472 3473 3474 3475 3476 3477 3478 3479 3480 3481 3482 3483 3484 3485 3486 3487 3488 3489 3490 3491 3492 3493 3494 3495 3496 3497 3498 3499 3500 3501 3502 3503 3504 3505 3506 3507 3508 3509 3510 3511 3512 3513 3514 3515 3516 3517 3518 3519 3520 3521 3522 3523 3524 3525 3526 3527 3528 3529 3530 3531 3532 3533 3534 3535 3536 3537 3538 3539 3540 3541 3542 3543 3544 3545 3546 3547 3548 3549 3550 3551 3552 3553 3554 3555 3556 3557 3558 3559 3560 3561 3562 3563 3564 3565 3566 3567 3568 3569 3570 3571 3572 3573 3574 3575 3576 3577 3578 3579 3580 3581 3582 3583 3584 3585 3586 3587 3588 3589 3590 3591 3592 3593 3594 3595 3596 3597 3598 3599 3600 3601 3602 3603 3604 3605 3606 3607 3608 3609 3610 3611 3612 3613 3614 3615 3616 3617 3618 3619 3620 3621 3622 3623 3624 3625 3626 3627 3628 3629 3630 3631 3632 3633 3634 3635 3636 3637 3638 3639 3640 3641 3642 3643 3644 3645 3646 3647 3648 3649 3650 3651 3652 3653 3654 3655 3656 3657 3658 3659 3660 3661 3662 3663 3664 3665 3666 3667 3668 3669 3670 3671 3672 3673 3674 3675 3676 3677 3678 3679 3680 3681 3682 3683 3684 3685 3686 3687 3688 3689 3690 3691 3692 3693 3694 3695 3696 3697 3698 3699 3700 3701 3702 3703 3704 3705 3706 3707 3708 3709 3710 3711 3712 3713 3714 3715 3716 3717 3718 3719 3720 3721 3722 3723 3724 3725 3726 3727 3728 3729 3730 3731 3732 3733 3734 3735 3736 3737 3738 3739 3740 3741 3742 3743 3744 3745 3746 3747 3748 3749 3750 3751 3752 3753 3754 3755 3756 3757 3758 3759 3760 3761 3762 3763 3764 3765 3766 3767 3768 3769 3770 3771 3772 3773 3774 3775 3776 3777 3778 3779 3780 3781 3782 3783 3784 3785 3786 3787 3788 3789 3790 3791 3792 3793 3794 3795 3796 3797 3798 3799 3800 3801 3802 3803 3804 3805 3806 3807 3808 3809 3810 3811 3812 3813 3814 3815 3816 3817 3818 3819 3820 3821 3822 3823 3824 3825 3826 3827 3828 3829 3830 3831 3832 3833 3834 3835 3836 3837 3838 3839 3840 3841 3842 3843 3844 3845 3846 3847 3848 3849 3850 3851 3852 3853 3854 3855 3856 3857 3858 3859 3860 3861 3862 3863 3864 3865 3866 3867 3868 3869 3870 3871 3872 3873 3874 3875 3876 3877 3878 3879 3880 3881 3882 3883 3884 3885 3886 3887 3888 3889 3890 3891 3892 3893 3894 3895 3896 3897 3898 3899 3900 3901 3902 3903 3904 3905 3906 3907 3908 3909 3910 3911 3912 3913 3914 3915 3916 3917 3918 3919 3920 3921 3922 3923 3924 3925 3926 3927 3928 3929 3930 3931 3932 3933 3934 3935 3936 3937 3938 3939 3940 3941 3942 3943 3944 3945 3946 3947 3948 3949 3950 3951 3952 3953 3954 3955 3956 3957 3958 3959 3960 3961 3962 3963 3964 3965 3966 3967 3968 3969 3970 3971 3972 3973 3974 3975 3976 3977 3978 3979 3980 3981 3982 3983 3984 3985 3986 3987 3988 3989 3990 3991 3992 3993 3994 3995 3996 3997 3998 3999 4000 4001 4002 4003 4004 4005 4006 4007 4008 4009 4010 4011 4012 4013 4014 4015 4016 4017 4018 4019 4020 4021 4022 4023 4024 4025 4026 4027 4028 4029 4030 4031 4032 4033 4034 4035 4036 4037 4038 4039 4040 4041 4042 4043 4044 4045 4046 4047 4048 4049 4050 4051 4052 4053 4054 4055 4056 4057 4058 4059 4060 4061 4062 4063 4064 4065 4066 4067 4068 4069 4070 4071 4072 4073 4074 4075 4076 4077 4078 4079 4080 4081 4082 4083 4084 4085 4086 4087 4088 4089 4090 4091 4092 4093 4094 4095 4096 4097 4098 4099 4100 4101 4102 4103 4104 4105 4106 4107 4108 4109 4110 4111 4112 4113 4114 4115 4116 4117 4118 4119 4120 4121 4122 4123 4124 4125 4126 4127 4128 4129 4130 4131 4132 4133 4134 4135 4136 4137 4138 4139 4140 4141 4142 4143 4144 4145 4146 4147 4148 4149 4150 4151 4152 4153 4154 4155 4156 4157 4158 4159 4160 4161 4162 4163 4164 4165 4166 4167 4168 4169 4170 4171 4172 4173 4174 4175 4176 4177 4178 4179 4180 4181 4182 4183 4184 4185 4186 4187 4188 4189 4190 4191 4192 4193 4194 4195 4196 4197 4198 4199 4200 4201 4202 4203 4204 4205 4206 4207 4208 4209 4210 4211 4212 4213 4214 4215 4216 4217 4218 4219 4220 4221 4222 4223 4224 4225 4226 4227 4228 4229 4230 4231 4232 4233 4234 4235 4236 4237 4238 4239 4240 4241 4242 4243 4244 4245 4246 4247 4248 4249 4250 4251 4252 4253 4254 4255 4256 4257 4258 4259 4260 4261 4262 4263 4264 4265 4266 4267 4268 4269 4270 4271 4272 4273 4274 4275 4276 4277 4278 4279 4280 4281 4282 4283 4284 4285 4286 4287 4288 4289 4290 4291 4292 4293 4294 4295 4296 4297 4298 4299 4300 4301 4302 4303 4304 4305 4306 4307 4308 4309 4310 4311 4312 4313 4314 4315 4316 4317 4318 4319 4320 4321 4322 4323 4324 4325 4326 4327 4328 4329 4330 4331 4332 4333 4334 4335 4336 4337 4338 4339 4340 4341 4342 4343 4344 4345 4346 4347 4348 4349 4350 4351 4352 4353 4354 4355 4356 4357 4358 4359 4360 4361 4362 4363 4364 4365 4366 4367 4368 4369 4370 4371 4372 4373 4374 4375 4376 4377 4378 4379 4380 4381 4382 4383 4384 4385 4386 4387 4388 4389 4390 4391 4392 4393 4394 4395 4396 4397 4398 4399 4400 4401 4402 4403 4404 4405 4406 4407 4408 4409 4410 4411 4412 4413 4414 4415 4416 4417 4418 4419 4420 4421 4422 4423 4424 4425 4426 4427 4428 4429 4430 4431 4432 4433 4434 4435 4436 4437 4438 4439 4440 4441 4442 4443 4444 4445 4446 4447 4448 4449 4450 4451 4452 4453 4454 4455 4456 4457 4458 4459 4460 4461 4462 4463 4464 4465 4466 4467 4468 4469 4470 4471 4472 4473 4474 4475 4476 4477 4478 4479 4480 4481 4482 4483 4484 4485 4486 4487 4488 4489 4490 4491 4492 4493 4494 4495 4496 4497 4498 4499 4500 4501 4502 4503 4504 4505 4506 4507 4508 4509 4510 4511 4512 4513 4514 4515 4516 4517 4518 4519 4520 4521 4522 4523 4524 4525 4526 4527 4528 4529 4530 4531 4532 4533 4534 4535 4536 4537 4538 4539 4540 4541 4542 4543 4544 4545 4546 4547 4548 4549 4550 4551 4552 4553 4554 4555 4556 4557 4558 4559 4560 4561 4562 4563 4564 4565 4566 4567 4568 4569 4570 4571 4572 4573 4574 4575 4576 4577 4578 4579 4580 4581 4582 4583 4584 4585 4586 4587 4588 4589 4590 4591 4592 4593 4594 4595 4596 4597 4598 4599 4600 4601 4602 4603 4604 4605 4606 4607 4608 4609 4610 4611 4612 4613 4614 4615 4616 4617 4618 4619 4620 4621 4622 4623 4624 4625 4626 4627 4628 4629 4630 4631 4632 4633 4634 4635 4636 4637 4638 4639 4640 4641 4642 4643 4644 4645 4646 4647 4648 4649 4650 4651 4652 4653 4654 4655 4656 4657 4658 4659 4660 4661 4662 4663 4664 4665 4666 4667 4668 4669 4670 4671 4672 4673 4674 4675 4676 4677 4678 4679 4680 4681 4682 4683 4684 4685 4686 4687 4688 4689 4690 4691 4692 4693 4694 4695 4696 4697 4698 4699 4700 4701 4702 4703 4704 4705 4706 4707 4708 4709 4710 4711 4712 4713 4714 4715 4716 4717 4718 4719 4720 4721 4722 4723 4724 4725 4726 4727 4728 4729 4730 4731 4732 4733 4734 4735 4736 4737 4738 4739 4740 4741 4742 4743 4744 4745 4746 4747 4748 4749 4750 4751 4752 4753 4754 4755 4756 4757 4758 4759 4760 4761 4762 4763 4764 4765 4766 4767 4768 4769 4770 4771 4772 4773 4774 4775 4776 4777 4778 4779 4780 4781 4782 4783 4784 4785 4786 4787 4788 4789 4790 4791 4792 4793 4794 4795 4796 4797 4798 4799 4800 4801 4802 4803 4804 4805 4806 4807 4808 4809 4810 4811 4812 4813 4814 4815 4816 4817 4818 4819 4820 4821 4822 4823 4824 4825 4826 4827 4828 4829 4830 4831 4832 4833 4834 4835 4836 4837 4838 4839 4840 4841 4842 4843 4844 4845 4846 4847 4848 4849 4850 4851 4852 4853 4854 4855 4856 4857 4858 4859 4860 4861 4862 4863 4864 4865 4866 4867 4868 4869 4870 4871 4872 4873 4874 4875 4876 4877 4878 4879 4880 4881 4882 4883 4884 4885 4886 4887 4888 4889 4890 4891 4892 4893 4894 4895 4896 4897 4898 4899 4900 4901 4902 4903 4904 4905 4906 4907 4908 4909 4910 4911 4912 4913 4914 4915 4916 4917 4918 4919 4920 4921 4922 4923 4924 4925 4926 4927 4928 4929 4930 4931 4932 4933 4934 4935 4936 4937 4938 4939 4940 4941 4942 4943 4944 4945 4946 4947 4948 4949 4950 4951 4952 4953 4954 4955 4956 4957 4958 4959 4960 4961 4962 4963 4964 4965 4966 4967 4968 4969 4970 4971 4972 4973 4974 4975 4976 4977 4978 4979 4980 4981 4982 4983 4984 4985 4986 4987 4988 4989 4990 4991 4992 4993 4994 4995 4996 4997 4998 4999 5000 5001 5002 5003 5004 5005 5006 5007 5008 5009 5010 5011 5012 5013 5014 5015 5016 5017 5018 5019 5020 5021 5022 5023 5024 5025 5026 5027 5028 5029 5030 5031 5032 5033 5034 5035 5036 5037 5038 5039 5040 5041 5042 5043 5044 5045 5046 5047 5048 5049 5050 5051 5052 5053 5054 5055 5056 5057 5058 5059 5060 5061 5062 5063 5064 5065 5066 5067 5068 5069 5070 5071 5072 5073 5074 5075 5076 5077 5078 5079 5080 5081 5082 5083 5084 5085 5086 5087 5088 5089 5090 5091 5092 5093 5094 5095 5096 5097 5098 5099 5100 5101 5102 5103 5104 5105 5106 5107 5108 5109 5110 5111 5112 5113 5114 5115 5116 5117 5118 5119 5120 5121 5122 5123 5124 5125 5126 5127 5128 5129 5130 5131 5132 5133 5134 5135 5136 5137 5138 5139 5140 5141 5142 5143 5144 5145 5146 5147 5148 5149 5150 5151 5152 5153 5154 5155 5156 5157 5158 5159 5160 5161 5162 5163 5164 5165 5166 5167 5168 5169 5170 5171 5172 5173 5174 5175 5176 5177 5178 5179 5180 5181 5182 5183 5184 5185 5186 5187 5188 5189 5190 5191 5192 5193 5194 5195 5196 5197 5198 5199 5200 5201 5202 5203 5204 5205 5206 5207 5208 5209 5210 5211 5212 5213 5214 5215 5216 5217 5218 5219 5220 5221 5222 5223 5224 5225 5226 5227 5228 5229 5230 5231 5232 5233 5234 5235 5236 5237 5238 5239 5240 5241 5242 5243 5244 5245 5246 5247 5248 5249 5250 5251 5252 5253 5254 5255 5256 5257 5258 5259 5260 5261 5262 5263 5264 5265 5266 5267 5268 5269 5270 5271 5272 5273 5274 5275 5276 5277 5278 5279 5280 5281 5282 5283 5284 5285 5286 5287 5288 5289 5290 5291 5292 5293 5294 5295 5296 5297 5298 5299 5300 5301 5302 5303 5304 5305 5306 5307 5308 5309 5310 5311 5312 5313 5314 5315 5316 5317 5318 5319 5320 5321 5322 5323 5324 5325 5326 5327 5328 5329 5330 5331 5332 5333 5334 5335 5336 5337 5338 5339 5340 5341 5342 5343 5344 5345 5346 5347 5348 5349 5350 5351 5352 5353 5354 5355 5356 5357 5358 5359 5360 5361 5362 5363 5364 5365 5366 5367 5368 5369 5370 5371 5372 5373 5374 5375 5376 5377 5378 5379 5380 5381 5382 5383 5384 5385 5386 5387 5388 5389 5390 5391 5392 5393 5394 5395 5396 5397 5398 5399 5400 5401 5402 5403 5404 5405 5406 5407 5408 5409 5410 5411 5412 5413 5414 5415 5416 5417 5418 5419 5420 5421 5422 5423 5424 5425 5426 5427 5428 5429 5430 5431 5432 5433 5434 5435 5436 5437 5438 5439 5440 5441 5442 5443 5444 5445 5446 5447 5448 5449 5450 5451 5452 5453 5454 5455 5456 5457 5458 5459 5460 5461 5462 5463 5464 5465 5466 5467 5468 5469 5470 5471 5472 5473 5474 5475 5476 5477 5478 5479 5480 5481 5482 5483 5484 5485 5486 5487 5488 5489 5490 5491 5492 5493 5494 5495 5496 5497 5498 5499 5500 5501 5502 5503 5504 5505 5506 5507 5508 5509 5510 5511 5512 5513 5514 5515 5516 5517 5518 5519 5520 5521 5522 5523 5524 5525 5526 5527 5528 5529 5530 5531 5532 5533 5534 5535 5536 5537 5538 5539 5540 5541 5542 5543 5544 5545 5546 5547 5548 5549 5550 5551 5552 5553 5554 5555 5556 5557 5558 5559 5560 5561 5562 5563 5564 5565 5566 5567 5568 5569 5570 5571 5572 5573 5574 5575 5576 5577 5578 5579 5580 5581 5582 5583 5584 5585 5586 5587 5588 5589 5590 5591 5592 5593 5594 5595 5596 5597 5598 5599 5600 5601 5602 5603 5604 5605 5606 5607 5608 5609 5610 5611 5612 5613 5614 5615 5616 5617 5618 5619 5620 5621 5622 5623 5624 5625 5626 5627 5628 5629 5630 5631 5632 5633 5634 5635 5636 5637 5638 5639 5640 5641 5642 5643 5644 5645 5646 5647 5648 5649 5650 5651 5652 5653 5654 5655 5656 5657 5658 5659 5660 5661 5662 5663 5664 5665 5666 5667 5668 5669 5670 5671 5672 5673 5674 5675 5676 5677 5678 5679 5680 5681 5682 5683 5684 5685 5686 5687 5688 5689 5690 5691 5692 5693 5694 5695 5696 5697 5698 5699 5700 5701 5702 5703 5704 5705 5706 5707 5708 5709 5710 5711 5712 5713 5714 5715 5716 5717 5718 5719 5720 5721 5722 5723 5724 5725 5726 5727 5728 5729 5730 5731 5732 5733 5734 5735 5736 5737 5738 5739 5740 5741 5742 5743 5744 5745 5746 5747 5748 5749 5750 5751 5752 5753 5754 5755 5756 5757 5758 5759 5760 5761 5762 5763 5764 5765 5766 5767 5768 5769 5770 5771 5772 5773 5774 5775 5776 5777 5778 5779 5780 5781 5782 5783 5784 5785 5786 5787 5788 5789 5790 5791 5792 5793 5794 5795 5796 5797 5798 5799 5800 5801 5802 5803 5804 5805 5806 5807 5808 5809 5810 5811 5812 5813 5814 5815 5816 5817 5818 5819 5820 5821 5822 5823 5824 5825 5826 5827 5828 5829 5830 5831 5832 5833 5834 5835 5836 5837 5838 5839 5840 5841 5842 5843 5844 5845 5846 5847 5848 5849 5850 5851 5852 5853 5854 5855 5856 5857 5858 5859 5860 5861 5862 5863 5864 5865 5866 5867 5868 5869 5870 5871 5872 5873 5874 5875 5876 5877 5878 5879 5880 5881 5882 5883 5884 5885 5886 5887 5888 5889 5890 5891 5892 5893 5894 5895 5896 5897 5898 5899 5900 5901 5902 5903 5904 5905 5906 5907 5908 5909 5910 5911 5912 5913 5914 5915 5916 5917 5918 5919 5920 5921 5922 5923 5924 5925 5926 5927 5928 5929 5930 5931 5932 5933 5934 5935 5936 5937 5938 5939 5940 5941 5942 5943 5944 5945 5946 5947 5948 5949 5950 5951 5952 5953 5954 5955 5956 5957 5958 5959 5960 5961 5962 5963 5964 5965 5966 5967 5968 5969 5970 5971 5972 5973 5974 5975 5976 5977 5978 5979 5980 5981 5982 5983 5984 5985 5986 5987 5988 5989 5990 5991 5992 5993 5994 5995 5996 5997 5998 5999 6000 6001 6002 6003 6004 6005 6006 6007 6008 6009 6010 6011 6012 6013 6014 6015 6016 6017 6018 6019 6020 6021 6022 6023 6024 6025 6026 6027 6028 6029 6030 6031 6032 6033 6034 6035 6036 6037 6038 6039 6040 6041 6042 6043 6044 6045 6046 6047 6048 6049 6050 6051 6052 6053 6054 6055 6056 6057 6058 6059 6060 6061 6062 6063 6064 6065 6066 6067 6068 6069 6070 6071 6072 6073 6074 6075 6076 6077 6078 6079 6080 6081 6082 6083 6084 6085 6086 6087 6088 6089 6090 6091 6092 6093 6094 6095 6096 6097 6098 6099 6100 6101 6102 6103 6104 6105 6106 6107 6108 6109 6110 6111 6112 6113 6114 6115 6116 6117 6118 6119 6120 6121 6122 6123 6124 6125 6126 6127 6128 6129 6130 6131 6132 6133 6134 6135 6136 6137 6138 6139 6140 6141 6142 6143 6144 6145 6146 6147 6148 6149 6150 6151 6152 6153 6154 6155 6156 6157 6158 6159 6160 6161 6162 6163 6164 6165 6166 6167 6168 6169 6170 6171 6172 6173 6174 6175 6176 6177 6178 6179 6180 6181 6182 6183 6184 6185 6186 6187 6188 6189 6190 6191 6192 6193 6194 6195 6196 6197 6198 6199 6200 6201 6202 6203 6204 6205 6206 6207 6208 6209 6210 6211 6212 6213 6214 6215 6216 6217 6218 6219 6220 6221 6222 6223 6224 6225 6226 6227 6228 6229 6230 6231 6232 6233 6234 6235 6236 6237 6238 6239 6240 6241 6242 6243 6244 6245 6246 6247 6248 6249 6250 6251 6252 6253 6254 6255 6256 6257 6258 6259 6260 6261 6262 6263 6264 6265 6266 6267 6268 6269 6270 6271 6272 6273 6274 6275 6276 6277 6278 6279 6280 6281 6282 6283 6284 6285 6286 6287 6288 6289 6290 6291 6292 6293 6294 6295 6296 6297 6298 6299 6300 6301 6302 6303 6304 6305 6306 6307 6308 6309 6310 6311 6312 6313 6314 6315 6316 6317 6318 6319 6320 6321 6322 6323 6324 6325 6326 6327 6328 6329 6330 6331 6332 6333 6334 6335 6336 6337 6338 6339 6340 6341 6342 6343 6344 6345 6346 6347 6348 6349 6350 6351 6352 6353 6354 6355 6356 6357 6358 6359 6360 6361 6362 6363 6364 6365 6366 6367 6368 6369 6370 6371 6372 6373 6374 6375 6376 6377 6378 6379 6380 6381 6382 6383 6384 6385 6386 6387 6388 6389 6390 6391 6392 6393 6394 6395 6396 6397 6398 6399 6400 6401 6402 6403 6404 6405 6406 6407 6408 6409 6410 6411 6412 6413 6414 6415 6416 6417 6418 6419 6420 6421 6422 6423 6424 6425 6426 6427 6428 6429 6430 6431 6432 6433 6434 6435 6436 6437 6438 6439 6440 6441 6442 6443 6444 6445 6446 6447 6448 6449 6450 6451 6452 6453 6454 6455 6456 6457 6458 6459 6460 6461 6462 6463 6464 6465 6466 6467 6468 6469 6470 6471 6472 6473 6474 6475 6476 6477 6478 6479 6480 6481 6482 6483 6484 6485 6486 6487 6488 6489 6490 6491 6492 6493 6494 6495 6496 6497 6498 6499 6500 6501 6502 6503 6504 6505 6506 6507 6508 6509 6510 6511 6512 6513 6514 6515 6516 6517 6518 6519 6520 6521 6522 6523 6524 6525 6526 6527 6528 6529 6530 6531 6532 6533 6534 6535 6536 6537 6538 6539 6540 6541 6542 6543 6544 6545 6546 6547 6548 6549 6550 6551 6552 6553 6554 6555 6556 6557 6558 6559 6560 6561 6562 6563 6564 6565 6566 6567 6568 6569 6570 6571 6572 6573 6574 6575 6576 6577 6578 6579 6580 6581 6582 6583 6584 6585 6586 6587 6588 6589 6590 6591 6592 6593 6594 6595 6596 6597 6598 6599 6600 6601 6602 6603 6604 6605 6606 6607 6608 6609 6610 6611 6612 6613 6614 6615 6616 6617 6618 6619 6620 6621 6622 6623 6624 6625 6626 6627 6628 6629 6630 6631 6632 6633 6634 6635 6636 6637 6638 6639 6640 6641 6642 6643 6644 6645 6646 6647 6648 6649 6650 6651 6652 6653 6654 6655 6656 6657 6658 6659 6660 6661 6662 6663 6664 6665 6666 6667 6668 6669 6670 6671 6672 6673 6674 6675 6676 6677 6678 6679 6680 6681 6682 6683 6684 6685 6686 6687 6688 6689 6690 6691 6692 6693 6694 6695 6696 6697 6698 6699 6700 6701 6702 6703 6704 6705 6706 6707 6708 6709 6710 6711 6712 6713 6714 6715 6716 6717 6718 6719 6720 6721 6722 6723 6724 6725 6726 6727 6728 6729 6730 6731 6732 6733 6734 6735 6736 6737 6738 6739 6740 6741 6742 6743 6744 6745 6746 6747 6748 6749 6750 6751 6752 6753 6754 6755 6756 6757 6758 6759 6760 6761 6762 6763 6764 6765 6766 6767 6768 6769 6770 6771 6772 6773 6774 6775 6776 6777 6778 6779 6780 6781 6782 6783 6784 6785 6786 6787 6788 6789 6790 6791 6792 6793 6794 6795 6796 6797 6798 6799 6800 6801 6802 6803 6804 6805 6806 6807 6808 6809 6810 6811 6812 6813 6814 6815 6816 6817 6818 6819 6820 6821 6822 6823 6824 6825 6826 6827 6828 6829 6830 6831 6832 6833 6834 6835 6836 6837 6838 6839 6840 6841 6842 6843 6844 6845 6846 6847 6848 6849 6850 6851 6852 6853 6854 6855 6856 6857 6858 6859 6860 6861 6862 6863 6864 6865 6866 6867 6868 6869 6870 6871 6872 6873 6874 6875 6876 6877 6878 6879 6880 6881 6882 6883 6884 6885 6886 6887 6888 6889 6890 6891 6892 6893 6894 6895 6896 6897 6898 6899 6900 6901 6902 6903 6904 6905 6906 6907 6908 6909 6910 6911 6912 6913 6914 6915 6916 6917 6918 6919 6920 6921 6922 6923 6924 6925 6926 6927 6928 6929 6930 6931 6932 6933 6934 6935 6936 6937 6938 6939 6940 6941 6942 6943 6944 6945 6946 6947 6948 6949 6950 6951 6952 6953 6954 6955 6956 6957 6958 6959 6960 6961 6962 6963 6964 6965 6966 6967 6968 6969 6970 6971 6972 6973 6974 6975 6976 6977 6978 6979 6980 6981 6982 6983 6984 6985 6986 6987 6988 6989 6990 6991 6992 6993 6994 6995 6996 6997 6998 6999 7000 7001 7002 7003 7004 7005 7006 7007 7008 7009 7010 7011 7012 7013 7014 7015 7016 7017 7018 7019 7020 7021 7022 7023 7024 7025 7026 7027 7028 7029 7030 7031 7032 7033 7034 7035 7036 7037 7038 7039 7040 7041 7042 7043 7044 7045 7046 7047 7048 7049 7050 7051 7052 7053 7054 7055 7056 7057 7058 7059 7060 7061 7062 7063 7064 7065 7066 7067 7068 7069 7070 7071 7072 7073 7074 7075 7076 7077 7078 7079 7080 7081 7082 7083 7084 7085 7086 7087 7088 7089 7090 7091 7092 7093 7094 7095 7096 7097 7098 7099 7100 7101 7102 7103 7104 7105 7106 7107 7108 7109 7110 7111 7112 7113 7114 7115 7116 7117 7118 7119 7120 7121 7122 7123 7124 7125 7126 7127 7128 7129 7130 7131 7132 7133 7134 7135 7136 7137 7138 7139 7140 7141 7142 7143 7144 7145 7146 7147 7148 7149 7150 7151 7152 7153 7154 7155 7156 7157 7158 7159 7160 7161 7162 7163 7164 7165 7166 7167 7168 7169 7170 7171 7172 7173 7174 7175 7176 7177 7178 7179 7180 7181 7182 7183 7184 7185 7186 7187 7188 7189 7190 7191 7192 7193 7194 7195 7196 7197 7198 7199 7200 7201 7202 7203 7204 7205 7206 7207 7208 7209 7210 7211 7212 7213 7214 7215 7216 7217 7218 7219 7220 7221 7222 7223 7224 7225 7226 7227 7228 7229 7230 7231 7232 7233 7234 7235 7236 7237 7238 7239 7240 7241 7242 7243 7244 7245 7246 7247 7248 7249 7250 7251 7252 7253 7254 7255 7256 7257 7258 7259 7260 7261 7262 7263 7264 7265 7266 7267 7268 7269 7270 7271 7272 7273 7274 7275 7276 7277 7278 7279 7280 7281 7282 7283 7284 7285 7286 7287 7288 7289 7290 7291 7292 7293 7294 7295 7296 7297 7298 7299 7300 7301 7302 7303 7304 7305 7306 7307 7308 7309 7310 7311 7312 7313 7314 7315 7316 7317 7318 7319 7320 7321 7322 7323 7324 7325 7326 7327 7328 7329 7330 7331 7332 7333 7334 7335 7336 7337 7338 7339 7340 7341 7342 7343 7344 7345 7346 7347 7348 7349 7350 7351 7352 7353 7354 7355 7356 7357 7358 7359 7360 7361 7362 7363 7364 7365 7366 7367 7368 7369 7370 7371 7372 7373 7374 7375 7376 7377 7378 7379 7380 7381 7382 7383 7384 7385 7386 7387 7388 7389 7390 7391 7392 7393 7394 7395 7396 7397 7398 7399 7400 7401 7402 7403 7404 7405 7406 7407 7408 7409 7410 7411 7412 7413 7414 7415 7416 7417 7418 7419 7420 7421 7422 7423 7424 7425 7426 7427 7428 7429 7430 7431 7432 7433 7434 7435 7436 7437 7438 7439 7440 7441 7442 7443 7444 7445 7446 7447 7448 7449 7450 7451 7452 7453 7454 7455 7456 7457 7458 7459 7460 7461 7462 7463 7464 7465 7466 7467 7468 7469 7470 7471 7472 7473 7474 7475 7476 7477 7478 7479 7480 7481 7482 7483 7484 7485 7486 7487 7488 7489 7490 7491 7492 7493 7494 7495 7496 7497 7498 7499 7500 7501 7502 7503 7504 7505 7506 7507 7508 7509 7510 7511 7512 7513 7514 7515 7516 7517 7518 7519 7520 7521 7522 7523 7524 7525 7526 7527 7528 7529 7530 7531 7532 7533 7534 7535 7536 7537 7538 7539 7540 7541 7542 7543 7544 7545 7546 7547 7548 7549 7550 7551 7552 7553 7554 7555 7556 7557 7558 7559 7560 7561 7562 7563 7564 7565 7566 7567 7568 7569 7570 7571 7572 7573 7574 7575 7576 7577 7578 7579 7580 7581 7582 7583 7584 7585 7586 7587 7588 7589 7590 7591 7592 7593 7594 7595 7596 7597 7598 7599 7600 7601 7602 7603 7604 7605 7606 7607 7608 7609 7610 7611 7612 7613 7614 7615 7616 7617 7618 7619 7620 7621 7622 7623 7624 7625 7626 7627 7628 7629 7630 7631 7632 7633 7634 7635 7636 7637 7638 7639 7640 7641 7642 7643 7644 7645 7646 7647 7648 7649 7650 7651 7652 7653 7654 7655 7656 7657 7658 7659 7660 7661 7662 7663 7664 7665 7666 7667 7668 7669 7670 7671 7672 7673 7674 7675 7676 7677 7678 7679 7680 7681 7682 7683 7684 7685 7686 7687 7688 7689 7690 7691 7692 7693 7694 7695 7696 7697 7698 7699 7700 7701 7702 7703 7704 7705 7706 7707 7708 7709 7710 7711 7712 7713 7714 7715 7716 7717 7718 7719 7720 7721 7722 7723 7724 7725 7726 7727 7728 7729 7730 7731 7732 7733 7734 7735 7736 7737 7738 7739 7740 7741 7742 7743 7744 7745 7746 7747 7748 7749 7750 7751 7752 7753 7754 7755 7756 7757 7758 7759 7760 7761 7762 7763 7764 7765 7766 7767 7768 7769 7770 7771 7772 7773 7774 7775 7776 7777 7778 7779 7780 7781 7782 7783 7784 7785 7786 7787 7788 7789 7790 7791 7792 7793 7794 7795 7796 7797 7798 7799 7800 7801 7802 7803 7804 7805 7806 7807 7808 7809 7810 7811 7812 7813 7814 7815 7816 7817 7818 7819 7820 7821 7822 7823 7824 7825 7826 7827 7828 7829 7830 7831 7832 7833 7834 7835 7836 7837 7838 7839 7840 7841 7842 7843 7844 7845 7846 7847 7848 7849 7850 7851 7852 7853 7854 7855 7856 7857 7858 7859 7860 7861 7862 7863 7864 7865 7866 7867 7868 7869 7870 7871 7872 7873 7874 7875 7876 7877 7878 7879 7880 7881 7882 7883 7884 7885 7886 7887 7888 7889 7890 7891 7892 7893 7894 7895 7896 7897 7898 7899 7900 7901 7902 7903 7904 7905 7906 7907 7908 7909 7910 7911 7912 7913 7914 7915 7916 7917 7918 7919 7920 7921 7922 7923 7924 7925 7926 7927 7928 7929 7930 7931 7932 7933 7934 7935 7936 7937 7938 7939 7940 7941 7942 7943 7944 7945 7946 7947 7948 7949 7950 7951 7952 7953 7954 7955 7956 7957 7958 7959 7960 7961 7962 7963 7964 7965 7966 7967 7968 7969 7970 7971 7972 7973 7974 7975 7976 7977 7978 7979 7980 7981 7982 7983 7984 7985 7986 7987 7988 7989 7990 7991 7992 7993 7994 7995 7996 7997 7998 7999 8000 8001 8002 8003 8004 8005 8006 8007 8008 8009 8010 8011 8012 8013 8014 8015 8016 8017 8018 8019 8020 8021 8022 8023 8024 8025 8026 8027 8028 8029 8030 8031 8032 8033 8034 8035 8036 8037 8038 8039 8040 8041 8042 8043 8044 8045 8046 8047 8048 8049 8050 8051 8052 8053 8054 8055 8056 8057 8058 8059 8060 8061 8062 8063 8064 8065 8066 8067 8068 8069 8070 8071 8072 8073 8074 8075 8076 8077 8078 8079 8080 8081 8082 8083 8084 8085 8086 8087 8088 8089 8090 8091 8092 8093 8094 8095 8096 8097 8098 8099 8100 8101 8102 8103 8104 8105 8106 8107 8108 8109 8110 8111 8112 8113 8114 8115 8116 8117 8118 8119 8120 8121 8122 8123 8124 8125 8126 8127 8128 8129 8130 8131 8132 8133 8134 8135 8136 8137 8138 8139 8140 8141 8142 8143 8144 8145 8146 8147 8148 8149 8150 8151 8152 8153 8154 8155 8156 8157 8158 8159 8160 8161 8162 8163 8164 8165 8166 8167 8168 8169 8170 8171 8172 8173 8174 8175 8176 8177 8178 8179 8180 8181 8182 8183 8184 8185 8186 8187 8188 8189 8190 8191 8192 8193 8194 8195 8196 8197 8198 8199 8200 8201 8202 8203 8204 8205 8206 8207 8208 8209 8210 8211 8212 8213 8214 8215 8216 8217 8218 8219 8220 8221 8222 8223 8224 8225 8226 8227 8228 8229 8230 8231 8232 8233 8234 8235 8236 8237 8238 8239 8240 8241 8242 8243 8244 8245 8246 8247 8248 8249 8250 8251 8252 8253 8254 8255 8256 8257 8258 8259 8260 8261 8262 8263 8264 8265 8266 8267 8268 8269 8270 8271 8272 8273 8274 8275 8276 8277 8278 8279 8280 8281 8282 8283 8284 8285 8286 8287 8288 8289 8290 8291 8292 8293 8294 8295 8296 8297 8298 8299 8300 8301 8302 8303 8304 8305 8306 8307 8308 8309 8310 8311 8312 8313 8314 8315 8316 8317 8318 8319 8320 8321 8322 8323 8324 8325 8326 8327 8328 8329 8330 8331 8332 8333 8334 8335 8336 8337 8338 8339 8340 8341 8342 8343 8344 8345 8346 8347 8348 8349 8350 8351 8352 8353 8354 8355 8356 8357 8358 8359 8360 8361 8362 8363 8364 8365 8366 8367 8368 8369 8370 8371 8372 8373 8374 8375 8376 8377 8378 8379 8380 8381 8382 8383 8384 8385 8386 8387 8388 8389 8390 8391 8392 8393 8394 8395 8396 8397 8398 8399 8400 8401 8402 8403 8404 8405 8406 8407 8408 8409 8410 8411 8412 8413 8414 8415 8416 8417 8418 8419 8420 8421 8422 8423 8424 8425 8426 8427 8428 8429 8430 8431 8432 8433 8434 8435 8436 8437 8438 8439 8440 8441 8442 8443 8444 8445 8446 8447 8448 8449 8450 8451 8452 8453 8454 8455 8456 8457 8458 8459 8460 8461 8462 8463 8464 8465 8466 8467 8468 8469 8470 8471 8472 8473 8474 8475 8476 8477 8478 8479 8480 8481 8482 8483 8484 8485 8486 8487 8488 8489 8490 8491 8492 8493 8494 8495 8496 8497 8498 8499 8500 8501 8502 8503 8504 8505 8506 8507 8508 8509 8510 8511 8512 8513 8514 8515 8516 8517 8518 8519 8520 8521 8522 8523 8524 8525 8526 8527 8528 8529 8530 8531 8532 8533 8534 8535 8536 8537 8538 8539 8540 8541 8542 8543 8544 8545 8546 8547 8548 8549 8550 8551 8552 8553 8554 8555 8556 8557 8558 8559 8560 8561 8562 8563 8564 8565 8566 8567 8568 8569 8570 8571 8572 8573 8574 8575 8576 8577 8578 8579 8580 8581 8582 8583 8584 8585 8586 8587 8588 8589 8590 8591 8592 8593 8594 8595 8596 8597 8598 8599 8600 8601 8602 8603 8604 8605 8606 8607 8608 8609 8610 8611 8612 8613 8614 8615 8616 8617 8618 8619 8620 8621 8622 8623 8624 8625 8626 8627 8628 8629 8630 8631 8632 8633 8634 8635 8636 8637 8638 8639 8640 8641 8642 8643 8644 8645 8646 8647 8648 8649 8650 8651 8652 8653 8654 8655 8656 8657 8658 8659 8660 8661 8662 8663 8664 8665 8666 8667 8668 8669 8670 8671 8672 8673 8674 8675 8676 8677 8678 8679 8680 8681 8682 8683 8684 8685 8686 8687 8688 8689 8690 8691 8692 8693 8694 8695 8696 8697 8698 8699 8700 8701 8702 8703 8704 8705 8706 8707 8708 8709 8710 8711 8712 8713 8714 8715 8716 8717 8718 8719 8720 8721 8722 8723 8724 8725 8726 8727 8728 8729 8730 8731 8732 8733 8734 8735 8736 8737 8738 8739 8740 8741 8742 8743 8744 8745 8746 8747 8748 8749 8750 8751 8752 8753 8754 8755 8756 8757 8758 8759 8760 8761 8762 8763 8764 8765 8766 8767 8768 8769 8770 8771 8772 8773 8774 8775 8776 8777 8778 8779 8780 8781 8782 8783 8784 8785 8786 8787 8788 8789 8790 8791 8792 8793 8794 8795 8796 8797 8798 8799 8800 8801 8802 8803 8804 8805 8806 8807 8808 8809 8810 8811 8812 8813 8814 8815 8816 8817 8818 8819 8820 8821 8822 8823 8824 8825 8826 8827 8828 8829 8830 8831 8832 8833 8834 8835 8836 8837 8838 8839 8840 8841 8842 8843 8844 8845 8846 8847 8848 8849 8850 8851 8852 8853 8854 8855 8856 8857 8858 8859 8860 8861 8862 8863 8864 8865 8866 8867 8868 8869 8870 8871 8872 8873 8874 8875 8876 8877 8878 8879 8880 8881 8882 8883 8884 8885 8886 8887 8888 8889 8890 8891 8892 8893 8894 8895 8896 8897 8898 8899 8900 8901 8902 8903 8904 8905 8906 8907 8908 8909 8910 8911 8912 8913 8914 8915 8916 8917 8918 8919 8920 8921 8922 8923 8924 8925 8926 8927 8928 8929 8930 8931 8932 8933 8934 8935 8936 8937 8938 8939 8940 8941 8942 8943 8944 8945 8946 8947 8948 8949 8950 8951 8952 8953 8954 8955 8956 8957 8958 8959 8960 8961 8962 8963 8964 8965 8966 8967 8968 8969 8970 8971 8972 8973 8974 8975 8976 8977 8978 8979 8980 8981 8982 8983 8984 8985 8986 8987 8988 8989 8990 8991 8992 8993 8994 8995 8996 8997 8998 8999 9000 9001 9002 9003 9004 9005 9006 9007 9008 9009 9010 9011 9012 9013 9014 9015 9016 9017 9018 9019 9020 9021 9022 9023 9024 9025 9026 9027 9028 9029 9030 9031 9032 9033 9034 9035 9036 9037 9038 9039 9040 9041 9042 9043 9044 9045 9046 9047 9048 9049 9050 9051 9052 9053 9054 9055 9056 9057 9058 9059 9060 9061 9062 9063 9064 9065 9066 9067 9068 9069 9070 9071 9072 9073 9074 9075 9076 9077 9078 9079 9080 9081 9082 9083 9084 9085 9086 9087 9088 9089 9090 9091 9092 9093 9094 9095 9096 9097 9098 9099 9100 9101 9102 9103 9104 9105 9106 9107 9108 9109 9110 9111 9112 9113 9114 9115 9116 9117 9118 9119 9120 9121 9122 9123 9124 9125 9126 9127 9128 9129 9130 9131 9132 9133 9134 9135 9136 9137 9138 9139 9140 9141 9142 9143 9144 9145 9146 9147 9148 9149 9150 9151 9152 9153 9154 9155 9156 9157 9158 9159 9160 9161 9162 9163 9164 9165 9166 9167 9168 9169 9170 9171 9172 9173 9174 9175 9176 9177 9178 9179 9180 9181 9182 9183 9184 9185 9186 9187 9188 9189 9190 9191 9192 9193 9194 9195 9196 9197 9198 9199 9200 9201 9202 9203 9204 9205 9206 9207 9208 9209 9210 9211 9212 9213 9214 9215 9216 9217 9218 9219 9220 9221 9222 9223 9224 9225 9226 9227 9228 9229 9230 9231 9232 9233 9234 9235 9236 9237 9238 9239 9240 9241 9242 9243 9244 9245 9246 9247 9248 9249 9250 9251 9252 9253 9254 9255 9256 9257 9258 9259 9260 9261 9262 9263 9264 9265 9266 9267 9268 9269 9270 9271 9272 9273 9274 9275 9276 9277 9278 9279 9280 9281 9282 9283 9284 9285 9286 9287 9288 9289 9290 9291 9292 9293 9294 9295 9296 9297 9298 9299 9300 9301 9302 9303 9304 9305 9306 9307 9308 9309 9310 9311 9312 9313 9314 9315 9316 9317 9318 9319 9320 9321 9322 9323 9324 9325 9326 9327 9328 9329 9330 9331 9332 9333 9334 9335 9336 9337 9338 9339 9340 9341 9342 9343 9344 9345 9346 9347 9348 9349 9350 9351 9352 9353 9354 9355 9356 9357 9358 9359 9360 9361 9362 9363 9364 9365 9366 9367 9368 9369 9370 9371 9372 9373 9374 9375 9376 9377 9378 9379 9380 9381 9382 9383 9384 9385 9386 9387 9388 9389 9390 9391 9392 9393 9394 9395 9396 9397 9398 9399 9400 9401 9402 9403 9404 9405 9406 9407 9408 9409 9410 9411 9412 9413 9414 9415 9416 9417 9418 9419 9420 9421 9422 9423 9424 9425 9426 9427 9428 9429 9430 9431 9432 9433 9434 9435 9436 9437 9438 9439 9440 9441 9442 9443 9444 9445 9446 9447 9448 9449 9450 9451 9452 9453 9454 9455 9456 9457 9458 9459 9460 9461 9462 9463 9464 9465 9466 9467 9468 9469 9470 9471 9472 9473 9474 9475 9476 9477 9478 9479 9480 9481 9482 9483 9484 9485 9486 9487 9488 9489 9490 9491 9492 9493 9494 9495 9496 9497 9498 9499 9500 9501 9502 9503 9504 9505 9506 9507 9508 9509 9510 9511 9512 9513 9514 9515 9516 9517 9518 9519 9520 9521 9522 9523 9524 9525 9526 9527 9528 9529 9530 9531 9532 9533 9534 9535 9536 9537 9538 9539 9540 9541 9542 9543 9544 9545 9546 9547 9548 9549 9550 9551 9552 9553 9554 9555 9556 9557 9558 9559 9560 9561 9562 9563 9564 9565 9566 9567 9568 9569 9570 9571 9572 9573 9574 9575 9576 9577 9578 9579 9580 9581 9582 9583 9584 9585 9586 9587 9588 9589 9590 9591 9592 9593 9594 9595 9596 9597 9598 9599 9600 9601 9602 9603 9604 9605 9606 9607 9608 9609 9610 9611 9612 9613 9614 9615 9616 9617 9618 9619 9620 9621 9622 9623 9624 9625 9626 9627 9628 9629 9630 9631 9632 9633 9634 9635 9636 9637 9638 9639 9640 9641 9642 9643 9644 9645 9646 9647 9648 9649 9650 9651 9652 9653 9654 9655 9656 9657 9658 9659 9660 9661 9662 9663 9664 9665 9666 9667 9668 9669 9670 9671 9672 9673 9674 9675 9676 9677 9678 9679 9680 9681 9682 9683 9684 9685 9686 9687 9688 9689 9690 9691 9692 9693 9694 9695 9696 9697 9698 9699 9700 9701 9702 9703 9704 9705 9706 9707 9708 9709 9710 9711 9712 9713 9714 9715 9716 9717 9718 9719 9720 9721 9722 9723 9724 9725 9726 9727 9728 9729 9730 9731 9732 9733 9734 9735 9736 9737 9738 9739 9740 9741 9742 9743 9744 9745 9746 9747 9748 9749 9750 9751 9752 9753 9754 9755 9756 9757 9758 9759 9760 9761 9762 9763 9764 9765 9766 9767 9768 9769 9770 9771 9772 9773 9774 9775 9776 9777 9778 9779 9780 9781 9782 9783 9784 9785 9786 9787 9788 9789 9790 9791 9792 9793 9794 9795 9796 9797 9798 9799 9800 9801 9802 9803 9804 9805 9806 9807 9808 9809 9810 9811 9812 9813 9814 9815 9816 9817 9818 9819 9820 9821 9822 9823 9824 9825 9826 9827 9828 9829 9830 9831 9832 9833 9834 9835 9836 9837 9838 9839 9840 9841 9842 9843 9844 9845 9846 9847 9848 9849 9850 9851 9852 9853 9854 9855 9856 9857 9858 9859 9860 9861 9862 9863 9864 9865 9866 9867 9868 9869 9870 9871 9872 9873 9874 9875 9876 9877 9878 9879 9880 9881 9882 9883 9884 9885 9886 9887 9888 9889 9890 9891 9892 9893 9894 9895 9896 9897 9898 9899 9900 9901 9902 9903 9904 9905 9906 9907 9908 9909 9910 9911 9912 9913 9914 9915 9916 9917 9918 9919 9920 9921 9922 9923 9924 9925 9926 9927 9928 9929 9930 9931 9932 9933 9934 9935 9936 9937 9938 9939 9940 9941 9942 9943 9944 9945 9946 9947 9948 9949 9950 9951 9952 9953 9954 9955 9956 9957 9958 9959 9960 9961 9962 9963 9964 9965 9966 9967 9968 9969 9970 9971 9972 9973 9974 9975 9976 9977 9978 9979 9980 9981 9982 9983 9984 9985 9986 9987 9988 9989 9990 9991 9992 9993 9994 9995 9996 9997 9998 9999 10000
        </DataArray>
        <DataArray type="UInt8" Name="types" format="ascii">
          1 1 1 1 1 1 1 1 1 1 1 1 1 1 1 1 1 1 1 1 1 1 1 1 1 1 1 1 1 1 1 1 1 1 1 1 1 1 1 1 1 1 1 1 1 1 1 1 1 1 1 1 1 1 1 1 1 1 1 1 1 1 1 1 1 1 1 1 1 1 1 1 1 1 1 1 1 1 1 1 1 1 1 1 1 1 1 1 1 1 1 1 1 1 1 1 1 1 1 1 1 1 1 1 1 1 1 1 1 1 1 1 1 1 1 1 1 1 1 1 1 1 1 1 1 1 1 1 1 1 1 1 1 1 1 1 1 1 1 1 1 1 1 1 1 1 1 1 1 1 1 1 1 1 1 1 1 1 1 1 1 1 1 1 1 1 1 1 1 1 1 1 1 1 1 1 1 1 1 1 1 1 1 1 1 1 1 1 1 1 1 1 1 1 1 1 1 1 1 1 1 1 1 1 1 1 1 1 1 1 1 1 1 1 1 1 1 1 1 1 1 1 1 1 1 1 1 1 1 1 1 1 1 1 1 1 1 1 1 1 1 1 1 1 1 1 1 1 1 1 1 1 1 1 1 1 1 1 1 1 1 1 1 1 1 1 1 1 1 1 1 1 1 1 1 1 1 1 1 1 1 1 1 1 1 1 1 1 1 1 1 1 1 1 1 1 1 1 1 1 1 1 1 1 1 1 1 1 1 1 1 1 1 1 1 1 1 1 1 1 1 1 1 1 1 1 1 1 1 1 1 1 1 1 1 1 1 1 1 1 1 1 1 1 1 1 1 1 1 1 1 1 1 1 1 1 1 1 1 1 1 1 1 1 1 1 1 1 1 1 1 1 1 1 1 1 1 1 1 1 1 1 1 1 1 1 1 1 1 1 1 1 1 1 1 1 1 1 1 1 1 1 1 1 1 1 1 1 1 1 1 1 1 1 1 1 1 1 1 1 1 1 1 1 1 1 1 1 1 1 1 1 1 1 1 1 1 1 1 1 1 1 1 1 1 1 1 1 1 1 1 1 1 1 1 1 1 1 1 1 1 1 1 1 1 1 1 1 1 1 1 1 1 1 1 1 1 1 1 1 1 1 1 1 1 1 1 1 1 1 1 1 1 1 1 1 1 1 1 1 1 1 1 1 1 1 1 1 1 1 1 1 1 1 1 1 1 1 1 1 1 1 1 1 1 1 1 1 1 1 1 1 1 1 1 1 1 1 1 1 1 1 1 1 1 1 1 1 1 1 1 1 1 1 1 1 1 1 1 1 1 1 1 1 1 1 1 1 1 1 1 1 1 1 1 1 1 1 1 1 1 1 1 1 1 1 1 1 1 1 1 1 1 1 1 1 1 1 1 1 1 1 1 1 1 1 1 1 1 1 1 1 1 1 1 1 1 1 1 1 1 1 1 1 1 1 1 1 1 1 1 1 1 1 1 1 1 1 1 1 1 1 1 1 1 1 1 1 1 1 1 1 1 1 1 1 1 1 1 1 1 1 1 1 1 1 1 1 1 1 1 1 1 1 1 1 1 1 1 1 1 1 1 1 1 1 1 1 1 1 1 1 1 1 1 1 1 1 1 1 1 1 1 1 1 1 1 1 1 1 1 1 1 1 1 1 1 1 1 1 1 1 1 1 1 1 1 1 1 1 1 1 1 1 1 1 1 1 1 1 1 1 1 1 1 1 1 1 1 1 1 1 1 1 1 1 1 1 1 1 1 1 1 1 1 1 1 1 1 1 1 1 1 1 1 1 1 1 1 1 1 1 1 1 1 1 1 1 1 1 1 1 1 1 1 1 1 1 1 1 1 1 1 1 1 1 1 1 1 1 1 1 1 1 1 1 1 1 1 1 1 1 1 1 1 1 1 1 1 1 1 1 1 1 1 1 1 1 1 1 1 1 1 1 1 1 1 1 1 1 1 1 1 1 1 1 1 1 1 1 1 1 1 1 1 1 1 1 1 1 1 1 1 1 1 1 1 1 1 1 1 1 1 1 1 1 1 1 1 1 1 1 1 1 1 1 1 1 1 1 1 1 1 1 1 1 1 1 1 1 1 1 1 1 1 1 1 1 1 1 1 1 1 1 1 1 1 1 1 1 1 1 1 1 1 1 1 1 1 1 1 1 1 1 1 1 1 1 1 1 1 1 1 1 1 1 1 1 1 1 1 1 1 1 1 1 1 1 1 1 1 1 1 1 1 1 1 1 1 1 1 1 1 1 1 1 1 1 1 1 1 1 1 1 1 1 1 1 1 1 1 1 1 1 1 1 1 1 1 1 1 1 1 1 1 1 1 1 1 1 1 1 1 1 1 1 1 1 1 1 1 1 1 1 1 1 1 1 1 1 1 1 1 1 1 1 1 1 1 1 1 1 1 1 1 1 1 1 1 1 1 1 1 1 1 1 1 1 1 1 1 1 1 1 1 1 1 1 1 1 1 1 1 1 1 1 1 1 1 1 1 1 1 1 1 1 1 1 1 1 1 1 1 1 1 1 1 1 1 1 1 1 1 1 1 1 1 1 1 1 1 1 1 1 1 1 1 1 1 1 1 1 1 1 1 1 1 1 1 1 1 1 1 1 1 1 1 1 1 1 1 1 1 1 1 1 1 1 1 1 1 1 1 1 1 1 1 1 1 1 1 1 1 1 1 1 1 1 1 1 1 1 1 1 1 1 1 1 1 1 1 1 1 1 1 1 1 1 1 1 1 1 1 1 1 1 1 1 1 1 1 1 1 1 1 1 1 1 1 1 1 1 1 1 1 1 1 1 1 1 1 1 1 1 1 1 1 1 1 1 1 1 1 1 1 1 1 1 1 1 1 1 1 1 1 1 1 1 1 1 1 1 1 1 1 1 1 1 1 1 1 1 1 1 1 1 1 1 1 1 1 1 1 1 1 1 1 1 1 1 1 1 1 1 1 1 1 1 1 1 1 1 1 1 1 1 1 1 1 1 1 1 1 1 1 1 1 1 1 1 1 1 1 1 1 1 1 1 1 1 1 1 1 1 1 1 1 1 1 1 1 1 1 1 1 1 1 1 1 1 1 1 1 1 1 1 1 1 1 1 1 1 1 1 1 1 1 1 1 1 1 1 1 1 1 1 1 1 1 1 1 1 1 1 1 1 1 1 1 1 1 1 1 1 1 1 1 1 1 1 1 1 1 1 1 1 1 1 1 1 1 1 1 1 1 1 1 1 1 1 1 1 1 1 1 1 1 1 1 1 1 1 1 1 1 1 1 1 1 1 1 1 1 1 1 1 1 1 1 1 1 1 1 1 1 1 1 1 1 1 1 1 1 1 1 1 1 1 1 1 1 1 1 1 1 1 1 1 1 1 1 1 1 1 1 1 1 1 1 1 1 1 1 1 1 1 1 1 1 1 1 1 1 1 1 1 1 1 1 1 1 1 1 1 1 1 1 1 1 1 1 1 1 1 1 1 1 1 1 1 1 1 1 1 1 1 1 1 1 1 1 1 1 1 1 1 1 1 1 1 1 1 1 1 1 1 1 1 1 1 1 1 1 1 1 1 1 1 1 1 1 1 1 1 1 1 1 1 1 1 1 1 1 1 1 1 1 1 1 1 1 1 1 1 1 1 1 1 1 1 1 1 1 1 1 1 1 1 1 1 1 1 1 1 1 1 1 1 1 1 1 1 1 1 1 1 1 1 1 1 1 1 1 1 1 1 1 1 1 1 1 1 1 1 1 1 1 1 1 1 1 1 1 1 1 1 1 1 1 1 1 1 1 1 1 1 1 1 1 1 1 1 1 1 1 1 1 1 1 1 1 1 1 1 1 1 1 1 1 1 1 1 1 1 1 1 1 1 1 1 1 1 1 1 1 1 1 1 1 1 1 1 1 1 1 1 1 1 1 1 1 1 1 1 1 1 1 1 1 1 1 1 1 1 1 1 1 1 1 1 1 1 1 1 1 1 1 1 1 1 1 1 1 1 1 1 1 1 1 1 1 1 1 1 1 1 1 1 1 1 1 1 1 1 1 1 1 1 1 1 1 1 1 1 1 1 1 1 1 1 1 1 1 1 1 1 1 1 1 1 1 1 1 1 1 1 1 1 1 1 1 1 1 1 1 1 1 1 1 1 1 1 1 1 1 1 1 1 1 1 1 1 1 1 1 1 1 1 1 1 1 1 1 1 1 1 1 1 1 1 1 1 1 1 1 1 1 1 1 1 1 1 1 1 1 1 1 1 1 1 1 1 1 1 1 1 1 1 1 1 1 1 1 1 1 1 1 1 1 1 1 1 1 1 1 1 1 1 1 1 1 1 1 1 1 1 1 1 1 1 1 1 1 1 1 1 1 1 1 1 1 1 1 1 1 1 1 1 1 1 1 1 1 1 1 1 1 1 1 1 1 1 1 1 1 1 1 1 1 1 1 1 1 1 1 1 1 1 1 1 1 1 1 1 1 1 1 1 1 1 1 1 1 1 1 1 1 1 1 1 1 1 1 1 1 1 1 1 1 1 1 1 1 1 1 1 1 1 1 1 1 1 1 1 1 1 1 1 1 1 1 1 1 1 1 1 1 1 1 1 1 1 1 1 1 1 1 1 1 1 1 1 1 1 1 1 1 1 1 1 1 1 1 1 1 1 1 1 1 1 1 1 1 1 1 1 1 1 1 1 1 1 1 1 1 1 1 1 1 1 1 1 1 1 1 1 1 1 1 1 1 1 1 1 1 1 1 1 1 1 1 1 1 1 1 1 1 1 1 1 1 1 1 1 1 1 1 1 1 1 1 1 1 1 1 1 1 1 1 1 1 1 1 1 1 1 1 1 1 1 1 1 1 1 1 1 1 1 1 1 1 1 1 1 1 1 1 1 1 1 1 1 1 1 1 1 1 1 1 1 1 1 1 1 1 1 1 1 1 1 1 1 1 1 1 1 1 1 1 1 1 1 1 1 1 1 1 1 1 1 1 1 1 1 1 1 1 1 1 1 1 1 1 1 1 1 1 1 1 1 1 1 1 1 1 1 1 1 1 1 1 1 1 1 1 1 1 1 1 1 1 1 1 1 1 1 1 1 1 1 1 1 1 1 1 1 1 1 1 1 1 1 1 1 1 1 1 1 1 1 1 1 1 1 1 1 1 1 1 1 1 1 1 1 1 1 1 1 1 1 1 1 1 1 1 1 1 1 1 1 1 1 1 1 1 1 1 1 1 1 1 1 1 1 1 1 1 1 1 1 1 1 1 1 1 1 1 1 1 1 1 1 1 1 1 1 1 1 1 1 1 1 1 1 1 1 1 1 1 1 1 1 1 1 1 1 1 1 1 1 1 1 1 1 1 1 1 1 1 1 1 1 1 1 1 1 1 1 1 1 1 1 1 1 1 1 1 1 1 1 1 1 1 1 1 1 1 1 1 1 1 1 1 1 1 1 1 1 1 1 1 1 1 1 1 1 1 1 1 1 1 1 1 1 1 1 1 1 1 1 1 1 1 1 1 1 1 1 1 1 1 1 1 1 1 1 1 1 1 1 1 1 1 1 1 1 1 1 1 1 1 1 1 1 1 1 1 1 1 1 1 1 1 1 1 1 1 1 1 1 1 1 1 1 1 1 1 1 1 1 1 1 1 1 1 1 1 1 1 1 1 1 1 1 1 1 1 1 1 1 1 1 1 1 1 1 1 1 1 1 1 1 1 1 1 1 1 1 1 1 1 1 1 1 1 1 1 1 1 1 1 1 1 1 1 1 1 1 1 1 1 1 1 1 1 1 1 1 1 1 1 1 1 1 1 1 1 1 1 1 1 1 1 1 1 1 1 1 1 1 1 1 1 1 1 1 1 1 1 1 1 1 1 1 1 1 1 1 1 1 1 1 1 1 1 1 1 1 1 1 1 1 1 1 1 1 1 1 1 1 1 1 1 1 1 1 1 1 1 1 1 1 1 1 1 1 1 1 1 1 1 1 1 1 1 1 1 1 1 1 1 1 1 1 1 1 1 1 1 1 1 1 1 1 1 1 1 1 1 1 1 1 1 1 1 1 1 1 1 1 1 1 1 1 1 1 1 1 1 1 1 1 1 1 1 1 1 1 1 1 1 1 1 1 1 1 1 1 1 1 1 1 1 1 1 1 1 1 1 1 1 1 1 1 1 1 1 1 1 1 1 1 1 1 1 1 1 1 1 1 1 1 1 1 1 1 1 1 1 1 1 1 1 1 1 1 1 1 1 1 1 1 1 1 1 1 1 1 1 1 1 1 1 1 1 1 1 1 1 1 1 1 1 1 1 1 1 1 1 1 1 1 1 1 1 1 1 1 1 1 1 1 1 1 1 1 1 1 1 1 1 1 1 1 1 1 1 1 1 1 1 1 1 1 1 1 1 1 1 1 1 1 1 1 1 1 1 1 1 1 1 1 1 1 1 1 1 1 1 1 1 1 1 1 1 1 1 1 1 1 1 1 1 1 1 1 1 1 1 1 1 1 1 1 1 1 1 1 1 1 1 1 1 1 1 1 1 1 1 1 1 1 1 1 1 1 1 1 1 1 1 1 1 1 1 1 1 1 1 1 1 1 1 1 1 1 1 1 1 1 1 1 1 1 1 1 1 1 1 1 1 1 1 1 1 1 1 1 1 1 1 1 1 1 1 1 1 1 1 1 1 1 1 1 1 1 1 1 1 1 1 1 1 1 1 1 1 1 1 1 1 1 1 1 1 1 1 1 1 1 1 1 1 1 1 1 1 1 1 1 1 1 1 1 1 1 1 1 1 1 1 1 1 1 1 1 1 1 1 1 1 1 1 1 1 1 1 1 1 1 1 1 1 1 1 1 1 1 1 1 1 1 1 1 1 1 1 1 1 1 1 1 1 1 1 1 1 1 1 1 1 1 1 1 1 1 1 1 1 1 1 1 1 1 1 1 1 1 1 1 1 1 1 1 1 1 1 1 1 1 1 1 1 1 1 1 1 1 1 1 1 1 1 1 1 1 1 1 1 1 1 1 1 1 1 1 1 1 1 1 1 1 1 1 1 1 1 1 1 1 1 1 1 1 1 1 1 1 1 1 1 1 1 1 1 1 1 1 1 1 1 1 1 1 1 1 1 1 1 1 1 1 1 1 1 1 1 1 1 1 1 1 1 1 1 1 1 1 1 1 1 1 1 1 1 1 1 1 1 1 1 1 1 1 1 1 1 1 1 1 1 1 1 1 1 1 1 1 1 1 1 1 1 1 1 1 1 1 1 1 1 1 1 1 1 1 1 1 1 1 1 1 1 1 1 1 1 1 1 1 1 1 1 1 1 1 1 1 1 1 1 1 1 1 1 1 1 1 1 1 1 1 1 1 1 1 1 1 1 1 1 1 1 1 1 1 1 1 1 1 1 1 1 1 1 1 1 1 1 1 1 1 1 1 1 1 1 1 1 1 1 1 1 1 1 1 1 1 1 1 1 1 1 1 1 1 1 1 1 1 1 1 1 1 1 1 1 1 1 1 1 1 1 1 1 1 1 1 1 1 1 1 1 1 1 1 1 1 1 1 1 1 1 1 1 1 1 1 1 1 1 1 1 1 1 1 1 1 1 1 1 1 1 1 1 1 1 1 1 1 1 1 1 1 1 1 1 1 1 1 1 1 1 1 1 1 1 1 1 1 1 1 1 1 1 1 1 1 1 1 1 1 1 1 1 1 1 1 1 1 1 1 1 1 1 1 1 1 1 1 1 1 1 1 1 1 1 1 1 1 1 1 1 1 1 1 1 1 1 1 1 1 1 1 1 1 1 1 1 1 1 1 1 1 1 1 1 1 1 1 1 1 1 1 1 1 1 1 1 1 1 1 1 1 1 1 1 1 1 1 1 1 1 1 1 1 1 1 1 1 1 1 1 1 1 1 1 1 1 1 1 1 1 1 1 1 1 1 1 1 1 1 1 1 1 1 1 1 1 1 1 1 1 1 1 1 1 1 1 1 1 1 1 1 1 1 1 1 1 1 1 1 1 1 1 1 1 1 1 1 1 1 1 1 1 1 1 1 1 1 1 1 1 1 1 1 1 1 1 1 1 1 1 1 1 1 1 1 1 1 1 1 1 1 1 1 1 1 1 1 1 1 1 1 1 1 1 1 1 1 1 1 1 1 1 1 1 1 1 1 1 1 1 1 1 1 1 1 1 1 1 1 1 1 1 1 1 1 1 1 1 1 1 1 1 1 1 1 1 1 1 1 1 1 1 1 1 1 1 1 1 1 1 1 1 1 1 1 1 1 1 1 1 1 1 1 1 1 1 1 1 1 1 1 1 1 1 1 1 1 1 1 1 1 1 1 1 1 1 1 1 1 1 1 1 1 1 1 1 1 1 1 1 1 1 1 1 1 1 1 1 1 1 1 1 1 1 1 1 1 1 1 1 1 1 1 1 1 1 1 1 1 1 1 1 1 1 1 1 1 1 1 1 1 1 1 1 1 1 1 1 1 1 1 1 1 1 1 1 1 1 1 1 1 1 1 1 1 1 1 1 1 1 1 1 1 1 1 1 1 1 1 1 1 1 1 1 1 1 1 1 1 1 1 1 1 1 1 1 1 1 1 1 1 1 1 1 1 1 1 1 1 1 1 1 1 1 1 1 1 1 1 1 1 1 1 1 1 1 1 1 1 1 1 1 1 1 1 1 1 1 1 1 1 1 1 1 1 1 1 1 1 1 1 1 1 1 1 1 1 1 1 1 1 1 1 1 1 1 1 1 1 1 1 1 1 1 1 1 1 1 1 1 1 1 1 1 1 1 1 1 1 1 1 1 1 1 1 1 1 1 1 1 1 1 1 1 1 1 1 1 1 1 1 1 1 1 1 1 1 1 1 1 1 1 1 1 1 1 1 1 1 1 1 1 1 1 1 1 1 1 1 1 1 1 1 1 1 1 1 1 1 1 1 1 1 1 1 1 1 1 1 1 1 1 1 1 1 1 1 1 1 1 1 1 1 1 1 1 1 1 1 1 1 1 1 1 1 1 1 1 1 1 1 1 1 1 1 1 1 1 1 1 1 1 1 1 1 1 1 1 1 1 1 1 1 1 1 1 1 1 1 1 1 1 1 1 1 1 1 1 1 1 1 1 1 1 1 1 1 1 1 1 1 1 1 1 1 1 1 1 1 1 1 1 1 1 1 1 1 1 1 1 1 1 1 1 1 1 1 1 1 1 1 1 1 1 1 1 1 1 1 1 1 1 1 1 1 1 1 1 1 1 1 1 1 1 1 1 1 1 1 1 1 1 1 1 1 1 1 1 1 1 1 1 1 1 1 1 1 1 1 1 1 1 1 1 1 1 1 1 1 1 1 1 1 1 1 1 1 1 1 1 1 1 1 1 1 1 1 1 1 1 1 1 1 1 1 1 1 1 1 1 1 1 1 1 1 1 1 1 1 1 1 1 1 1 1 1 1 1 1 1 1 1 1 1 1 1 1 1 1 1 1 1 1 1 1 1 1 1 1 1 1 1 1 1 1 1 1 1 1 1 1 1 1 1 1 1 1 1 1 1 1 1 1 1 1 1 1 1 1 1 1 1 1 1 1 1 1 1 1 1 1 1 1 1 1 1 1 1 1 1 1 1 1 1 1 1 1 1 1 1 1 1 1 1 1 1 1 1 1 1 1 1 1 1 1 1 1 1 1 1 1 1 1 1 1 1 1 1 1 1 1 1 1 1 1 1 1 1 1 1 1 1 1 1 1 1 1 1 1 1 1 1 1 1 1 1 1 1 1 1 1 1 1 1 1 1 1 1 1 1 1 1 1 1 1 1 1 1 1 1 1 1 1 1 1 1 1 1 1 1 1 1 1 1 1 1 1 1 1 1 1 1 1 1 1 1 1 1 1 1 1 1 1 1 1 1 1 1 1 1 1 1 1 1 1 1 1 1 1 1 1 1 1 1 1 1 1 1 1 1 1 1 1 1 1 1 1 1 1 1 1 1 1 1 1 1 1 1 1 1 1 1 1 1 1 1 1 1 1 1 1 1 1 1 1 1 1 1 1 1 1 1 1 1 1 1 1 1 1 1 1 1 1 1 1 1 1 1 1 1 1 1 1 1 1 1 1 1 1 1 1 1 1 1 1 1 1 1 1 1 1 1 1 1 1 1 1 1 1 1 1 1 1 1 1 1 1 1 1 1 1 1 1 1 1 1 1 1 1 1 1 1 1 1 1 1 1 1 1 1 1 1 1 1 1 1 1 1 1 1 1 1 1 1 1 1 1 1 1 1 1 1 1 1 1 1 1 1 1 1 1 1 1 1 1 1 1 1 1 1 1 1 1 1 1 1 1 1 1 1 1 1 1 1 1 1 1 1 1 1 1 1 1 1 1 1 1 1 1 1 1 1 1 1 1 1 1 1 1 1 1 1 1 1 1 1 1 1 1 1 1 1 1 1 1 1 1 1 1 1 1 1 1 1 1 1 1 1 1 1 1 1 1 1 1 1 1 1 1 1 1 1 1 1 1 1 1 1 1 1 1 1 1 1 1 1 1 1 1 1 1 1 1 1 1 1 1 1 1 1 1 1 1 1 1 1 1 1 1 1 1 1 1 1 1 1 1 1 1 1 1 1 1 1 1 1 1 1 1 1 1 1 1 1 1 1 1 1 1 1 1 1 1 1 1 1 1 1 1 1 1 1 1 1 1 1 1 1 1 1 1 1 1 1 1 1 1 1 1 1 1 1 1 1 1 1 1 1 1 1 1 1 1 1 1 1 1 1 1 1 1 1 1 1 1 1 1 1 1 1 1 1 1 1 1 1 1 1 1 1 1 1 1 1 1 1 1 1 1 1 1 1 1 1 1 1 1 1 1 1 1 1 1 1 1 1 1 1 1 1 1 1 1 1 1 1 1 1 1 1 1 1 1 1 1 1 1 1 1 1 1 1 1 1 1 1 1 1 1 1 1 1 1 1 1 1 1 1 1 1 1 1 1 1 1 1 1 1 1 1 1 1 1 1 1 1 1 1 1 1 1 1 1 1 1 1 1 1 1 1 1 1 1 1 1 1 1 1 1 1 1 1 1 1 1 1 1 1 1 1 1 1 1 1 1 1 1 1 1 1 1 1 1 1 1 1 1 1 1 1 1 1 1 1 1 1 1 1 1 1 1 1 1 1 1 1 1 1 1 1 1 1 1 1 1 1 1 1 1 1 1 1 1 1 1 1 1 1 1 1 1 1 1 1 1 1 1 1 1 1 1 1 1 1 1 1 1 1 1 1 1 1 1 1 1 1 1 1 1 1 1 1 1 1 1 1 1 1 1 1 1 1 1 1 1 1 1 1 1 1 1 1 1 1 1 1 1 1 1 1 1 1 1 1 1 1 1 1 1 1 1 1 1 1 1 1 1 1 1 1 1 1 1 1 1 1 1 1 1 1 1 1 1 1 1 1 1 1 1 1 1 1 1 1 1 1 1 1 1 1 1 1 1 1 1 1 1 1 1 1 1 1 1 1 1 1 1 1 1 1 1 1 1 1 1 1 1 1 1 1 1 1 1 1 1 1 1 1 1 1 1 1 1 1 1 1 1 1 1 1 1 1 1 1 1 1 1 1 1 1 1 1 1 1 1 1 1 1 1 1 1 1 1 1 1 1 1 1 1 1 1 1 1 1 1 1 1 1 1 1 1 1 1 1 1 1 1 1 1 1 1 1 1 1 1 1 1 1 1 1 1 1 1 1 1 1 1 1 1 1 1 1 1 1 1 1 1 1 1 1 1 1 1 1 1 1 1 1 1 1 1 1 1 1 1 1 1 1 1 1 1 1 1 1 1 1 1 1 1 1 1 1 1 1 1 1 1 1 1 1 1 1 1 1 1 1 1 1 1 1 1 1 1 1 1 1 1 1 1 1 1 1 1 1 1 1 1 1 1 1 1 1 1 1 1 1 1 1 1 1 1 1 1 1 1 1 1 1 1 1 1 1 1 1 1 1 1 1 1 1 1 1 1 1 1 1 1 1 1 1 1 1 1 1 1 1 1 1 1 1 1 1 1 1 1 1 1 1 1 1 1 1 1 1 1 1 1 1 1 1 1 1 1 1 1 1 1 1 1 1 1 1 1 1 1 1 1 1 1 1 1 1 1 1 1 1 1 1 1 1 1 1 1 1 1 1 1 1 1 1 1 1 1 1 1 1 1 1 1 1 1 1 1 1 1 1 1 1 1 1 1 1 1 1 1 1 1 1 1 1 1 1 1 1 1 1 1 1 1 1 1 1 1 1 1 1 1 1 1 1 1 1 1 1 1 1 1 1 1 1 1 1 1 1 1 1 1 1 1 1 1 1 1 1 1 1 1 1 1 1 1 1 1 1 1 1 1 1 1 1 1 1 1 1 1 1 1 1 1 1 1 1 1 1 1 1 1 1 1 1 1 1 1 1 1 1 1 1 1 1 1 1 1 1 1 1 1 1 1 1 1 1 1 1 1 1 1 1 1 1 1 1 1 1 1 1 1 1 1 1 1 1 1 1 1 1 1 1 1 1 1 1 1 1 1 1 1 1 1 1 1 1 1 1 1 1 1 1 1 1 1 1 1 1 1 1 1 1 1 1 1 1 1 1 1 1 1 1 1 1 1 1 1 1 1 1 1 1 1 1 1 1 1 1 1 1 1 1 1 1 1 1 1 1 1 1 1 1 1 1 1 1 1 1 1 1 1 1 1 1 1 1 1 1 1 1 1 1 1 1 1 1 1 1 1 1 1 1 1 1 1 1 1 1 1 1 1 1 1 1 1 1 1 1 1 1 1 1 1 1 1 1 1 1 1 1 1 1 1 1 1 1 1 1 1 1 1 1 1 1 1 1 1 1 1 1 1 1 1 1 1 1 1 1 1 1 1 1 1 1 1 1 1 1 1 1 1 1 1 1 1 1 1 1 1 1 1 1 1 1 1 1 1 1 1 1 1 1 1 1 1 1 1 1 1 1 1 1 1 1 1 1 1 1 1 1 1 1 1 1 1 1 1 1 1 1 1 1 1 1 1 1 1 1 1 1 1 1 1 1 1 1 1 1 1 1 1 1 1 1 1 1 1 1 1 1 1 1 1 1 1 1 1 1 1 1 1 1 1 1 1 1 1 1 1 1 1 1 1 1 1 1 1 1 1 1 1 1 1 1 1 1 1 1 1 1 1 1 1 1 1 1 1 1 1 1 1 1 1 1 1 1 1 1 1 1 1 1 1 1 1 1 1 1 1 1 1 1 1 1 1 1 1 1 1 1 1 1 1 1 1 1 1 1 1 1 1 1 1 1 1 1 1 1 1 1 1 1 1 1 1 1 1 1 1 1 1 1 1 1 1 1 1 1 1 1 1 1 1 1 1 1 1 1 1 1 1 1 1 1 1 1 1 1 1 1 1 1 1 1 1 1 1 1 1 1 1 1 1 1 1 1 1 1 1 1 1 1 1 1 1 1 1 1 1 1 1 1 1 1 1 1 1 1 1 1 1 1 1 1 1 1 1 1 1 1 1 1 1 1 1 1 1 1 1 1 1 1 1 1 1 1 1 1 1 1 1 1 1 1 1 1 1 1 1 1 1 1 1 1 1 1 1 1 1 1 1 1 1 1 1 1 1 1 1 1 1 1 1 1 1 1 1 1 1 1 1 1 1 1 1 1 1 1 1 1 1 1 1 1 1 1 1 1 1 1 1 1 1 1 1 1 1 1 1 1 1 1 1 1 1 1 1 1 1 1 1 1 1 1 1 1 1 1 1 1 1 1 1 1 1 1 1 1 1 1 1 1 1 1 1 1 1 1 1 1 1 1 1 1 1 1 1 1 1 1 1 1 1 1 1 1 1 1 1 1 1 1 1 1 1 1 1 1 1 1 1 1 1 1 1 1 1 1 1 1 1 1 1 1 1 1 1 1 1 1 1 1 1 1 1 1 1 1 1 1 1 1 1 1 1 1 1 1 1 1 1 1 1 1 1 1 1 1 1 1 1 1 1 1 1 1 1 1 1 1 1 1 1 1 1 1 1 1 1 1 1 1 1 1 1 1 1 1 1 1 1 1 1 1 1 1 1 1 1 1 1 1 1 1 1 1 1 1 1 1 1 1 1 1 1 1 1 1 1 1 1 1 1 1 1 1 1 1 1 1 1 1 1 1 1 1 1 1 1 1 1 1 1 1 1 1 1 1 1 1 1 1 1 1 1 1 1 1 1 1 1 1 1 1 1 1 1 1 1 1 1 1 1 1 1 1 1 1 1 1 1 1 1 1 1 1 1 1 1 1 1 1 1 1 1 1 1 1 1 1 1 1 1 1 1 1 1 1 1 1 1 1 1 1 1 1 1 1 1 1 1 1 1 1 1 1 1 1 1 1 1 1 1 1 1 1 1 1 1 1 1 1 1 1 1 1 1 1 1 1 1 1 1 1 1 1 1 1 1 1 1 1 1 1 1 1 1 1 1 1 1 1 1 1 1 1 1 1 1 1 1 1 1 1 1 1 1 1 1 1 1 1 1 1 1 1 1 1 1 1 1 1 1 1 1 1 1 1 1 1 1 1 1 1 1 1 1 1 1 1 1 1 1 1 1 1 1 1 1 1 1 1 1 1 1 1 1 1 1 1 1 1 1 1 1 1 1 1 1 1 1 1 1 1 1 1 1 1 1 1 1 1 1 1 1 1 1 1 1 1 1 1 1 1 1 1 1 1 1 1 1 1 1 1 1 1 1 1 1 1 1 1 1 1 1 1 1 1 1 1 1 1 1 1 1 1 1 1 1 1 1 1 1 1 1 1 1 1 1 1 1 1 1 1 1 1 1 1 1 1 1 1 1 1 1 1 1 1 1 1 1 1 1 1 1 1 1 1 1 1 1 1 1 1 1 1 1 1 1 1 1 1 1 1 1 1 1 1 1 1 1 1 1 1 1 1 1 1 1 1 1 1 1 1 1 1 1 1 1 1 1 1 1 1 1 1 1 1 1 1 1 1 1 1 1 1 1 1 1 1 1 1 1 1 1 1 1 1 1 1 1 1 1 1 1 1 1 1 1 1 1 1 1 1 1 1 1 1 1 1 1 1 1 1 1 1 1 1 1 1 1 1 1 1 1 1 1 1 1 1 1 1 1 1 1 1 1 1 1 1 1 1 1 1 1 1 1 1 1 1 1 1 1 1 1 1 1 1 1 1 1 1 1 1 1 1 1 1 1 1 1 1 1 1 1 1 1 1 1 1 1 1 1 1 1 1 1 1 1 1 1 1 1 1 1 1 1 1 1 1 1 1 1 1 1 1 1 1 1 1 1 1 1 1 1 1 1 1 1 1 1 1 1 1 1 1 1 1 1 1 1 1 1 1 1 1 1 1 1 1 1 1 1 1 1 1 1 1 1 1 1 1 1 1 1 1 1 1 1 1 1 1 1 1 1 1 1 1 1 1 1 1 1 1 1 1 1 1 1 1 1 1 1 1 1 1 1 1 1 1 1 1 1 1 1 1 1 1 1 1 1 1 1 1 1 1 1 1 1 1 1 1 1 1 1 1 1 1 1 1 1 1 1 1 1 1 1 1 1 1 1 1 1 1 1 1 1 1 1 1 1 1 1 1 1 1 1 1 1 1 1 1 1 1 1 1 1 1 1 1 1 1 1 1 1 1 1 1 1 1 1 1 1 1 1 1 1 1 1 1 1 1 1 1 1 1 1 1 1 1 1 1 1 1 1 1 1 1 1 1 1 1 1 1 1 1 1 1 1 1 1 1 1 1 1 1 1 1 1 1 1 1 1 1 1 1 1 1 1 1 1 1 1 1 1 1 1 1 1 1 1 1 1 1 1 1 1 1 1 1 1 1 1 1 1 1 1 1 1 1 1 1 1 1 1 1 1 1 1 1 1 1 1 1 1 1 1 1 1 1 1 1 1 1 1 1 1 1 1 1 1 1 1 1 1 1 1 1 1 1 1 1 1 1 1 1 1 1 1 1 1 1 1 1 1 1 1 1 1 1 1 1 1 1 1 1 1 1 1 1 1 1 1 1 1 1 1 1 1 1 1 1 1 1 1 1 1 1 1 1 1 1 1 1 1 1 1 1 1 1 1 1 1 1 1 1 1 1 1 1 1 1 1 1 1 1 1 1 1 1 1 1 1 1 1 1 1 1 1 1 1 1 1 1 1 1 1 1 1 1 1 1 1 1 1 1 1 1 1 1 1 1 1 1 1 1 1 1 1 1 1 1 1 1 1 1 1 1 1 1 1 1 1 1 1 1 1 1 1 1 1 1 1 1 1 1 1 1 1 1 1 1 1 1 1 1 1 1 1 1 1 1 1 1 1 1 1 1 1 1 1 1 1 1 1 1 1 1 1 1 1 1 1 1 1 1 1 1 1 1 1 1 1 1 1 1 1 1 1 1 1 1 1 1 1 1 1 1 1 1 1 1 1 1 1 1 1 1 1 1 1 1 1 1 1 1 1 1 1 1 1 1 1 1 1 1 1 1 1 1 1 1 1 1 1 1 1 1 1 1 1 1 1 1 1 1 1 1 1 1 1 1 1 1 1 1 1 1 1 1 1 1 1 1 1 1 1 1 1 1 1 1 1 1 1 1 1 1 1 1 1 1 1 1 1 1 1 1 1 1 1 1 1 1 1 1 1 1 1 1 1 1 1 1 1 1 1 1 1 1 1 1 1 1 1 1 1 1 1 1 1 1 1 1 1 1 1 1 1 1 1 1 1 1 1 1 1 1 1 1 1 1 1 1 1 1 1 1 1 1 1 1 1 1 1 1 1 1 1 1 1 1 1 1 1 1 1 1 1 1 1 1 1 1 1 1 1 1 1 1 1 1 1 1 1 1 1 1 1 1 1 1 1 1 1 1 1 1 1 1 1 1 1 1 1 1 1 1 1 1 1 1 1 1 1 1 1 1 1 1 1 1 1 1 1 1 1 1 1 1 1 1 1 1 1 1 1 1 1 1 1 1 1 1 1 1 1 1 1 1 1 1 1 1 1 1 1 1 1 1 1 1 1 1 1 1 1 1 1 1 1 1 1 1 1 1 1 1 1 1 1 1 1 1 1 1 1 1 1 1 1 1 1 1 1 1 1 1 1 1 1 1 1 1 1 1 1 1 1 1 1 1 1 1 1 1 1 1 1 1 1 1 1 1 1 1 1 1 1 1 1 1 1 1 1 1 1 1 1 1 1 1 1 1 1 1 1 1 1 1 1 1 1 1 1 1 1 1 1 1 1 1 1 1 1 1 1 1 1 1 1 1 1 1 1 1 1 1 1 1 1 1 1 1 1 1 1 1 1 1 1 1 1 1 1 1 1 1 1 1 1 1 1 1 1 1 1 1 1 1 1 1 1 1 1 1 1 1 1 1 1 1 1 1 1 1 1 1 1 1 1 1 1 1 1 1 1 1 1 1 1 1 1 1 1 1 1 1 1 1 1 1 1 1 1 1 1 1 1 1 1 1 1 1 1 1 1 1 1 1 1 1 1 1 1 1 1 1 1 1 1 1 1 1 1 1 1 1 1 1 1 1 1 1 1 1 1 1 1 1 1 1 1 1 1 1 1 1 1 1 1 1 1 1 1 1 1 1 1 1 1 1 1 1 1 1 1 1 1 1 1 1 1 1 1 1 1 1 1 1 1 1 1 1 1 1 1 1 1 1 1 1 1 1 1 1 1 1 1 1 1 1 1 1 1 1 1 1 1 1 1 1 1 1 1 1 1 1 1 1 1 1 1 1 1 1 1 1 1 1 1 1 1 1 1 1 1 1 1 1 1 1 1 1 1 1 1 1 1 1 1 1 1 1 1 1 1 1 1 1 1 1 1 1 1 1 1 1 1 1 1 1 1 1 1 1 1 1 1 1 1 1 1 1 1 1 1 1 1 1 1 1 1 1 1 1 1 1 1 1 1 1 1 1 1 1 1 1 1 1 1 1 1 1 1 1 1 1 1 1 1 1 1 1 1 1 1 1 1 1 1 1 1 1 1 1 1 1 1 1 1 1 1 1 1 1 1 1 1 1 1 1 1 1 1 1 1 1 1 1 1 1 1 1 1 1 1 1 1 1 1 1 1 1 1 1 1 1 1 1 1 1 1 1 1 1 1 1 1 1 1 1 1 1 1 1 1 1 1 1 1 1 1 1 1 1 1 1 1 1 1 1 1 1 1 1 1 1 1 1 1 1 1 1 1 1 1 1 1 1 1 1 1 1 1 1 1 1 1 1 1 1 1 1 1 1 1 1 1 1 1 1 1 1 1 1 1 1 1 1 1 1 1 1 1 1 1 1 1 1 1 1 1 1 1 1 1 1 1 1 1 1 1 1 1 1 1 1 1 1 1 1 1 1 1 1 1 1 1 1 1 1 1 1 1 1 1 1 1 1 1 1 1 1 1 1 1 1 1 1 1 1 1 1 1 1 1 1 1 1 1 1 1 1 1 1 1 1 1 1 1 1 1 1 1 1 1 1 1 1 1 1 1 1 1 1 1 1 1 1 1 1 1 1 1 1 1 1 1 1 1 1 1 1 1 1 1 1 1 1 1 1 1 1 1 1 1 1 1 1 1 1 1 1 1 1 1 1 1 1 1 1 1 1 1 1 1 1 1 1 1 1 1 1 1 1 1 1 1 1 1 1 1 1 1 1 1 1 1 1 1 1 1 1 1 1 1 1 1 1 1 1 1 1 1 1 1 1 1 1 1 1 1 1 1 1 1 1 1 1 1 1 1 1 1 1 1 1 1 1 1 1 1 1 1 1 1 1 1 1 1 1 1 1 1 1 1 1 1 1 1 1 1 1 1 1 1 1 1 1 1 1 1 1 1 1 1 1 1 1 1 1 1 1 1 1 1 1 1 1 1 1 1 1 1 1 1 1 1 1 1 1 1 1 1 1 1 1 1 1 1 1 1 1 1 1 1 1 1 1 1 1 1 1 1 1 1 1 1 1 1 1 1 1 1 1 1 1 1 1 1 1 1 1 1 1 1 1 1 1 1 1 1 1 1 1 1 1 1 1 1 1 1 1 1 1 1 1 1 1 1 1 1 1 1 1 1 1 1 1 1 1 1 1 1 1 1 1 1 1 1 1 1 1 1 1 1 1 1 1 1 1 1 1 1 1 1 1 1 1 1 1 1 1 1 1 1 1 1 1 1 1 1 1 1 1 1 1 1 1 1 1 1 1 1 1 1 1 1 1 1 1 1 1 1 1 1 1 1 1 1 1 1 1 1 1 1 1 1 1 1 1 1 1 1 1 1 1 1 1 1 1 1 1 1 1 1 1 1 1 1 1 1 1 1 1 1 1 1 1 1 1 1 1 1 1 1 1 1 1 1 1 1 1 1 1 1 1 1 1 1 1 1 1 1 1 1 1 1 1 1 1 1 1 1 1 1 1 1 1 1 1 1 1 1 1 1 1 1 1 1 1 1 1 1 1 1 1 1 1 1 1 1 1 1 1 1 1 1 1 1 1 1 1 1 1 1 1 1 1 1 1 1 1 1 1 1 1 1 1 1 1 1 1 1 1 1 1 1 1 1 1 1 1 1 1 1 1 1 1 1 1 1 1 1 1 1 1 1 1 1 1 1 1 1 1 1 1 1 1 1 1 1 1 1 1 1 1 1 1 1 1 1 1 1 1 1 1 1 1 1 1 1 1 1 1 1 1 1 1 1 1 1 1 1 1 1 1 1 1 1 1 1 1 1 1 1 1 1 1 1 1 1 1 1 1 1 1 1 1 1 1 1 1 1 1 1 1 1 1 1 1 1 1 1 1 1 1 1 1 1 1 1 1 1 1 1 1 1 1 1 1 1 1 1 1 1 1 1 1 1 1 1 1 1 1 1 1 1 1 1 1 1 1 1 1 1 1 1 1 1 1 1 1 1 1 1 1 1 1 1 1 1 1 1 1 1 1 1 1 1 1 1 1 1 1 1 1 1 1 1 1 1 1 1 1 1 1 1 1 1 1 1 1 1 1 1 1 1 1 1 1 1 1 1 1 1 1 1 1 1 1 1 1 1 1 1 1 1 1 1 1 1 1 1 1 1 1 1 1 1 1 1 1 1 1 1 1 1 1 1 1 1 1 1 1 1 1 1 1 1 1 1 1 1 1 1 1 1 1 1 1 1 1 1 1 1 1 1 1 1 1 1 1 1 1 1 1 1 1 1 1 1 1 1 1 1 1 1 1 1 1 1 1 1 1 1 1 1 1 1 1 1 1 1 1 1 1 1 1 1 1 1 1 1 1 1 1 1 1 1 1 1 1 1 1 1 1 1 1 1 1 1 1 1 1 1 1 1 1 1 1 1 1 1 1 1 1 1 1 1 1 1 1 1 1 1 1 1 1 1 1 1 1 1 1 1 1 1 1 1 1 1 1 1 1 1 1 1 1 1 1 1 1 1 1 1 1 1 1 1 1 1 1 1 1 1 1 1 1 1 1 1 1 1 1 1 1 1 1 1 1 1 1 1 1 1 1 1 1 1 1 1 1 1 1 1 1 1 1 1 1 1 1 1 1 1 1 1 1 1 1 1 1 1 1 1 1 1 1 1 1 1 1 1 1 1 1 1 1 1 1 1 1 1 1 1 1 1 1 1 1 1 1 1 1 1 1 1 1 1 1 1 1 1 1 1 1 1 1 1 1 1 1 1 1 1 1 1 1 1 1 1 1 1 1 1 1 1 1 1 1 1 1 1 1 1 1 1 1 1 1 1 1 1 1 1 1 1 1 1 1 1 1 1 1 1 1 1 1 1 1 1 1 1 1 1 1 1 1 1 1 1 1 1 1 1 1 1 1 1 1 1 1 1 1 1 1 1 1 1 1 1 1 1 1 1 1 1 1 1 1 1 1 1 1 1 1 1 1 1 1 1 1 1 1 1 1 1 1 1 1 1 1 1 1 1 1 1 1 1 1 1 1 1 1 1 1 1 1 1 1 1 1 1 1 1 1 1 1 1 1 1 1 1 1 1 1 1 1 1 1 1 1 1 1 1 1 1 1 1 1 1 1 1 1 1 1 1 1 1 1 1 1 1 1 1 1 1 1 1 1 1 1 1 1 1 1 1 1 1 1 1 1 1 1 1 1 1 1 1 1 1 1 1 1 1 1 1 1 1 1 1 1 1 1 1 1 1 1 1 1 1 1 1 1 1 1 1 1 1 1 1 1 1 1 1 1 1 1 1 1 1 1 1 1 1 1 1 1 1 1 1 1 1 1 1 1 1 1 1 1 1 1 1 1 1 1 1 1 1 1 1 1 1 1 1 1 1 1 1 1 1 1 1 1 1 1 1 1 1 1 1 1 1 1 1 1 1 1 1 1 1 1 1 1 1 1 1 1 1 1 1 1 1 1 1 1 1 1 1 1 1 1 1 1 1 1 1 1 1 1 1 1 1 1 1 1 1 1 1 1 1 1 1 1 1 1 1 1 1 1 1 1 1 1 1 1 1 1 1 1 1 1 1 1 1 1 1 1 1 1 1 1 1 1 1 1 1 1 1 1 1 1 1 1 1 1 1 1 1 1 1 1 1 1 1 1 1 1 1 1 1 1 1 1 1 1 1 1 1 1 1 1 1 1 1 1 1 1 1 1 1 1 1 1 1 1 1 1 1 1 1 1 1 1 1 1 1 1 1 1 1 1 1 1 1 1 1 1 1 1 1 1 1 1 1 1 1 1 1 1 1 1 1 1 1 1 1 1 1 1 1 1 1 1 1 1 1 1 1 1 1 1 1 1 1 1 1 1 1 1 1 1 1 1 1 1 1 1 1 1 1 1 1 1 1 1 1 1 1 1 1 1 1 1 1 1 1 1 1 1 1 1 1 1 1 1 1 1 1 1 1 1 1 1 1 1 1 1 1 1 1 1 1 1 1 1 1 1 1 1 1 1 1 1 1 1 1 1 1 1 1 1 1 1 1 1 1 1 1 1 1 1 1 1 1 1 1 1 1 1 1 1 1 1 1 1 1 1 1 1 1 1 1 1 1 1 1 1 1 1 1 1 1 1 1 1 1 1 1 1 1 1 1 1 1 1 1 1 1 1 1 1 1 1 1 1 1 1 1 1 1 1 1 1 1 1 1 1 1 1 1 1 1 1 1 1 1 1 1 1 1 1 1 1 1 1 1 1 1 1 1 1 1 1 1 1 1 1 1 1 1 1 1 1 1 1 1 1 1 1 1 1 1 1 1 1 1 1 1 1 1 1 1 1 1 1 1 1 1 1 1 1 1 1 1 1 1 1 1 1 1 1 1 1 1 1 1 1 1 1 1 1 1 1 1 1 1 1 1 1 1 1 1 1 1 1 1 1 1 1 1 1 1 1 1 1 1 1 1 1 1 1 1 1 1 1 1 1 1 1 1 1 1 1 1 1 1 1 1 1 1 1 1 1 1 1 1 1 1 1 1 1 1 1 1 1 1 1 1 1 1 1 1 1 1 1 1 1 1 1 1 1 1 1 1 1 1 1 1 1 1 1 1 1 1 1 1 1 1 1 1 1 1 1 1 1 1 1 1 1 1 1 1 1 1 1 1 1 1 1 1 1 1 1 1 1 1 1 1 1 1 1 1 1 1 1 1 1 1 1 1 1 1 1 1 1 1 1 1
        </DataArray>
      </Cells>
      <PointData>
        <DataArray type="Float32" Name="velocity" NumberOfComponents="3" format="ascii">
          0.004206907 -0.006037837 -0.007005493 0.02691265 -0.024276 0.05865164 0.001191142 -0.004612396 -0.03174318 0.006886766 -7.191661e-05 0.01364442 -0.007886078 -0.003734004 -0.01608252 -0.08211263 -0.2720941 -0.3501523 0.005005625 0.01145596 0.01190473 0.001455643 0.004911272 0.01370326 0.01835496 0.01203205 -0.006634763 -0.01360331 -0.002948923 -0.07719766 -0.01057837 0.001698295 0.004824192 -0.005858298 0.01043363 0.01916767 -0.006796192 -0.00857899 -0.02036299 0.01087863 -0.002524473 0.01048595 0.006730851 -0.005512625 -0.0361482 0.01935016 -0.008402373 0.02137531 -0.03399721 0.02315734 -0.06326072 0.01677414 -0.01218707 0.03770308 0.008573335 0.006084869 0.00396216 -0.07455318 -0.004362524 -0.04300332 -0.007243793 0.003383068 -0.01597087 -0.006425597 -0.008587392 -0.006177041 0.001220625 -0.03021321 -0.01885528 -0.006339389 -0.008054568 0.001330429 -0.007156316 0.005707707 0.009004408 0.01036449 -0.005435023 -0.02876855 0.04170607 -0.006153023 0.05414118 -0.008262448 -0.006769994 -0.0012644 -0.0009680274 0.02781571 0.08488618 -0.01395056 0.001324773 -0.03572113 0.0205977 -0.01515861 -0.01469001 0.01143608 -0.006211452 -0.003712594 -0.01544832 0.003471706 -0.02375466 0.01483034 0.02248002 0.03766618 -0.01348136 -0.002425404 0.01319258 -0.01481394 0.005447835 -0.01472881 -0.02786088 0.06660351 -0.03211098 -0.002826523 0.01087971 -0.0006621843 -0.003600478 0.01359823 0.02745559 0.003431663 0.01080581 -0.01170866 0.01011693 0.0004878269 0.01589802 -0.06842474 -0.1604604 -0.5565774 -0.006560079 0.005173178 -0.01870205 0.05841186 0.006513183 0.02272057 -0.004493743 0.01781034 0.06396241 -0.004822347 -0.004481166 -0.01779745 -0.008908737 0.004476758 -0.003806143 0.002624911 0.005438752 -0.003564148 -0.01092038 0.01906399 0.000370265 0.02239024 -0.04460876 -0.2526217 0.1051996 -0.05237139 -0.27355 0.02527057 -0.01763182 -0.01330024 0.008146457 -0.0004188417 -0.01109528 0.01175871 0.03677737 -0.02997512 -0.06375288 -0.02105439 -0.2278444 -0.001696817 -0.002633171 0.002407272 0.03179944 -0.02987711 0.03969529 -0.02411715 -0.0822258 -0.01118986 -0.1116906 0.04124903 -0.009041357 -0.0008734274 -0.009729894 0.02019143 -0.009061638 -0.005115287 -0.00889911 -0.05563221 0.03136261 0.03835947 0.0114757 -0.001999948 -0.008638269 -0.01185536 -0.0005346126 -0.009337912 0.08314092 0.06215749 -0.1464241 -0.0003686394 0.004078574 0.01182156 0.01263458 -0.006416716 -0.001710544 0.006893266 0.006615022 -0.01645101 -0.1368225 0.01358419 -0.0279648 -0.002227909 0.0071311 -0.03198164 -0.01588356 0.01359503 0.00222955 0.009044927 -0.008774633 -0.01153258 -0.01957111 -0.1524532 -0.3986709 -0.05064667 0.02545214 0.03454667 0.01907404 -0.01450686 0.01620478 -0.01608521 -0.0006189848 0.04135664 0.1461318 -0.07811466 0.1128518 0.06750058 -0.01729054 0.05228119 0.02202645 -0.01784639 -0.04865452 -0.01271282 -0.002239081 -0.005093555 0.002113909 -0.006393313 -0.00446388 -0.00937615 -0.000541333 0.001866599 -0.00324431 -0.007879119 -0.0002082316 0.001481638 -0.007121239 0.01358825 0.0004852717 -0.000623999 -0.01186104 -0.0009989101 0.005781431 0.03391277 0.0194754 0.0003341605 0.002428972 -0.02360919 0.03238998 0.01444892 -0.002222374 0.004737582 -0.00228799 0.01213346 -0.00642731 0.004388806 -0.002950426 0.002620803 -0.004580422 -0.09315715 -0.1517749 -0.1760831 -0.006877571 -0.004871831 0.001054292 -0.01590903 0.00243981 0.01339744 0.01411999 0.010738 0.006784962 0.00983486 0.01096345 0.007939474 -0.01384014 -0.000590138 -0.02353614 -0.01789581 0.03129642 0.04518942 -0.000684503 -0.007366581 3.95784e-05 0.01557571 -0.01620572 0.007821559 0.01530002 -0.02832913 -0.003369625 -0.03440087 0.01927538 -0.01016498 0.04045506 -0.009016408 -0.05574638 -0.00373663 0.005559104 0.02827458 -0.1091438 -0.06363004 -0.07464042 0.01326056 0.009888946 0.008772998 0.01609037 0.01834039 0.01979418 -0.004473719 0.01582512 0.01217299 -0.0246543 -0.1063042 -0.1235788 0.001172472 0.01012964 0.01260176 0.00338639 0.001877649 -0.0105373 0.06351659 -0.01487491 0.06045499 0.01724688 -0.01134541 0.02142448 -0.01812453 0.01568078 0.01199353 0.003853169 -0.004091179 0.002692805 0.008795973 -0.006583661 -0.02595554 0.02123136 -0.02105859 0.003233035 -0.0007326654 0.01182723 -0.01093124 -0.009396758 -0.01642165 0.007139822 0.02040057 -0.01757952 0.008460351 0.007682164 0.009069134 0.01402562 -0.0123588 -0.002806805 0.01038309 0.01542517 -0.002857946 0.03498966 0.006598924 -0.01589195 -0.02124363 0.004642215 -0.005032169 0.007442028 0.008725777 0.02745366 0.03431437 0.01308982 -0.004549572 -0.005232944 -0.01009329 0.07906581 -0.2785253 0.01439574 0.009427734 0.02418442 -0.04066061 0.01097143 0.06224654 -0.006096459 0.005211232 -0.004492107 0.01999234 -0.01081879 0.005908535 0.1201888 -0.0217772 -0.09491904 -0.002310212 -0.01643994 0.01907641 -0.04985046 0.0396885 0.05212308 -0.02458337 0.01670496 0.02236857 -0.03561626 0.0415686 -0.0381502 0.01297112 0.003051389 0.006088187 -0.002799768 0.01531146 0.01777366 0.01216771 -0.003207779 0.03707622 0.008384135 0.006250694 0.01589821 0.02215181 -0.006003296 -0.008698988 -0.1078264 0.003386522 -0.4719406 -0.3735569 -0.2738011 -0.9603507 0.04382371 -0.1341734 -0.2000671 -0.008623917 0.004968492 0.01632196 -0.005238823 -0.005653076 0.005552479 0.04991085 0.03131801 -0.08973786 0.005952079 -0.002689887 -0.02579305 0.1425052 -0.09237112 0.06811162 0.002427146 -0.01286468 -0.0128969 0.00782676 -0.004511955 -0.008094399 -0.02212008 0.01724932 0.0562445 -0.01737125 -0.001706879 -0.01630279 -0.001815069 -0.002922041 -0.001925423 0.1933079 -0.1054418 0.09244533 -0.04708534 -0.002249954 -0.01983373 0.1277087 -0.0354436 -0.2152496 0.008328006 0.0371335 0.04420792 -0.00192948 0.006455483 0.009097674 0.006556126 -0.01452638 0.01329102 0.004516613 0.004409408 0.004917883 -0.001135926 -0.04154234 0.001373668 -0.002231344 0.002335867 -0.02704811 0.02393398 -0.006415334 0.005759151 -0.01158078 0.01700327 -0.01850349 -0.01255896 -0.0005800015 -0.01799563 -0.0005451473 0.007222204 0.0369471 0.007605566 -0.008573487 -0.01545913 0.2508467 -0.1392573 0.1192195 0.009826526 -0.004312146 0.00123993 -0.01000253 -0.0003338418 -0.0009391783 0.01684376 0.03922081 0.05853636 0.008337967 0.04434481 0.04953047 -0.02143917 0.005993558 -0.01793224 -0.007653556 -0.003629969 -0.02900259 0.006344755 -0.002863873 0.02159235 0.01913121 -0.01569174 0.02106094 0.0127793 -0.0002719247 0.0007926235 0.005620778 0.00418845 -0.03750967 0.03610096 -0.04555218 0.05289537 -0.008534363 0.004932724 -0.03433672 -0.118478 -0.1081006 -0.5523267 0.004681167 0.01183457 0.01621643 -0.008492567 0.002222911 0.01362357 0.001142137 0.006700292 -0.01894488 -0.006699819 -0.006797547 0.000787952 -0.01663811 0.006028466 -0.0168141 0.007709671 -0.01177594 -0.0179672 0.009024836 -0.01054036 -0.01163821 0.01310345 -0.01032651 0.0007199962 0.003432978 -0.01044711 0.006261372 -0.006508201 0.008488052 0.0165612 0.02572666 -0.01004719 0.01152797 0.01089666 -0.008597011 0.01424405 -0.0001173648 0.005410757 0.03822891 0.006577984 0.004541302 0.009250657 -0.003268881 -0.001987884 0.01019287 -0.01487809 0.006443311 -0.008357233 0.004578919 0.01874929 0.009203651 0.01118697 -0.02379634 -0.02526136 0.02477264 -0.02470659 0.02943624 0.005393606 -0.01256622 0.006146326 0.01156785 0.03400608 0.04154778 0.02434558 -0.0006676427 0.02732956 -0.007798515 -0.009778846 -0.006258889 -0.02794625 0.01867099 -0.002758986 -0.07053287 0.05582685 0.001572468 -0.1061592 -0.05817633 -0.09178136 -0.001730363 0.007255118 0.01026081 -0.05236003 -0.007070746 -0.03026053 0.004054111 -0.02356268 -0.03457561 0.01037851 0.004589906 -0.001505665 -0.02212767 0.01454235 -0.004992002 0.008567393 0.0270691 -0.04845129 -0.00233772 -0.01891731 -0.02990014 -0.2204347 -0.1475496 -0.5643259 0.01958329 0.0107426 -0.008264377 1.050578e-05 0.01310443 -0.01846953 9.100931e-05 -0.01557359 0.02699263 -0.2330759 -0.4008577 -0.6840506 -0.002306323 0.004598526 -0.008455283 0.02389375 -0.01963962 -0.02380793 -0.01495922 -0.01473038 0.01804134 -0.009857241 -0.002438585 -0.01712179 0.0006185104 0.0003207215 -0.0439187 -0.01111877 0.032509 0.08969067 -0.01361239 0.02368627 0.07718347 -0.003135841 0.01260657 0.02165156 0.01489747 -0.02345528 -0.01855876 -0.04971551 -0.004713226 -0.04676636 0.009622488 0.009198781 0.0004814053 -0.005200017 -0.1126713 -0.03954665 0.04794479 -0.04337219 0.022772 0.00197543 0.01737799 -0.01122913 0.0001564105 0.0002305397 0.003036932 -0.0001007873 0.000575414 0.01814539 0.0009136912 -0.007681161 0.0009856792 -0.01538507 0.001203572 -0.02962035 0.02973136 -0.004186951 0.07159314 -0.02162516 0.03697748 -0.1015453 0.003128604 0.007568974 0.02409104 -0.01145228 -0.002744922 -0.005661993 -0.003200996 0.0137835 0.02693332 0.004760974 -0.002902808 0.005759229 -0.03748398 0.05262708 -0.2990686 -0.01294251 0.001404767 -0.007738392 -0.004203658 0.006095121 0.02540063 0.005358808 -0.0004954505 0.02060764 -0.020726 0.02263771 0.0153365 -0.002609875 0.01022994 -0.002277589 -0.0004962455 0.001583494 -0.006090759 0.009106729 -0.003651099 0.000805215 0.005601826 -0.01062096 -0.01551016 -0.09093088 -0.009947097 -0.1791075 0.02157588 -0.008511595 0.02653436 -0.01347405 0.01242163 -0.01194922 -0.01626624 -0.00139797 0.02167319 0.0148018 -0.02676538 -0.04836847 -0.002047444 0.008421598 -0.01240538 0.005500406 -0.004155012 0.01156484 0.006617122 -0.01014395 -0.02510124 -0.003023727 0.002580114 -0.01364506 -0.003287031 0.01481179 0.01973472 0.01539804 -0.004364915 -0.008792826 -0.0125983 0.01060749 -0.01161776 -0.007686127 -0.01084397 -0.002401843 0.003133435 -0.005953562 -0.00571832 -0.02314012 0.01105434 -0.01223961 -0.008008096 0.001567287 0.02342122 0.01247604 0.006012056 0.02939456 0.002651949 0.01270851 0.006640927 -0.06700362 -0.05789598 -0.126974 -0.002983722 0.00220846 -0.01349062 -0.008359849 0.003328396 -0.00330273 0.009727344 0.009889103 0.002736055 0.005743195 -0.004957603 0.006275957 0.00219613 -0.009789268 -0.02716878 0.01426267 0.0005579648 -0.011408 0.02817205 -0.02299586 0.03729139 0.01029732 -0.00987632 -0.007073647 -0.01982757 0.02019136 0.01386397 -0.0239806 0.01359676 -0.01626293 -0.002565328 -0.006633441 -0.001034674 0.007146087 -0.001166329 0.01575682 -0.002598982 0.04811325 0.05821012 -0.004132859 -0.02053676 0.0229361 0.005333003 0.002643772 -0.02145626 -0.0004743147 -0.007085979 0.0127527 0.01405463 0.007752687 0.0539536 -0.01113952 -0.002596489 -0.009433257 0.007391125 0.04772898 0.05165458 0.01337329 0.02625327 0.00112711 -0.004803681 0.001653031 0.06003898 -0.008983668 -0.004818821 -0.00647956 -0.01590464 0.03279164 -0.02705118 -0.06723931 0.05657114 0.03460161 0.0239368 -0.05586693 0.01827809 0.01084711 0.0001583315 -0.06511043 0.0007440639 0.00328468 0.01347605 -0.003347311 0.01455667 0.004255847 -0.00130029 0.01204931 -0.01460753 -0.003861751 0.003383724 0.01387924 -0.002982821 -0.004922798 -0.01342142 -0.005116172 0.002758892 0.009269365 -0.01853556 0.01782534 0.02313318 0.00283159 -0.004634828 0.03028453 -0.04208212 -0.03989254 -0.07553109 -0.002639602 0.006552923 0.009587661 0.02080512 0.01130658 -0.01401266 0.003932283 0.0105947 0.0200654 0.04228098 0.01089643 -0.6163455 0.006982625 -0.008723799 0.0002662176 -0.0019699 0.0104603 0.024747 -0.0008123587 0.004900986 0.003426311 0.00792104 -0.007481063 0.01993469 -0.05022678 -0.05288291 -0.03969404 -0.0880139 0.04856539 -0.3091325 -0.0009291577 -0.0147235 0.01147617 0.008056756 -0.01006204 -0.01932074 0.08070744 -0.04283993 0.03119031 0.002419879 0.006412811 -0.02765128 0.007369861 -0.002447881 0.02008494 0.01136699 -0.02290673 0.02491955 0.02765692 0.004784804 -0.004702411 0.02152407 -0.00821298 0.01912653 -0.005902029 -0.003173964 0.00613849 0.145077 -0.07557919 0.06199222 -0.0006145588 -0.004961675 -0.02389139 0.01683346 -0.01058432 0.0104895 0.01060198 0.01284027 0.02399731 -0.01640109 0.008748113 0.01788451 -0.001391503 0.005170079 0.01360588 -0.01775397 0.00408514 -0.01814276 0.02588991 -0.02865239 0.04673548 -0.003848489 0.006922934 -0.02824246 0.01624695 0.02067999 -0.00459295 0.01042435 0.002031781 -0.01537934 0.04191678 -0.05144074 -0.03180101 -0.009280734 -0.005303698 -0.01329025 -0.002100963 -0.02063513 -0.008745535 -0.004738131 0.001081048 0.01010431 0.01500151 -0.0007015037 -0.01212861 0.04597852 -0.008128077 0.06153891 -0.01189122 0.007568377 -0.002122476 -0.004439914 0.009597926 -0.04367579 -0.009072226 -0.002883498 0.0008494714 0.0007312042 -0.008770846 -6.968064e-05 -0.006389267 -0.003991686 -0.018231 0.1093109 -0.03867595 -0.1140998 0.002220735 -0.007385807 -0.0005867062 0.0209898 -0.006501377 0.0147942 -0.004053741 0.005661698 -0.003779455 -0.005483474 -0.0114114 -0.01727482 -0.006236936 -0.01183226 0.007678182 -0.006538711 0.01200267 -0.0006406223 -0.05968226 -0.02640023 0.01228514 -0.00165807 -0.001186032 -0.01926941 -0.01236404 0.007533841 -0.009511936 0.01170558 0.0256414 0.0299731 -0.002041235 0.01816111 0.04732934 0.0004608785 0.0094443 0.01208197 -0.01280828 -0.006110551 -0.02118753 -0.01120039 -0.007830564 0.006209944 -0.006499387 -0.0004113958 0.04133119 0.003378883 -0.003109489 -0.01723926 0.01759261 0.05175768 -0.03539944 0.005194115 0.02793026 -0.05394115 -0.04072127 -0.1734921 -0.1503384 -0.003538556 0.05372368 0.05861451 -0.002405056 -0.01295954 0.01237501 0.003177312 1.539022e-05 -0.03689222 -0.04289488 0.04089326 -0.06043193 0.01216255 0.03547015 0.04368935 -0.0001170221 0.05019481 0.05602325 -0.0263726 0.02592667 -0.03158057 0.01106222 0.001691111 -0.01839886 -0.0116422 0.008880401 -0.01149584 -0.004114255 -0.01215754 -0.02261396 0.05354001 0.004277159 0.01330827 -0.007859796 -0.0005331597 -0.01836973 -0.002088863 -0.02050962 -0.02812129 0.02032771 0.008950632 0.03469282 -0.005672115 -0.002241103 0.001813062 0.01971776 -0.0003078094 0.03169456 0.003075682 -0.001321925 -0.01422891 -0.2237012 -0.1771686 -0.7591909 0.002663907 0.001081623 0.01421093 0.0199123 -0.01387212 0.03159647 -0.02028852 -0.01013215 -0.02744046 0.006598652 -0.008028822 -0.02375373 -0.005648324 0.00766743 -0.000476663 -0.01738286 0.00326274 -0.02755529 -0.01849009 -0.00125152 0.004203574 9.726221e-05 0.0009228644 0.0119582 0.0008728211 0.003260789 0.0004880736 0.005205613 -0.007146053 -0.001387849 0.0008045402 0.004381386 0.001737845 -0.04814807 -0.05649848 -0.04613204 0.001220782 -0.01115549 0.004558866 0.01662077 0.0008219202 -0.02546014 0.02181813 0.01835075 -0.0183189 -0.002921695 0.02162558 0.004813631 -0.008783258 0.01742164 -0.03113551 -0.008499432 0.0009757747 0.0006299624 -0.07812716 0.06041095 0.0003321609 -0.004000622 -0.005868295 0.01340428 0.009596171 0.02129878 -0.02822993 -0.002054416 0.005851556 -0.00263951 0.02218502 -0.009302035 0.01828212 0.002091159 -0.003629934 0.007138138 0.006677472 -0.008509535 0.001982496 0.2707915 -0.1543089 0.1403495 -0.02685748 -0.02482121 -0.02785338 0.01639494 0.03339189 -0.03260695 0.007573888 -0.007190352 -0.02386837 0.03127714 -0.004527718 0.03282011 0.1242418 0.04891027 -0.09081951 -0.01110851 0.005555386 -0.01838931 0.004319963 -0.01047292 0.01728011 -0.01265053 0.0002568049 -0.04565749 0.01092812 0.007593539 0.02003251 -0.0149499 0.0003554822 -0.01027832 -0.009450238 0.001407065 -0.00146627 0.000446659 0.01634438 0.005749837 -0.01358411 0.0293876 -0.01465645 -0.021259 0.01027754 0.03239264 -0.01117126 -0.03191083 0.02000565 0.01049294 -0.00135554 -0.008682846 0.004408818 0.01165445 0.01721662 0.006220505 -0.002488289 0.01725687 -0.0009286921 -0.0007827393 0.01334895 -0.01270898 -0.003573991 0.007014793 -0.01619337 0.002363989 -0.03649078 -0.001467276 -0.004173109 0.003463746 0.003473405 -0.004493074 0.003829339 -0.01955433 0.01766643 0.02121973 0.01509662 -0.004270729 0.01402851 -0.006260637 -0.002836736 -0.02586316 -0.005646571 -0.009635217 0.01008204 -0.006068307 0.006511847 -0.02835221 0.0001826365 0.04874915 0.06276973 0.003396869 0.0467592 0.04827027 -0.2337158 -0.1381507 -0.3196148 -0.007603421 0.007146368 -0.006264213 0.0011415 -0.00285227 -0.0297577 -0.0163161 -0.001728419 -0.023865 0.004967973 -0.01508488 -0.03151384 -0.004184767 0.02325388 -0.02328954 -0.003160662 -0.006751211 -0.05476963 0.03595297 -0.01927659 -0.002114586 0.0172175 0.0007772205 -0.007997955 -0.01899392 -0.002072444 -1.485182e-05 -0.02144711 0.006792309 -0.02070881 0.005675409 0.005281012 5.458573e-05 0.003974349 -0.008605672 0.04264777 0.02096257 -0.00981024 0.02272053 -0.007804274 -0.0009077265 -0.03121902 -0.01519201 -0.002331281 0.01969633 -0.009321116 -0.03687281 0.02655914 0.02879526 -0.0007366611 0.04443319 0.01065321 -0.003215904 -0.001864447 -0.00429134 0.01073797 -0.0264819 0.01647908 0.01642117 -0.09568899 -0.003800623 0.009852439 0.01969395 -0.01637667 -0.0725423 0.01116152 -0.06600802 -0.03843543 -0.05553556 -0.008894853 0.01011488 -0.01443447 0.01397713 -0.02184235 -0.01817007 -0.002555754 3.761996e-05 0.007280965 -0.006446834 -0.0005385651 -0.0157292 0.02094704 -0.01431798 -0.004829462 -0.07504126 -0.03318294 -0.007221042 0.005648174 0.0275085 0.002193571 0.03639279 -0.008090347 0.05290152 0.0032788 -0.006509082 -0.0009040264 -0.002192692 -0.0907887 0.03603937 0.008577388 0.02987359 0.02415917 -0.02165744 -0.001376552 0.0132005 0.01075151 0.03579406 0.04274193 -0.003813926 -0.006163485 -0.01694713 -0.001017992 0.004993213 -0.003377849 0.03397192 -0.02576984 -0.5409373 0.03972016 -0.01481602 0.01401862 -0.006413113 -0.174556 -0.4612215 0.02082831 -0.02443898 -0.01617228 -0.02513758 0.04330774 0.01153605 0.02157731 0.00721154 0.03599264 -0.008081742 0.01233842 0.0002481556 -0.01020204 0.001200393 -0.00825655 -0.02504967 0.03950901 0.01715974 -0.0100678 -0.003141016 0.02774101 -0.0001421827 -0.00803146 -0.005772422 0.01357308 -0.0001083276 -0.01351131 -0.003785725 0.006960077 -0.01115957 0.01715109 -0.01675695 0.02442909 -0.09898118 -0.0494553 -0.04677559 -0.0006450224 -0.01591465 -0.02575521 -0.01127449 0.01377592 -0.03515304 -0.004084132 -0.001750942 -0.003861333 -0.0584949 -0.06312502 -0.1068902 -0.0121 -0.01818102 0.003773992 0.00554185 -0.002023444 0.01798473 -0.009247247 -0.004110999 -0.007678931 0.01688662 -0.01774966 0.03430738 0.02638161 -0.01892921 -0.01556542 -0.05131127 0.04220589 -0.03451203 -0.01058749 0.007177705 0.01736286 -0.01039072 0.006149393 -0.007984097 -0.003212649 -0.007522935 0.03912406 -0.01139316 0.002107237 0.02603123 0.01225718 -0.01505905 -0.007655147 -0.01106685 0.007533267 -0.01072617 0.0006520119 0.008063403 0.0165946 -0.002397969 0.009577591 0.01468868 0.005890746 -0.01739956 -0.01623783 -0.01476622 0.008545587 -0.01407812 -0.01987747 0.02391137 0.07859377 0.02103607 0.01291018 0.05332959 -0.02807841 0.003170779 0.05241328 -0.001255828 0.03633874 -0.0628078 0.0103411 -0.009940248 -0.02311336 0.008816008 -0.01622592 -0.01383358 -0.01350693 -0.001544421 -0.03236066 -0.003989163 0.003376393 -0.009291141 0.02041505 -0.05492331 0.05285665 0.004621499 -0.00449349 -0.01084199 -0.09313531 -0.008369572 -0.06418984 -0.01933532 0.01147023 -0.01383366 -0.02300467 0.01052822 -0.01798855 -0.001997727 0.02124807 0.05926731 -0.01197114 0.005423645 -0.0104572 0.08047927 0.07507849 -0.1446193 0.009799752 -0.01192467 -0.005765437 -0.002269875 -0.002635605 -0.007882261 0.01074411 0.03629604 0.04001372 -0.003278823 -0.01042995 0.009874047 0.0420377 0.02150116 -0.1057458 0.007087119 -0.006931923 0.009238725 0.0132999 0.001074292 -0.002018605 -0.03145905 0.03523406 0.04140764 0.01439691 -0.007541036 -0.01950946 0.01572056 0.01253515 0.03762934 0.00174796 0.02027614 0.03681466 -0.01523575 -0.002169224 -0.024581 0.01931017 0.005181212 -0.04716684 0.01426803 -0.003869614 0.001224435 0.009353843 -0.008353929 -0.04461402 -0.007312316 -0.007018695 -0.01445605 -0.007605071 -0.01091089 -0.005369342 0.0645855 0.01372418 -0.460187 0.009185109 0.02503616 0.03254716 -0.001664127 0.008168316 -0.01383476 -0.001216542 0.0001172844 0.002468263 0.01290131 0.0131587 0.0301014 -0.00105177 -0.001051001 0.01761311 0.0705755 -0.05385498 0.02660705 0.002692521 -0.01331164 0.003282973 0.007003678 -0.01595855 0.01860417 0.00152484 -0.01661101 0.02393323 -0.0005661058 -0.01431804 -0.01949756 0.002287489 -0.01080942 0.00983809 -0.01176642 0.002962692 -0.003265535 0.01179485 -0.03044618 0.02794406 0.01156091 -0.01133107 -0.003673303 0.00938374 -0.008273082 -0.008859518 0.006977154 -0.0183577 0.02129006 0.01972347 -0.007243285 0.009594158 -0.005045067 0.05721644 -0.09451266 -0.06023541 -0.05672951 -0.6235321 -0.02528434 -0.0006393938 -0.01348149 -0.007629461 -0.005442718 -0.01224935 0.1319243 -0.08251697 0.1127112 0.06310164 -0.01574479 0.02279133 -0.01024109 0.00991568 0.009055474 -0.002664491 0.00886555 -0.007385301 0.0196799 -0.03642659 0.04640051 0.02041868 -0.01689269 0.004658216 -0.02996139 0.02286842 -0.005139383 0.01177387 -0.01096071 -0.004478025 -0.009710878 0.01430628 -0.006429284 0.03105696 0.005553251 0.08428641 0.001368162 0.007939972 -0.05165621 0.003782932 -0.01942344 -0.03642387 -0.01298157 -0.002712723 -0.02006388 -0.001155599 -0.02657845 0.01091343 0.03746719 0.002054954 -0.00244823 -0.04906977 0.03368434 -0.05195235 0.01480737 0.0001967681 0.03303757 0.007626322 -0.008854924 -0.01547713 0.01265175 -0.01187211 -0.0440567 -0.008715332 0.005097747 -0.02471276 -0.003669913 0.03778365 -0.002337906 -0.006053078 0.01369005 -0.02581423 -0.03293511 0.002592353 0.02973862 -0.01427858 -0.001275601 -0.03192012 0.002968427 0.01568883 0.002085247 0.0008799066 0.0003626366 -0.0169743 0.0001193476 -0.00323145 -0.003328894 0.03697094 0.05129672 -0.06635273 -0.009102665 0.00248822 0.04472035 0.0002955538 0.007591428 0.02177827 -0.01542459 -0.005780918 -0.06931331 -0.0150746 0.01543519 -0.00772035 -0.002839788 -0.01142085 0.009999049 0.007807374 0.04688584 0.0508453 0.005911408 -0.004483819 0.0002537919 0.01197453 0.003738781 0.01810331 -0.01019611 0.006508753 0.0135622 0.006342009 -0.009667099 -0.01813183 0.06652112 -0.02305054 0.04366211 -0.01263585 0.007494471 0.04087453 -0.01551486 -0.008468868 -0.1480343 -0.01425553 -0.09615113 -0.02817117 0.00199578 -0.00818106 0.006009475 0.02003269 -0.009959342 0.01968644 -0.00233405 0.01076897 0.0209796 0.01118854 -0.003239464 0.02131369 0.0003689607 0.008482721 -0.003253735 -0.002085864 0.003545325 -0.01218709 0.01666608 -0.01641082 -0.02116382 0.005487618 -0.01306257 -0.0171944 -0.06550147 0.05526435 0.03289892 0.005246696 -0.001838367 0.001563353 -0.004565294 0.0007018541 0.00166094 0.01021155 -0.01717232 0.01360373 0.006961901 0.03306055 -0.04382404 0.001393114 0.007092141 -0.05485267 -0.006665311 -0.009764295 0.001001018 -0.0001643333 0.003115969 0.005029307 -0.00470712 -0.009990526 0.01055579 -0.0077617 0.008922367 0.0008612322 0.001945563 -0.001652865 0.01644982 0.009279337 -0.0074485 -0.006310831 -0.01534648 -0.000779597 0.02581655 -0.002111695 -0.00498159 -9.641705e-05 0.01695457 -0.02642297 -0.03748687 -0.03102925 0.005867762 0.04716848 0.03769734 -0.004719649 0.05158516 0.0264489 -0.01082207 -0.1679413 -0.001294637 0.004725436 -0.004265896 -0.007695827 0.0008443013 -0.01093416 -0.02965606 0.01004567 -0.009421698 -0.009802252 7.820514e-05 0.009596557 0.00102938 0.001778051 -0.03029021 -0.007679518 0.001845483 0.01362985 0.002394174 -0.001773324 0.02683192 0.001420308 -0.007226266 -0.01754215 0.01163869 0.003553698 -0.01905393 -0.0553992 0.05317068 0.01418541 0.008067068 0.002102752 0.01041623 0.01372907 0.02373804 0.05543416 0.0102066 0.005016848 -0.006534494 0.006753002 0.0331038 0.04014453 0.02717545 -0.02921616 -0.01889608 -0.2156766 -0.1371398 -0.467744 0.05252869 -0.0272201 0.01300332 -0.001079447 -0.00503107 0.01523652 -0.01787004 0.01782902 -0.003829434 0.02661909 -0.02114097 0.03035044 0.0162177 0.01301962 0.05069427 -0.01095545 -0.002979625 0.02800731 -0.003064747 0.05372436 0.05752724 -0.005883075 -0.006036619 0.00323961 0.03859143 -0.02089916 -0.001619545 0.005509234 -0.01619057 0.01109047 -0.01449604 -0.00172107 -0.01679681 -0.008933559 0.001173424 0.00664786 -0.003456663 -0.01209138 0.006249928 -0.009938989 0.0003123722 -0.01873554 0.00666589 -0.0007018315 -0.02565359 0.008300792 0.005007912 0.006393922 0.009170713 -0.001278339 -0.01800985 -0.008249253 -0.01085924 -6.848109e-05 0.0122555 -0.01260349 -0.01444451 0.004733738 0.01081043 0.0006258124 -0.02665173 0.004517676 -0.0151337 0.009222165 -0.005600421 0.02270125 0.04821016 -0.01322664 -0.1425538 -0.02043217 -0.08715743 -0.02579406 -0.001080665 -0.01038819 0.008513928 0.004200351 -0.007762948 -0.02359384 0.09650393 -0.02805139 -0.2365761 0.008131567 0.001285691 0.01400825 0.02141265 -0.005172981 0.01473966 0.003293977 -0.005485104 -0.01055795 0.005045038 -0.0217865 0.03840207 0.05921383 -0.02891711 0.03373933 -0.0136047 -0.003060303 -0.0768532 -0.03714029 0.03924267 -0.05839225 -0.01109537 -0.008426441 0.04644023 -0.005106203 -0.004034488 -0.007567978 0.01841707 -0.01308198 0.003468991 -0.00363038 0.02015487 0.0009186147 0.01114548 0.004865868 -0.009466878 -0.002269528 -0.00369654 0.003078715 -0.007912397 0.006813519 -0.0118913 0.0005871695 -0.009640409 0.02720091 -0.01147798 0.004374173 -0.01941199 0.019479 -0.008530637 0.01189869 -0.002413701 -0.007263301 -0.006627391 0.01440666 -0.01068664 -0.02307254 0.01154987 0.02886376 0.01873053 0.006424208 -0.000376894 -0.01306871 -0.01191179 0.01671106 -0.02210077 0.0002954681 -0.008388657 -0.003359555 -0.003931034 -0.009220589 0.01213338 0.01522209 -0.001246109 -0.01754854 0.002860811 0.003561855 -0.004569522 -0.004802104 -0.007511519 0.0001694308 -0.0210239 -0.001035694 -0.01461784 0.0007604272 0.008200277 -0.01790193 -0.009780318 -0.005558491 0.01088069 -0.02958584 -0.003144871 -0.02412884 -0.006181366 -0.002740864 0.002770436 0.009250686 0.001585836 0.01175569 -0.02152109 0.02735478 0.01858106 -0.00492588 -0.002644384 0.01164324 0.001961101 -0.00229458 0.02643552 -0.0104568 -0.006257363 0.005575777 0.005666128 0.0009094394 -0.02356929 -0.0002463306 0.004181735 0.008263157 0.1013833 -0.06992798 0.0975756 0.00190682 0.004521845 -0.03418151 -0.0116637 0.009022683 0.03948246 0.01342372 0.01070068 0.01692165 0.03032379 -0.07708809 0.01007804 -0.009470753 0.0003974998 0.01308314 -0.0005451622 0.001704075 0.007220265 -0.05431718 -0.01538373 -0.1766658 -0.02036465 0.0009959788 -0.01936068 -0.02323563 0.01056366 0.01986455 0.0003256579 -0.008606647 0.0006123921 0.02428369 -0.02185928 0.02934815 0.002960016 -0.002399622 0.005371966 -0.01207187 0.00930883 -0.01142736 0.0005512354 0.01331267 0.01988828 -0.008462124 0.002567399 0.01391964 -0.02915932 -0.05062777 -0.02115777 -0.01037721 -0.00534406 -0.008640706 0.01623293 -0.05027734 0.04262362 0.1062549 -0.05663792 0.05245239 -0.02381636 0.01480539 -0.01046582 0.007413552 0.003885657 -0.03382618 0.01417619 -0.01749918 -0.009602246 -0.004150921 -0.0003869123 -0.0007058391 -0.001222111 -0.001077991 -0.002161342 0.004712139 -0.00481819 0.008810558 0.01930908 -0.05331484 -0.2719007 0.009303303 -0.01618451 0.02636086 0.03078949 -0.007412723 0.04234464 0.01861829 -0.01778546 -0.04039932 0.002430723 -0.0001621869 -0.02463667 -0.007059019 0.01153181 -0.005173198 -0.0008037887 -0.0159043 0.01520728 0.007397479 -0.01036503 -0.01076078 0.007002831 -0.006012537 0.001071655 0.001007949 0.006301453 -0.03135838 -0.01203466 -0.002832326 -0.004834472 -0.01315064 0.007162987 0.01401479 0.03064639 -0.03052008 -0.02035272 0.001367841 -0.008139594 0.02219829 -0.004395168 -0.01002875 -0.01989826 -0.006717406 0.0006507841 0.01322591 0.08422768 0.09994364 -0.2985294 -0.01859149 -0.002857482 -0.007414649 0.003599644 -0.008739498 -0.006749253 0.00142067 -0.008161649 0.03069227 0.006568436 -0.01123727 -0.0233773 0.03996044 0.0903487 -0.02940099 0.03260986 -0.06125467 -0.0390357 -0.02999347 0.03773216 0.06167472 -0.0009083827 0.008206988 0.01445506 -0.0128357 -0.002498522 0.009161231 0.01350832 -0.004719315 0.003692639 -0.01330536 -0.0007368176 -0.003688197 0.07116459 0.0664231 -0.1158012 -0.005566049 -0.003486039 -0.004024762 -0.08611645 -0.03848033 -0.04262119 0.007099563 0.009082412 0.02077326 -0.004401166 0.002602941 -0.004868508 -0.01392525 0.004145587 -0.034829 0.0002750787 0.008500484 -0.01973745 -0.05652943 -0.007695757 -0.04164796 -0.01070975 0.0008547568 0.003560466 0.01677329 0.000237642 0.02179228 0.0001904597 -0.01219356 -0.005413036 0.00811814 -0.008941938 -0.01657255 -0.01010622 0.01242252 -0.01027939 0.08565341 0.03931931 -0.09598266 -0.005707453 -0.006816521 -0.01149972 -0.004463527 0.005957685 -0.004405568 -0.01776757 0.0282464 0.07107995 -0.00198489 -0.001184111 0.004481995 -0.001770582 -0.007080561 0.003035606 0.0008678441 0.02213001 0.0001265341 0.01464763 -0.01665967 -0.01621002 -0.0114599 -0.006769672 0.006241732 -0.007124695 -0.01055546 -0.02557108 0.002075214 -0.00185213 0.02184139 -0.02254443 0.03053431 -0.004603478 -0.003965482 -0.01184486 0.01351262 0.0255318 -0.009128209 -0.007479268 0.05884803 -0.02993442 -0.5435684 -0.01027104 -0.002587494 -0.05347213 0.03141308 -0.006789289 0.08085974 -0.03751056 0.0386676 -0.006330603 -0.007007263 -0.01247026 0.01820023 0.05014325 -0.0400072 0.005130292 -0.003345053 0.0003986956 -0.0009310571 -0.01293425 -0.034866 -0.01943091 -0.03603762 0.07684702 0.007097346 0.09544215 -0.07546749 0.04720492 -0.007460095 -0.02447743 0.02040823 -0.02234544 0.02781253 0.01540254 -0.00396604 0.006227361 0.02047544 0.04153028 -0.0481164 -0.0233443 -0.0043381 -0.00721577 -0.01046503 -0.00758551 -0.00129932 -0.006728149 -0.03069631 0.02948732 0.01471718 -0.004925226 0.003253898 -0.003796871 0.007026535 -0.0001577585 -0.006033554 -0.03279211 -0.003410071 -0.02284053 -0.0133235 0.0006936305 -0.03996382 0.0226932 0.00176712 -0.02976596 0.006901768 -0.02365809 0.04002599 0.004640718 0.04463371 0.05443654 0.001521368 -0.01144749 -0.007816712 -0.01806866 0.002351522 -0.00515674 0.005821562 -0.004592361 0.001763673 -0.02106908 -0.00989856 -0.02606378 -0.02066915 0.03052663 0.02420428 0.04249916 0.01403026 -0.06924325 0.008767508 -0.009695102 -0.01485136 -0.001813191 0.01124187 -0.01133118 0.004271012 0.007149808 -0.02203589 -0.007922802 -0.004830716 -0.005436811 0.004496042 0.00362817 0.01191222 0.003789485 -0.001235701 0.00407895 -0.0007312889 -0.03305251 0.04455845 -0.006096135 -0.000649901 0.01642972 0.0005259146 0.0104987 -0.02030315 0.0223111 -0.01395663 -0.0463669 0.009818448 0.004901087 0.02491003 -0.03675938 -0.04599478 -0.06131648 0.01770183 -0.01756088 -0.003226279 -0.007208149 -0.004036557 -0.02597396 -0.005448017 -0.01298086 0.009150592 0.001654517 -0.008178759 -0.002311266 -0.000689778 -0.0007133334 0.01417562 -0.02375085 0.02686454 -0.02858867 -0.01380802 0.005528927 -0.01040697 0.01000559 -0.00793968 -0.006930265 -0.00159059 -0.001674831 -0.01005411 -0.02765799 0.03817979 -0.02580622 -0.004632428 -0.01067418 0.02740304 0.003928684 -0.03126858 -0.02419887 -0.01840705 0.03678242 -0.02259243 0.004096939 0.011947 0.05910883 -0.008765388 0.005832631 0.01437384 -0.002352267 0.01047606 0.01277796 0.001063962 0.02361099 -0.006450779 -0.005359482 0.001830358 -0.0004359549 -0.1159337 0.01338444 -0.01527411 -0.08362622 -0.0525891 -0.3372682 0.005894434 -0.002274907 0.005884961 -0.003976698 0.009799702 0.007475172 0.0008443412 -0.01093123 0.01225622 -0.007958286 0.004645051 0.001128775 0.01336857 -0.00499508 -0.002067967 0.1057511 0.05083985 -0.1058353 0.005872466 0.003860028 0.009436634 0.009834629 -0.002137745 -0.008446171 3.261166e-05 -0.008555906 -0.001284032 0.02564743 0.01997408 -0.08018818 0.005167269 0.03415659 0.06713606 -0.00820611 -0.005623883 -0.01071882 -0.003475237 0.0002934748 0.01322445 -0.003435704 -0.01208799 0.000217841 0.03636164 -0.009699487 0.05566403 -0.004395596 -0.05719109 -0.04985096 0.01466407 0.0006547292 0.01980184 0.002661763 0.008337476 -0.008136335 0.002089512 -0.01684152 -0.03474308 -0.003595966 0.006888092 -0.02242598 0.01552546 0.02842091 0.07077572 -0.00605138 0.007117959 0.01659369 0.01077791 -0.0007559274 -0.001170787 0.0004817587 0.005756266 0.03782966 0.003870493 0.006587231 -0.02704306 -0.003527792 -0.00874657 0.01064714 0.007702992 -0.03660218 0.02182799 0.1401936 0.02097235 -0.1168711 0.128289 0.07428996 -0.3115208 0.003487405 -0.003143087 0.009341017 -0.002328883 -0.01483979 0.04204339 0.01079514 7.003744e-05 -0.003160222 -0.01084954 4.962005e-05 0.01696156 0.003846031 0.005560067 -0.01301015 0.00822445 -0.008138727 -0.008752591 -0.004257071 -0.01581856 -0.02391825 0.005255271 0.009631196 0.01400025 -0.02092559 0.04342343 0.05392266 -0.008272521 0.002896532 -0.002915508 -0.001685873 0.01701072 0.05285401 -0.001836255 -0.004472353 0.0003455812 -0.002131115 0.01079739 -0.01460944 -0.0045836 -0.00980211 0.01150283 -0.008250982 -0.003765875 0.002590277 -0.0002292455 0.006022604 -0.02404162 -0.008080799 0.01056736 0.005438679 0.002776968 -0.009925442 -0.02361942 -0.01002559 0.003887912 0.04494032 0.01566214 -0.01086593 -0.008448462 -0.002576645 -0.007949637 -0.004941388 -0.002066187 0.001681373 0.002403894 -0.01552583 0.001287976 0.04599601 0.08920848 -0.05085365 0.03512658 0.01422346 -0.004518174 0.01057892 -0.2813422 -0.1811918 -0.5546652 -0.001086507 0.04753582 -0.05767845 -0.002512951 -0.0007632765 0.01484125 -0.004353277 -0.01282621 -0.02013031 -0.01786331 0.01436825 -0.003880854 0.04778317 -0.004949917 0.07424342 0.004312806 -0.006244954 0.02171824 0.004373733 0.008374269 0.01037892 -0.009269144 0.001796286 0.005932218 -0.2230892 -0.1577835 -0.6402875 0.01244128 0.005254136 0.04808292 0.0006892052 -0.01470173 -0.0214648 -0.0001278012 -0.004539486 0.007218882 -0.05994591 0.051342 0.03017505 -0.01248422 0.002467206 -0.02370575 0.006598618 0.007519742 -0.03708071 -0.005609579 -0.009342343 0.001253375 -0.03012059 0.03774908 -0.0355503 -0.003257002 -0.005536025 0.01387169 0.008356266 -0.0007225795 -0.003679208 -0.01169879 0.01641562 0.001015843 -0.004031255 0.009538459 0.03775196 -0.1192267 -0.06125974 -0.2597984 -0.08039153 -0.01645091 -0.06155859 -0.01688885 0.008660724 -0.01730405 -0.001287158 -0.0172118 0.01650815 -0.01085061 0.003341322 -0.007251165 0.004125823 -0.00557075 0.03522507 0.003155198 -0.03153607 0.01214587 0.01398868 0.00402461 -0.02849005 -0.0006051245 -0.003812767 0.008504975 0.003384818 0.006434845 0.01121297 0.003516643 -0.01023692 0.01212993 -0.001808535 0.007704575 0.01108569 -0.001311678 0.01831803 -0.02344113 0.006883964 -0.01015954 -0.02496241 0.008317482 0.03597628 0.04505191 0.009685691 -0.0169783 -0.01710822 -0.02975267 0.03236465 -0.03384187 -0.007932961 0.002830582 0.02505451 0.01135338 0.005043289 -0.01558733 0.05902911 0.07575891 -0.08559532 0.01395363 0.006196466 -0.02597727 -0.01080494 0.008109894 -0.01067484 -0.0005207765 0.01112137 0.01789805 0.005120863 -0.004685968 0.008564078 0.001024716 0.01169086 0.02151806 0.03523612 -0.1276339 -0.3408829 -0.01207936 0.01638108 -0.01249352 -0.001200169 0.0296728 0.03122492 -0.01114282 0.00296886 0.02878653 0.002251771 0.02088557 0.0295449 -0.003084838 -0.00590685 0.01467537 -0.06692 0.05308256 0.004061402 0.004651245 -0.004897058 -0.03518451 -0.008568767 -0.002648087 -0.06388145 -0.1150494 -0.07271133 -0.3674902 0.0006653336 0.02733545 0.03023832 0.01807528 -0.0118869 0.03181589 0.007270948 0.009662995 0.02093172 -0.005364548 0.00953286 0.01841252 0.01528381 0.006173175 -0.03983161 -0.003424432 -0.008456923 -0.009411956 0.03785251 0.009037614 -0.003800633 -0.006340984 -0.01554512 0.0008195052 -0.003791546 0.006497051 0.01481541 -8.153869e-05 0.008380115 0.0258128 0.05395055 -0.03958186 -0.5233478 0.02918262 -0.0290507 -0.02464756 -0.006027802 -0.006265897 0.005154268 -0.003061179 -0.00986132 0.003300601 0.01806402 -0.001198122 0.0329084 -0.003454726 -0.008420635 0.005074189 0.01339709 0.03324224 0.0397728 -0.1374152 -0.0100745 -0.08024877 -0.04193485 0.04451619 -0.03615662 -0.005395166 0.001203682 -0.009360145 -0.007186103 -0.00805951 -0.05334817 -0.01502112 0.004615758 -0.0115243 -0.04537383 0.04421779 -0.02630967 0.006259706 0.002049306 -0.00470586 -0.3059219 -0.2078416 -0.6869261 -0.2285386 -0.1780777 -0.7579405 -0.003572601 -0.004345545 0.01614523 0.0007474837 0.008273836 0.02764323 0.0001161401 0.01368072 0.005469956 -0.003329254 0.006545422 0.0262646 -0.001512583 -0.00384425 -0.01245352 -0.01315334 -0.001299838 -0.006794176 0.002811579 0.008520089 -0.01612914 0.006639045 0.01041755 0.02149672 -0.00972037 -0.0008288025 0.0008981498 -0.004085352 -0.01221477 0.01478647 -0.01691671 0.01126835 -0.02257752 -0.01232092 -0.009882893 0.02232081 0.01477223 -0.006005174 0.02276504 0.005769711 -0.00926912 -0.001433323 -0.005169305 -0.002169712 0.002947931 -0.09548027 -0.04620375 -0.1748991 0.009407151 -0.00418709 -0.04635549 0.009054311 0.03663722 0.0837645 0.02073463 -0.01880659 -0.05030854 -0.01342539 -0.003934568 -0.01942014 -0.01091879 -0.04999283 0.02732914 0.01459645 -0.01728577 -0.01718157 0.02945729 -0.003179876 -0.00284424 0.02197018 0.01787578 0.06698912 -0.004801314 7.84836e-05 -0.008266996 -0.003615455 0.004886732 0.01832783 -0.01079824 -0.0003268457 -0.00145354 0.02189433 0.06469484 -0.03579485 0.01400872 -0.003008855 -0.02076145 -0.02413541 -0.1442943 -0.4270234 -0.02988839 0.02347938 0.02833612 0.003029189 0.002440706 -0.03361745 0.0002426873 0.01694175 -0.01205393 -0.01437652 0.03526689 -0.02361775 0.01103219 0.002052255 -0.01535347 -0.01450367 -0.005166726 -0.02270238 -0.01023522 0.009401381 -0.0156703 0.004078571 0.01491538 -0.01646993 0.01242724 -0.01630755 0.008284883 0.0009849654 -0.005644107 0.00967179 -0.009976972 0.0119295 -0.01070659 0.04208413 -0.0319946 -0.003930322 0.003419154 0.02673635 0.007206016 -0.001408036 -0.01657486 -0.02352209 -0.003153573 -0.009898648 0.007107575 0.01887552 -0.01568095 -0.01499688 -0.03031845 0.02458066 -0.01233939 -0.006912436 -0.006896267 0.001676709 -0.008696971 -0.0003217197 -0.01336102 -0.006451778 0.002366626 0.02517733 -0.004958731 0.01330566 0.0326658 -0.01965653 -0.01710885 0.005915002 -0.0218804 -0.03305322 0.02427513 0.01585555 -0.01210552 -6.860403e-05 -0.004261296 0.002656873 -0.02231546 -0.002069942 0.007601608 -0.03396779 -0.009902164 0.003132609 0.02301812 0.002201954 -0.01471325 0.02025167 -0.006053078 -0.001493365 -0.00817028 0.00504886 -0.01155693 -0.01630546 -0.0505797 0.04777696 -0.01745379 0.00838067 0.001509452 0.01249781 -0.04633 -0.04399801 -0.08268739 -0.02469013 -0.03673036 -0.02619034 -0.007175769 0.01362468 -0.00209454 -0.006305176 -0.007508758 -0.007368634 0.01644157 0.007420857 -0.02703321 0.01380137 -0.003948126 -0.007266137 0.002800994 0.01157016 0.004335896 -0.06118133 -0.1410872 -0.128674 -0.03648767 0.0138075 0.06196499 0.03595724 -0.03034156 -0.02015335 -0.001847209 0.005776059 -0.007672164 -0.05497223 -0.06217384 -0.07026702 -0.00256798 0.004234071 0.04457648 0.005315196 0.01057154 0.004637823 0.008618753 0.05450011 -0.04152619 -0.1130525 -0.04035406 -0.08633421 -0.008860599 0.01421033 0.001790752 -0.01209413 -0.006610302 -0.01732662 -0.07027283 -0.002289988 -0.03169008 0.02044059 -0.008899296 -0.03317866 -9.508757e-05 -0.006952636 0.01093091 0.002095599 -0.005540604 -0.03241365 -0.01253279 -0.004647197 -0.02029637 0.007555765 -0.01051186 0.006910485 -0.01596979 0.002179578 -0.01275465 0.02282726 0.06887043 -0.4379981 -0.004089719 0.007381612 0.0106819 0.007398986 0.02871958 0.02408189 0.03070213 -0.02981533 0.04077013 0.02735015 0.02020392 -0.01182987 -0.0433916 -0.001311368 -0.05128171 0.01905173 0.0008523205 0.00148935 -0.00375846 -0.006315619 0.01733497 -0.02281409 0.03467298 0.03181344 0.05971569 -0.02318763 0.06725459 0.001987865 0.006506598 -0.01942939 -0.07096035 -0.05324092 -0.0288639 -0.01214598 0.008881245 0.002505419 0.008610113 -0.009222483 -0.01467876 -0.02180127 0.02185159 -0.002073678 -0.006325814 -0.001905417 -0.0127251 -0.0007752473 -0.002374105 -0.008269033 -0.01017148 0.005991314 -0.006507694 -0.004520086 0.0113628 0.02309566 0.001308401 0.01192836 0.02532484 -0.01278305 0.009112839 0.02408031 0.02047777 -0.006791484 0.01099561 -0.00760876 0.009686854 -0.03037688 0.001752211 0.001207911 -0.00108068 0.0003055376 -0.0109723 0.01361655 -0.007983282 -8.291448e-06 0.004336988 -0.1619795 -0.09694293 -0.2945347 0.003659048 -0.003778556 0.004582726 -0.007805816 -0.004802575 -0.02418635 -0.1012985 -0.0007781069 -0.05395354 0.01303097 -0.006339698 0.01023974 0.01642456 -0.01452111 -0.06109884 0.001057059 0.00228864 -0.02049668 -0.1296995 -0.3134757 -0.4531933 -0.01057781 0.00225039 -0.02623637 0.03556018 -0.01401579 -0.00717895 0.01628084 -0.01557404 -0.02295699 -0.303531 -0.1941974 -0.573226 -0.005473092 -0.005093381 0.004869335 -0.01048763 -0.003630072 -0.02654725 -0.004718121 0.005827192 -0.008999172 -0.01455514 0.00995061 0.03890541 -0.1303602 0.01958119 -0.05737656 0.0162554 -0.001675898 0.009870433 -0.0193989 0.02029834 0.01731689 0.007283345 0.01405905 -0.006407841 0.005089958 -0.003400702 0.008422767 0.01189435 0.0006196798 -0.0008717692 -0.0483747 0.09936892 -0.01188744 0.001107429 0.002643926 0.009189316 -0.009725202 0.005458307 0.02059708 -0.004672341 0.01841329 -0.02968766 0.002003536 0.02262698 0.005902671 0.008537233 -0.003192017 -0.01037252 -0.00332873 0.006915743 0.006563763 -0.006120663 0.007945046 -0.0268517 -0.005482848 0.002322469 6.105842e-05 -0.1044288 -0.2458001 -0.6425521 0.01745047 0.001753917 -0.003628633 -0.00847178 0.005607795 0.0175133 -0.007888859 -0.03316895 -0.6762457 0.01592918 -0.0161953 -0.008200052 -0.002614837 -0.008279862 0.01145408 0.0028903 -0.01135904 0.003389136 -0.1185681 -0.01356432 -0.08087961 -0.07119557 0.004889987 -0.02484677 0.01705218 -0.01454421 -0.001287437 0.003097531 -0.03052625 -0.02046925 0.04288555 -0.01143979 0.07624495 -0.003413837 -0.002668394 0.01019222 -0.003099821 0.01223301 0.0243513 -0.001528101 0.009877106 0.01870398 -0.01268084 0.01303577 -0.004885829 -0.01886959 0.03510503 -0.0481055 0.005642107 -0.006730299 -0.01049918 0.0008645556 0.02029192 -0.01265096 0.002956462 0.004886322 0.02504985 -0.006620002 -0.01090789 0.02692112 0.01081013 0.007291978 -0.05496561 -0.008369971 0.01001183 -0.0268348 -0.0108447 -0.002938619 -0.02549097 0.001546085 -0.001840133 0.01527105 -0.01178579 0.008262984 0.04282157 0.0009993468 -0.005613606 0.004078568 -0.05719625 0.04939544 -0.01223352 -0.089072 -0.2631734 -0.5167085 -0.01168282 -0.003019826 0.002578107 0.001820781 0.02422968 0.00302576 0.01545382 -0.008692477 0.03361788 -0.01037852 -0.009589655 -0.02300751 0.0090346 -0.001737242 -0.01771442 -0.007616825 -0.00820107 -0.01458413 0.02385122 0.0115115 0.06183987 7.515075e-05 0.003735272 0.007765767 -0.01298881 0.006452175 0.03771503 0.008804087 0.002401296 0.003213068 -0.00511603 -0.004325973 0.03939899 -0.01059519 -0.002006632 -0.00376312 -0.007756073 -0.01009814 -0.01701668 -0.009418905 -0.01030069 -0.02284106 -0.06137178 0.03023362 -0.009724257 0.01110625 0.003187886 0.01005265 -0.004444945 -0.001875665 -0.01907852 0.01715185 -0.04021008 0.02700965 0.02351147 0.07891491 -0.04691884 -0.004364643 -0.008105161 0.000936971 0.0179214 -0.01208852 0.02273962 -0.00165395 0.00607179 0.04359033 0.0003885706 -0.01110029 -0.003628285 -0.0142264 0.01414222 -0.01270451 -0.004554193 0.04479527 0.06768774 -0.01260729 0.0142801 -0.009761921 0.001732078 -0.01258619 -0.01786548 0.001450357 0.004272848 0.007406895 -0.0001096833 -0.005026553 -0.005293316 0.02670324 -0.009378003 -0.006256065 0.02886254 0.02064124 -0.007234487 0.007571795 -0.009720517 -0.01441144 0.004102011 -0.007530001 0.009318096 0.01188871 0.03874601 -0.03106752 -0.1151097 0.01199668 -0.004247987 0.002267573 -0.003531267 0.003435048 -0.005556952 -0.005950367 0.005838417 -0.008961167 -0.001446362 -0.01757488 -0.008608416 -0.008022942 -0.002339869 -0.1427301 0.0008394328 -0.06162732 0.004109867 0.003734613 0.001445004 -0.2395897 -0.1520149 -0.4704702 -0.03871685 -0.02391311 -0.009452599 -0.05539454 0.0735378 -0.02346791 0.005322174 -0.00591532 -0.001147977 -0.02853696 -0.006585579 -0.02498487 -0.00285157 -0.01076386 0.009619185 -0.004248168 -0.008674735 -0.01817456 -0.007452197 0.01848231 -0.03334102 -0.008806601 0.006216788 0.01966418 0.003230092 -0.006627995 -0.0218828 -0.008226592 0.01232645 -5.404932e-05 -0.0155597 -0.003760299 -0.02230594 -0.004276121 -0.01403947 -0.01211289 -0.005112502 -0.005014677 0.01097556 -0.04256403 0.1064308 -0.04386172 0.02051698 -0.009724166 0.01154277 -0.006031404 -0.003438799 -0.01539864 -0.007742822 0.002213214 0.01333292 0.01280804 0.02249978 0.0282556 -0.00757087 0.006462859 -0.02635641 -0.004987377 -0.01236232 -0.003510707 -0.009439297 0.006205354 -0.02735723 0.01050004 0.0264934 0.02249065 -0.002972569 0.008127911 0.0028856 -0.004854571 0.006174317 0.01471199 0.008824084 0.001774898 0.00283523 -0.009582143 -0.008571174 -0.02023835 -0.001257989 0.0002418683 0.001167939 0.003800218 -0.008082586 -0.03750391 0.01004371 0.003003141 0.00880836 0.01581604 -0.01165723 0.01306706 0.008754749 0.007469101 0.02211224 -0.005193311 0.005406018 0.01729607 0.02160169 0.006902821 0.04471219 0.01357271 -0.03758812 0.01529668 -0.004096685 -0.0116245 0.01321304 -0.004307474 0.01396488 0.01543756 -0.004478078 0.002924385 0.01634547 -0.06698671 0.05657748 0.03264864 0.001060255 -0.01107865 0.02278902 -0.008312766 -0.000694286 -0.02994322 -0.009725563 0.002430455 0.02313794 -0.005149483 0.0005516355 -0.005788478 -0.001791216 -0.003681776 -0.002166868 -0.008669045 0.0008215123 4.731955e-05 0.1123333 -0.1133298 -0.1401 -0.008382015 0.01416359 -0.004518236 0.005615402 -0.01054329 -0.02212086 -0.01947529 -0.01508749 -0.02195967 0.005744875 -0.001200698 0.008244843 0.009551536 -0.006906509 0.03042185 -0.01381303 0.001842635 -0.01011202 0.04768745 -0.0279206 0.002193035 -0.0005948166 0.008018201 0.00961005 0.004044381 -0.00229921 0.01178699 -0.08451683 0.03163682 -0.01271964 -0.002547856 0.001455423 -0.003164328 -0.02762892 0.03551733 -0.1055395 0.01338842 0.003359244 0.006914695 0.007948391 -0.01230812 -0.01403341 -0.01424981 0.04079716 -0.09161986 0.1087787 -0.04964992 -0.1770805 0.005197112 -0.001310874 -0.001569544 -0.001109549 -0.006032074 -0.006230343 0.003365815 -0.01138378 -0.01473847 -0.003882817 -0.01107534 0.01559035 -0.04958932 -0.04649409 -0.089864 -0.01930795 0.01655425 -0.004666704 0.01544054 -0.03370813 0.02227598 -0.05397011 -0.02994077 -0.0009792438 0.05053965 -0.001337915 -0.02234416 0.01493751 -0.01960676 -0.006849646 0.008168066 0.01648415 0.08124204 -0.05231408 0.1046092 -0.02707279 0.02435769 -0.01118123 0.03003211 0.02349951 -0.007899218 0.02993957 0.003859889 0.01361397 0.01121149 -0.03352182 0.03122867 -0.01522377 0.007910036 -0.01374974 -0.000730549 -0.07781923 0.06028074 -0.002749573 0.01017174 0.01940983 0.02316612 -0.02200434 0.02167257 -0.00943534 -0.04210133 -0.00258038 0.03016763 -0.02809754 -0.1576857 -0.1172481 -0.05359279 -0.01200322 -0.1022137 -0.009328887 -0.0004652984 -0.02263265 0.01341253 -0.002396896 0.006503661 -0.007757596 -0.009276612 -0.01555441 -0.002755947 -0.008090172 0.003603862 -0.007058732 0.006027311 -0.007820508 -0.006974253 -0.001301871 -0.002354174 0.01301274 -0.02522455 -0.02491399 0.01468188 0.01480724 -0.06754078 -0.02389465 -0.01158887 0.04873573 0.05225427 0.02395364 -0.09619588 -0.02990668 -0.01732392 0.03185675 0.008932341 0.001110774 0.01415384 0.01096908 0.0116962 0.01948307 0.004583832 -0.01282113 -0.01950936 -0.007738199 -0.002559814 -0.02458184 0.04832463 -0.008540301 0.066636 -0.002988114 -0.002357073 0.00695663 -0.03303282 0.005352151 -0.008792466 0.01386087 -0.02238761 -0.01711926 -0.003677252 -0.0131416 -0.020587 -0.009634834 0.1209059 -0.3488841 -0.01272688 0.01063401 -0.01124538 0.006888208 0.0001198832 -0.0306676 0.01208933 -0.001665108 -0.01950138 0.0001475555 -0.01195311 -0.005581529 0.05980226 -0.02479062 0.02168945 0.00806969 0.0007482433 -0.007433473 0.007578608 0.00739482 0.01150987 0.001529322 0.002906341 0.003142246 -0.008469287 -0.003323093 -0.0209318 -0.05015679 0.02965649 -0.09943721 0.1333257 0.1149917 -0.3268089 -0.005667183 0.005693266 -0.02045048 0.003099639 0.01107603 0.001923409 -0.007371645 0.009772563 0.001275797 0.004941166 0.0339025 0.08993745 0.009138718 0.03559568 0.08957268 -0.007835127 -0.1314753 -0.1368359 0.01194886 0.01175789 0.02623507 0.01489192 -0.004220033 -0.008793454 -0.005167465 -0.006813316 -0.01620447 -0.0125179 -0.003919906 -0.07297539 -0.01256121 -0.003922168 0.007216041 0.003343542 0.01641352 -0.01248474 0.001849633 -0.002676714 -0.014313 0.004913629 0.0209173 0.02190546 -0.00776549 -0.006463655 0.005673661 0.007416042 0.005241631 0.005357643 -0.06633242 0.0203876 0.03250992 0.04562861 -0.01167829 -0.0002842853 0.05523864 -0.1299757 0.01759198 0.006298859 -0.006677814 -0.001511744 -0.006255913 -0.006890558 -0.006693426 -0.01143518 -0.001513041 -0.00243847 0.02453723 0.01014544 0.08002846 -0.0002041454 0.004616521 -0.01920518 -0.04963086 0.1223419 -0.08824655 -0.01096705 -0.008801695 -0.02561941 0.00316573 0.006951586 -0.02224033 -0.002539161 -0.02270304 -0.0204118 -0.00497616 0.022426 0.06422719 -0.01655688 -0.001318647 -0.004858346 -0.04955243 0.04942417 -0.02806983 0.09830278 -0.01881335 -0.2228377 0.01268733 0.01491023 -0.006510566 -0.009159192 -0.007953324 0.003323794 -0.002439428 -0.006753553 0.008972072 0.03214568 0.02070746 -0.08252273 -0.0139494 0.01143064 -0.005282217 -0.007589966 -0.006434431 0.005143155 -0.01459654 0.000118008 0.02765134 -0.008450512 -0.001231888 -0.006080232 -0.0009940523 0.003496157 -0.005331521 0.03235503 -0.03092191 0.04160742 -0.002086538 0.01078424 0.01828315 -0.004737969 -0.006386478 -0.02202535 -0.1555075 -0.1203001 -0.5788017 -0.08901989 0.04596196 -0.0122825 -0.002180557 0.002489192 -0.008714466 -0.001217847 0.007346387 -0.002564355 0.003276628 0.04512597 0.06285704 -0.02427546 0.03701144 0.01766349 0.01576166 0.007595337 -0.0239199 -0.007798552 0.003936313 0.01417614 -0.009290129 0.0006973335 0.005499226 -0.001233808 -0.02629169 -4.67701e-05 -0.003110203 -0.009047119 0.01098407 -0.01318149 -0.002138459 -0.02025934 0.0336884 -0.00847241 0.04513423 0.02169381 -0.02093762 -0.01327433 -0.001342646 -0.01100585 0.006942564 0.01688114 -0.0009976475 0.02668382 -0.01281198 0.01489026 0.03164646 -0.01798053 0.009257107 0.01903679 0.002393555 -0.008346425 -0.003120835 0.006399245 -0.002483344 -0.0265018 0.003187102 -0.008747911 -0.006342958 -0.004959479 0.01306745 0.001765505 0.01173569 0.00576352 -0.01043595 0.01891451 -0.02122212 -0.01840486 0.001531046 -0.005500773 0.01422173 0.01755627 -0.02097485 -0.03753145 -0.004804588 0.004733214 0.004651268 0.2465853 -0.1453207 0.1354925 0.01227464 -0.01457572 0.03006403 -0.005403577 -0.0009126988 0.03774701 0.009962395 0.02907618 0.03115673 -0.0193503 -0.004497267 -0.002239953 0.0008285125 0.002489027 -0.01147965 -0.005288172 -0.007303263 -0.01912345 -0.01081908 0.005776492 -0.006797056 -0.003664754 0.01353794 0.02794211 -0.005278034 0.007312393 0.01655194 0.009744767 0.02710925 0.04160828 0.003955506 0.01053855 -0.003231912 0.04217532 -0.011418 0.001398324 -0.0507643 -0.01654478 -0.2024153 0.004257098 0.01013739 0.01112729 -0.009239402 0.009107703 0.03812305 0.04326487 0.1054192 -0.4078018 -0.02252127 -0.02299983 -0.02175467 -0.001080002 -0.002885826 0.03987396 0.0005577211 0.006076852 0.02824345 0.0001492915 -0.002695452 0.02142481 -0.09106176 0.03200471 -0.01355327 0.01749275 0.02768755 0.07668298 0.002368469 -0.0108785 -0.03807522 0.01147565 0.005930088 -0.01070138 0.0309886 -0.09243504 -0.09606399 0.2253393 -0.1257181 0.1320683 -0.01069632 0.008311572 -0.009826343 -0.007398445 0.001495842 -0.01071384 0.02062557 -0.01534992 -0.1898464 -0.01081847 -0.00285488 -0.02568262 0.006946087 0.008255299 -0.008529178 -0.10899 -0.09772436 -0.3468258 -0.04320725 -0.142522 -0.2746154 -0.001525495 0.00212276 -0.02713003 0.003447 0.04887886 0.0470014 -0.001815253 0.004589228 0.002597692 0.005052973 -0.008774284 -0.01046708 0.07290445 -0.03565877 0.02733976 0.01140569 0.02186489 -0.06330322 -0.0002778503 0.01369083 0.01381191 0.16629 -0.09240405 0.1241372 0.00405341 0.009238413 -0.02156746 -0.04877915 0.04271339 0.0251195 0.04465214 0.01062282 -0.04474564 -0.00831956 0.009210495 0.01727276 -0.05743396 -0.1207176 -0.3486522 -0.004127103 0.009597698 -0.01036449 0.003299974 0.006098837 -0.02236 0.008833937 0.003967352 0.007433304 0.09726983 -0.126921 -0.00780092 -0.005799707 0.06926859 -0.1973226 0.07053478 -0.03623818 0.09994642 0.0002769162 -0.006629324 -0.006317309 -0.01806685 0.03743254 -0.02227107 0.0007034917 -0.01098073 -0.02348677 0.004815562 0.01763061 -0.009723718 -0.006745416 -0.003610689 -0.01506539 0.005404208 0.01016382 0.006671545 -0.006208822 -0.008948646 -0.001925117 -0.02209284 0.01819372 -0.004927325 0.03612804 -0.005919278 -0.002231329 -0.005278345 -0.003966091 -0.004351593 0.009892311 0.004012959 0.005880469 -0.009246323 0.005876851 -0.01717534 0.0370695 -0.005363805 0.03966301 -0.004275824 0.01818316 0.001326562 0.006863799 -0.001725463 0.02408918 -0.004329573 0.01529635 0.04809012 0.006793168 0.0330524 -0.04377634 -0.01218157 -0.007529797 -0.0262892 0.004080456 -0.0008081113 -0.01655071 0.04946999 -0.01360026 0.03755458 -0.002541648 0.01475868 0.0316566 -0.05303914 0.0317821 -0.07090198 0.005959224 -0.005034637 -0.04269075 -0.003385476 -0.006413944 0.01018941 -0.01024378 0.00848495 -0.03275173 -0.008020468 -0.008106729 -0.01104804 0.0004893024 -0.001986369 -0.02862548 -0.01029235 0.004162533 -0.007152638 -0.008703768 -0.0116999 -0.02395082 -0.03802194 0.03485708 -0.01128653 0.003978964 -0.009540072 -0.02373958 0.07242502 0.001190925 0.003855814 0.01382334 -0.003435762 -0.008139252 0.001329292 -0.0120494 0.02311856 0.06867665 -0.1372668 -0.352139 -0.06741058 -0.04214739 -0.1203914 -0.006699156 -0.002876671 -0.01403504 0.03069851 0.02297468 -0.08256938 -0.002010647 0.00913443 0.01151168 0.0212857 -0.01393603 0.0223471 0.002840341 -0.004312525 -0.004812135 -0.008316964 0.0132107 -0.03408718 -0.003332536 0.002569579 0.01595934 -0.03091709 -0.005829329 0.051454 0.002860446 0.01165759 0.009651282 0.009996928 0.006060287 -0.0154557 -0.01519486 0.0003232622 -0.01381007 -0.003388572 0.005575789 0.01074036 -0.0007566432 -0.00697309 -0.01772844 -0.007688861 -0.006352907 -0.008748881 0.09519233 -0.04467322 0.04086097 -0.02018137 0.002207589 0.02707648 0.01134949 0.004385343 -0.02012032 0.001974196 -0.005295295 -0.009492571 0.01708432 -0.00228816 -0.03944116 -0.0237824 -0.0386398 -0.02107608 0.01953479 -0.006619163 -0.02940025 0.005302083 -0.1560757 -0.1273927 0.08048761 -0.05774406 -0.0351797 -0.00887906 -0.07858236 0.02819616 0.009927399 -0.09310555 -0.007125775 -0.05156129 -0.008596359 -0.07676668 -0.02071699 2.089527e-05 -0.01969767 -0.01752022 0.008014491 -0.02003945 -0.0001856326 0.01828475 -0.01562606 -0.0347002 -0.01181081 0.03831661 0.01118883 0.01620882 0.02426771 -0.01563687 0.03591279 -0.02233051 -0.02538041 0.008704977 -0.01885138 0.0134152 0.007343468 -0.706656 0.00586137 -0.0235464 -0.02449697 -0.0106122 0.03277759 0.09046716 -0.006923645 -0.003549028 -0.0001482656 -0.03741197 -0.09524008 -0.05977686 -0.01006518 -0.005664706 0.001908296 0.001229484 -0.007884979 0.01693885 -0.01985293 0.008277971 0.01032346 0.001810842 0.01400697 0.02408123 -0.01255914 0.0203227 0.0374566 -0.01321109 0.00200654 0.003543857 0.003687788 -0.008868452 -0.02796008 0.005145994 0.01394447 0.01382067 -0.004622697 -0.003169738 0.008533158 -0.008031007 -0.006110443 -0.01901232 -0.01810541 0.003797267 -0.01586848 0.002175384 0.01297317 0.006497861 -0.01408399 0.005153 -0.01162674 -0.01026773 -0.02109191 0.001647138 0.01342642 0.01546524 -0.01921665 0.02315036 0.07894279 -0.3878909 -0.02405423 -0.001612119 -0.01340365 -0.001387851 -0.01012779 0.007783302 -0.00153996 -0.006872049 -0.01450139 0.005710122 0.01373976 0.02414959 -0.01021616 -0.009204328 0.00274583 0.05675643 0.08875712 -0.05263367 0.002476667 -0.01548575 -0.02022542 0.002946124 0.01169466 -0.0136276 -0.001289077 0.0009254535 0.007841744 0.02973383 -0.1158065 -0.03258926 -0.001646589 0.01032523 0.02080281 0.01589821 -0.002875317 -0.001896179 -0.003428708 -0.001568373 -0.000449962 0.05880769 -0.0299896 0.02353051 -0.001598068 0.005862871 -0.008145361 -0.04136579 0.01942717 0.003610809 0.02134473 -0.08405567 0.00780673 0.02532017 -0.002407366 -0.01027825 -0.02151707 -0.02318202 -0.2356393 0.01316177 0.002092773 0.005050842 -0.004581224 0.01043755 0.03814303 0.04120161 -0.006759495 0.04382906 0.01305427 -0.002598483 0.00558895 0.002547309 -0.01293364 -0.02046075 -0.0495738 -0.0193507 -0.04607192 0.01733312 -0.005812118 0.03243824 0.03799891 -0.02293621 0.04309913 -0.01091524 -0.006816821 -0.008382148 0.002202463 0.003270765 -0.00288194 -0.00388595 -0.02639838 0.003593544 0.02513217 -0.02752152 -0.0197366 0.09915988 -0.06918374 0.04285165 0.02115287 0.03102554 0.02529385 0.07212579 -0.05120467 0.02663613 0.001253989 -0.001014771 0.0131107 0.003658277 0.01739999 0.04077518 0.005545564 -0.005793035 -0.004981871 -0.004311505 0.005319111 -0.000273346 -0.013041 0.004246438 -0.026522 -0.004556655 0.01051432 0.02574819 0.008950442 -0.003276693 0.001398628 -0.002599999 -0.003099944 0.01199255 -0.001157049 -0.02715051 0.006403132 -0.03288928 -0.009709099 -0.05304671 -0.004175297 0.01309068 0.02180516 -0.002603512 -0.007235156 0.008699791 -0.002010732 0.01195535 0.009969243 0.00796628 -0.007151013 0.02919971 0.00530177 -0.02481509 0.03537499 0.01895143 -0.01134198 -0.01314646 0.001291011 -0.005569168 -0.01545385 -0.003705311 -0.00338814 0.00898064 -0.353732 -0.2562777 -0.8977823 0.0001552706 0.003865877 -0.002955697 0.003754415 -0.003054114 -0.002432498 0.002424767 0.01214922 0.02432588 -0.00742137 0.009570932 -0.02979708 -0.02279657 0.03474481 -0.09987126 0.09236743 0.09211685 -0.2621596 0.007116504 -6.347324e-05 -0.00815539 -0.007792986 -0.02487174 0.01761467 -0.01993737 0.01098989 0.04529866 0.007470913 -0.01027992 -0.009026464 0.009675458 -0.009300202 -0.008843466 -0.05417114 -0.01745513 -0.2036801 -0.01406706 0.006012909 -0.004600576 -0.005059335 -0.002521222 0.004710232 -0.012518 0.00469159 -0.03192192 -0.001592855 0.01551829 0.005600051 0.006524493 -0.006360007 0.006175836 0.0009272774 -0.003418276 -0.01273804 -0.001515168 -0.002013307 -0.03966365 -0.006553787 0.01117625 0.004468811 0.007607338 -0.001110341 0.01811896 0.02494271 -0.05315375 0.02251427 0.009595651 0.02591166 -0.0396006 0.009671608 -5.519006e-05 -0.01451789 -0.0007787007 0.02029697 0.02642871 -0.008726917 0.0001001601 -0.003610763 0.007258367 0.006645033 0.01455075 3.408873e-05 0.003424097 0.002161139 -0.0005654092 -0.017497 -0.02039606 0.001607118 0.008256974 0.02804345 0.003499929 0.03043486 -0.02596908 -0.01479966 0.006683161 -0.02610271 0.005408828 -0.0001797004 0.02284304 0.008488242 -0.009725628 -0.0136313 0.01928487 -0.02048917 -0.01028235 0.01745638 -0.0003597549 0.02169999 -0.01653368 -0.02860244 0.06953955 0.001994871 0.005909078 0.004885965 0.007486433 0.005049735 -0.01951642 -0.02076936 0.002366293 -0.01912649 0.003141765 -0.00429086 -0.003708265 -0.02117416 0.01108402 0.004948949 0.01716337 -0.01233413 -0.002996358 -0.003697015 0.01067125 0.01125171 0.01916618 -0.004066113 -0.01534942 0.01155926 0.02351663 0.0264217 -0.004603326 0.01482961 0.01541204 -0.002069972 0.00521859 -0.02374214 0.02126818 0.01879817 0.06736065 -0.02027239 -0.002539704 -0.01658947 0.007672705 0.0002783287 0.01095744 -0.01134562 -0.0004326812 0.007415739 -0.02043498 0.004193773 -0.01696239 -0.1256372 -0.02938429 -0.07224221 0.00806246 0.0098796 -0.006184946 0.01062058 0.004286308 0.02331344 -0.07191468 -0.07039075 -0.1419376 -0.00614041 0.002994993 0.02583525 0.002337192 0.00401949 0.001564407 0.003228028 0.01058875 0.02968273 0.005700462 0.01021793 0.02682994 -0.0553875 0.09854624 -0.02824092 0.01524708 0.005529279 0.01010923 -0.05029288 -0.08715241 -0.08627325 -0.000951312 0.003133556 0.008468145 -0.01131275 0.01181445 0.01004956 0.01217998 0.01285351 0.01817275 -0.003755729 0.005298552 0.006233328 0.1951905 -0.1064891 0.09108737 0.00837821 -0.00881747 -0.01340401 -0.008620832 0.01361902 0.007175204 -0.008072145 0.08396433 -0.3113076 -0.003634136 -0.002438776 -0.006011016 -0.006472837 -0.01277796 -0.003416664 -0.06716597 -0.03168848 -0.01314669 -0.005379591 -0.003714541 -0.004224765 0.0966595 0.06090768 -0.2078994 -0.03200485 0.0491976 0.01090572 0.007718713 0.01127844 -0.006562292 -0.002543117 -0.0008574332 0.0132325 0.013983 0.02769727 0.003611268 0.00653188 0.001794323 0.01787398 -0.004734132 -0.02126868 0.04216289 -0.008052316 0.01666153 0.0007660994 0.01659359 0.02321521 0.0638143 -0.01316009 0.009494277 -0.03362522 0.001194012 -0.004337208 0.007030507 -0.0009729224 0.006572239 -0.001238796 -0.01186924 -0.00257561 -0.002569766 0.0364231 -0.00457453 0.03316388 0.0100266 0.006100293 -0.02131102 0.01121647 -0.006740458 -0.006672406 0.006004718 -0.009720407 -0.01093274 0.08153822 -0.04357889 0.03300897 0.01373751 0.03449226 0.08320466 -0.004966247 -0.003408037 0.01888366 0.07615214 0.02204665 -0.4490016 0.0003555906 0.01888861 0.02277325 -0.003912977 -0.01044244 -0.006259358 0.009350196 -0.008628944 0.03114806 0.01013088 -0.006295281 -0.01037285 5.426677e-05 0.001623148 -0.002127885 0.0005014767 -0.008377378 0.005838824 -0.3039557 -0.1892238 -0.4934568 0.00192405 0.01859992 0.02946842 0.01138167 0.004182544 0.01019707 -0.02449259 -0.0158875 0.01372435 -0.005300298 0.01676779 0.05441844 -0.004057012 -0.008519944 0.01260519 0.004209385 0.02897568 0.01833262 0.0004190546 -0.004766617 -0.008959786 0.003738482 -0.0066122 -0.03552031 0.008717556 -3.770634e-05 -0.003126233 0.03062003 -0.02855471 -0.02011981 0.00115097 -0.004649001 -0.0305565 0.004414071 -0.002427839 -0.00337837 -0.01535232 0.003808271 0.01758352 0.001709331 -0.003140115 0.03457832 -0.007071337 -0.005772306 -0.01038514 0.003239517 0.006437792 0.01226254 0.001179433 -0.00286779 -0.007468066 0.0119305 -0.006755145 -0.006515794 0.02098265 0.00914875 -0.009762171 0.004302212 0.005187342 -0.01313231 -0.004885312 0.05209881 0.06588016 -0.009462416 0.02050095 0.002045785 0.002693821 -0.01179484 -0.03402452 0.007917576 -0.009820614 -0.006824228 -0.007690489 0.0001147446 -7.109252e-05 -0.005476612 -0.009309124 -0.01873419 -0.008675238 -0.03359807 0.06431606 0.1518209 -0.08316863 0.06696244 -0.01017484 -0.01937417 -0.02542786 0.04560497 0.03183086 -0.08792573 0.02337193 -0.02714358 -0.01806014 0.03961967 0.03282382 -0.08508989 -0.01627258 0.01361717 0.009334088 -0.09305494 -0.0003484607 0.007306005 -0.01702112 0.003330039 -0.01482919 0.01098477 0.03610525 0.08419737 -0.01409205 0.02087569 0.07726414 0.02212836 -0.01435521 -0.03575636 -0.02167165 0.01496205 -0.008797354 -0.001966062 0.01361828 0.0014898 0.04192254 0.09382492 -0.03522405 0.02465596 -0.01150223 -0.04289532 -0.01027142 0.005483972 -0.007852807 0.001722701 -0.009997392 0.01912359 0.001900189 0.007997688 -0.03783675 0.001392697 0.06317563 -0.08686035 0.009120252 -0.01051849 0.02388743 0.1636738 -0.08860935 0.1171048 0.06820095 -0.01613517 0.04833459 0.005232927 -0.001325579 0.01819172 -0.004608526 -0.002351303 -0.0109725 -0.009720776 0.0005314091 -0.009553014 0.02731175 -0.003344689 0.043146 -0.002696815 -0.007658789 0.002793708 -0.06307556 0.05152758 0.02220768 -0.01367269 0.01427719 -0.0009061797 0.02031854 -0.005101273 0.02049764 -0.01047231 0.008865016 -0.005421738 0.004368965 0.007178107 -0.01108221 -0.007841483 0.003854757 0.009490694 -0.01292351 0.01544246 -0.007574416 -0.004899323 -0.001782469 -0.001146737 -0.005015257 -0.004616803 0.002890543 -0.04580629 0.06790334 -0.008027687 -0.04462338 -0.02457965 -0.03308131 0.008069726 0.01878476 -0.04997085 -0.1170827 0.003655706 -0.1929196 0.03373137 0.01257651 -0.02289905 0.1262411 -0.09104653 0.08806951 0.009045511 0.0259395 0.007101917 0.001691524 -0.04373247 0.02719042 -0.001611642 -0.01299069 -0.005335373 -0.002920098 -0.0009391167 -0.003092573 0.0588393 -0.1633583 -0.05755603 -0.01078991 0.006981159 -0.006523791 0.005328984 -0.1253472 -0.1740372 -0.004686664 -0.001673942 -0.02413221 -0.006161201 -0.006237855 0.002477364 -0.01589198 0.00303456 0.01399385 -0.001704297 0.00526605 0.005321887 -0.0743973 -0.04066117 -0.07525636 0.01297186 0.00564808 0.01401264 -0.0001026946 -0.006521661 0.006420889 0.00456784 -0.01160391 0.002128982 0.1299215 -0.01350235 -0.1094885 -0.08075081 0.02170817 -0.01583951 -0.01258975 0.005131159 -0.008011839 0.03616364 -0.00686471 0.05019413 0.195894 -0.1051909 0.08790248 -0.0152097 0.00808721 -0.0001585065 -0.00474638 0.01015715 0.0007043937 0.0005178717 0.006172853 0.01486224 0.001267817 -0.002697058 -0.003784153 -0.02660342 0.02701662 0.0293582 0.01706206 -0.01312642 0.03065772 0.0002451879 0.01809134 0.01410347 -0.007729005 -0.004886393 -0.02440852 -0.009931333 0.01020722 0.009063345 0.00725991 -0.01073793 -0.01778137 -0.0003899918 -0.002299687 0.01282964 -0.007547948 -0.002900828 -0.03028003 -0.01653433 0.000525605 -0.001716866 -0.01099323 -0.006363515 -0.01992763 0.01192862 -0.007602246 -0.01617428 0.02444994 -0.001841055 -0.001605283 0.04811982 -0.04639339 0.007549985 0.1056134 -0.04160848 -0.2364993 -4.932238e-05 -0.01167862 -0.02388552 -0.01177561 0.004273852 -0.02064421 0.003443186 0.02302854 0.03305489 0.03082243 -0.1734829 -0.1205038 -0.05267935 0.04596118 -0.0112353 -0.02258856 -0.005169326 -0.03054847 0.005886272 0.006989351 -0.01763357 0.2247714 -0.1269444 0.1357671 0.00204455 -0.005611198 -0.009454682 0.01473562 0.01429489 -0.06852859 -0.004119727 -0.00756989 0.01215891 -0.002733703 -0.002860034 0.003695794 0.00486593 0.02943797 -0.04976951 -0.01448525 -0.007660653 0.01016377 -0.02987867 0.03471559 -0.03376628 0.01404337 -0.002712382 0.001265821 0.1991102 -0.1067733 0.08757622 -0.0006248238 0.02269185 0.02811806 -0.009783793 0.01344126 0.003111337 0.006843504 -0.02165375 -0.009706213 0.01158306 0.004538033 -0.004465691 0.02977204 0.03754184 -0.06852192 0.009346198 0.005709428 0.01654642 0.01878356 0.003568485 0.007881992 -0.002145297 0.001774283 0.004916248 -0.0001041437 0.0200136 -0.01123113 -0.001041583 -0.011717 0.01719258 -0.01691167 -0.001509454 -0.02186177 -0.0237333 -0.01113002 -0.001005023 -0.01108404 -0.00192157 0.001923478 -0.005831226 -0.000290214 -0.01247666 0.03149543 0.05083039 -0.2365064 0.05183178 -0.04100737 0.001171046 0.03086532 -0.0146812 0.03742956 -0.08950687 -0.06884179 -0.4840997 0.01806032 -0.02021549 -0.04575098 0.002507024 -0.01914013 0.03110718 -0.02246337 0.0103304 0.03139178 0.01284566 -0.002519803 0.03905081 -0.00278458 0.007504761 -0.01173296 -0.002798188 0.0008889829 0.006046069 0.008398637 0.03156634 0.08110529 0.01529384 0.006187426 -0.0261437 0.004361261 0.01725109 0.01464854 0.01053844 -0.005903692 0.02562097 -0.006317447 0.00777608 -0.001066159 2.829405e-05 -0.002875944 -0.03610642 -0.03218988 0.04208156 -0.0347966 0.2566064 -0.141306 0.1209345 0.007338137 -0.004000606 -0.007015078 -0.05246854 0.04476654 0.02104169 0.00396289 0.004413664 -0.01152038 -0.007961879 -0.005866399 -0.01181199 -0.003832265 0.00645566 0.009432019 -0.01036718 -0.01876906 0.008654737 -0.01336895 -0.0009213536 -0.005795526 -0.001118566 0.01020163 0.0212392 0.008024018 -0.004825676 -0.03639939 -0.005976792 -0.006679028 -0.003997109 0.03518566 -0.03122135 0.0437716 -0.01436586 -0.0006555495 -0.02214238 -0.005316708 0.001543261 0.01097533 0.007591881 -0.01213047 -0.01674216 0.01660891 -0.004580287 0.02220885 -0.0575317 -0.0849943 -0.05625396 -0.07621112 -0.110771 -0.3897409 0.07693136 -0.1398396 -0.3279268 0.01472919 0.006900845 -0.03591412 -0.000855708 -0.01169615 0.009562713 -0.002741787 -0.006720763 -0.01450931 0.07408512 0.05792445 -0.1930368 0.004523 0.003903542 -0.03656561 -0.001454904 0.01395723 0.005822689 -0.07892668 -0.1089321 -0.4028755 0.002027844 -0.00857841 0.02664075 -0.000730298 0.007681906 -0.01407542 -0.02795009 0.1118406 -0.2085877 -0.01221665 -0.007893711 -0.01497282 -0.001771435 0.00480956 0.004315869 -0.009796917 0.004976043 -0.03378099 0.05848933 0.007955657 -0.08968198 -0.0177338 0.004013937 -0.02103706 0.0227519 -0.0340793 0.02865512 -0.004220012 -0.01097322 0.00827963 0.00465135 0.01239516 0.01188795 -0.01485261 0.01228551 -0.002033929 0.001601998 -0.003659941 0.01457805 -0.08589999 -0.008283924 -0.05961797 0.002686132 -0.003516682 -0.01025852 -0.001330751 -0.0116064 -0.02625591 -0.01325095 -0.003497543 0.009564624 -0.02179551 0.00830281 -0.00534132 -0.009163629 -0.000341758 -0.02334455 -0.0006648558 -0.007478992 0.002172881 0.007965434 0.001180226 0.01987637 -0.005873318 0.0007855567 0.02189524 0.005616822 0.009265654 0.02238536 -0.005289543 -0.01192082 -0.006951227 0.01059892 0.01963565 0.0229364 0.004722648 0.009240402 0.01323526 -0.01938087 0.001320528 -0.07840421 -0.009000484 0.005046157 -0.02542568 -0.0008517983 -0.003813718 -0.0281904 -0.00990795 -0.000991661 0.008443632 -0.002947829 0.01266206 0.0227997 -0.0008632313 0.0211608 0.02487339 0.07684065 -0.0437581 0.1011849 -0.01135799 0.004014838 -0.008053622 0.01290107 0.01455258 -0.004308621 0.0002241363 0.005309798 0.01665212 -0.008369546 -0.01078471 -0.02750408 -0.001088752 0.004938997 -0.002434382 -0.01322417 -0.000308467 -0.004493441 0.0005228934 -0.006942138 0.008218349 -0.003074407 -0.0155175 0.00124021 0.001608927 -0.001985461 0.01227562 -0.007303517 -0.01145817 -0.0195825 -0.00898942 -0.001346365 0.04387927 0.01008034 -0.009868857 -0.01046553 -0.02113629 -0.004283758 -0.004907697 -0.01672892 0.01563907 0.01230927 -0.005540965 0.001737557 0.02708744 -0.01362989 -0.0009303855 0.005218544 -0.01130017 -0.005765745 0.01978789 -0.1141311 -0.273072 -0.6420534 -0.1344896 -0.2520439 -0.3562503 -0.009856405 -0.01627642 0.02174083 -0.006355401 -0.001597069 -0.001670211 -0.00206935 -0.007367739 0.007303138 0.02760469 -0.08433874 -0.07707273 -0.003253394 -0.01291923 -0.03372132 0.008974718 -0.03865585 0.0106829 -0.01139268 0.0168062 -0.01983978 -0.002635717 -0.005283853 0.005420745 -0.005039111 0.01586567 0.01774891 0.001827743 0.001846525 0.0001847232 0.006597739 -0.00985474 -0.02393654 -0.02198645 0.01508353 -0.01122422 0.01456934 -0.01767713 -0.01065618 0.006953557 -1.542072e-05 0.0007294854 0.00549446 0.01224646 0.021648 0.01404969 0.00738775 0.008999162 -0.005145564 0.002047939 0.002685458 0.0110329 0.007535951 0.02362759 -0.002106938 0.01876018 0.04962405 0.01179541 0.01041676 0.001163163 -0.0004597711 -0.001232209 0.02579159 -0.04339404 -0.09095329 -0.05028437 -0.007304664 0.00153131 -0.02033835 -0.07540678 0.08051399 -0.2314542 -0.00837208 0.00729757 0.004285987 -0.007595371 0.0008223766 -0.008911016 -0.003803584 0.017464 -0.02930234 0.01294323 0.0246058 0.05262838 -0.01077069 -0.009341085 0.007971996 -0.002514209 -0.0141664 -0.01137694 -0.02091052 0.005638042 -0.01722924 0.001237087 -0.006144138 -0.01031071 -0.0164768 -0.002716299 0.01103163 0.004288543 0.0199932 0.02178422 -0.03392226 0.03531109 -0.03568872 0.02175746 -0.003031055 0.04649761 -0.007298649 -0.06746473 0.0682928 0.003912867 -0.0494658 -0.02629039 -0.008763686 0.005113702 0.01658051 0.006654025 0.002684502 -0.0048636 0.007275404 -0.005034927 -0.006095412 0.00259405 0.008665895 0.0008292133 -0.03114385 0.04354372 -0.0265574 0.01663273 0.005400494 0.007862852 -0.002183217 -0.006239573 -0.003565676 -0.008119378 0.01374565 0.002724287 0.0009220415 0.007859681 0.02845112 -0.007995389 -0.02627794 0.005239689 0.001752582 -0.001441406 -0.001799378 -0.0008551846 -0.0006641409 0.008298413 0.01059112 0.0192413 0.03523576 0.005731684 -0.01431005 -0.01942648 0.1546088 -0.1021031 0.08071656 0.006190628 0.005766299 -0.02045194 -0.0181374 0.001964288 -9.528376e-06 0.02476499 -0.003094397 0.02429463 -0.01532181 0.0004697732 0.02677221 0.005957516 0.012605 0.02155989 -0.007810637 -0.0156954 0.003883357 0.005516254 0.04250124 0.07463899 0.01609431 -0.07110444 -0.01867757 0.02087429 -0.006302964 0.01925477 -0.01472057 0.002726339 -0.0135283 -0.000677749 -0.006900143 0.01030467 0.01140943 0.001207939 -0.0006113769 0.001874377 0.01977882 -0.01342603 -0.01733759 0.001885297 -0.009490336 -0.01157076 -0.006432723 0.006300748 -0.001942977 0.006983317 0.0252311 -0.005885101 0.005631806 -0.01256465 -0.008408498 -0.00668386 0.005378907 -0.02368403 -0.004811568 -0.02869052 0.008637659 0.001486763 0.01491004 0.0150939 0.01697662 0.02936789 0.008037262 -0.01831011 0.02536342 0.01046829 0.01572922 0.02097461 0.008389683 -0.01020797 0.00248468 0.001735263 -0.007237004 -0.001884087 -0.005536001 -0.01305678 -0.00418648 0.01631489 0.08307546 -0.1024935 -0.002320654 0.009505589 0.00657636 0.003917564 -0.01206993 -0.01411685 -0.01364421 0.009581671 0.003683944 0.001216718 0.0002338161 0.005741374 0.005833399 -0.003025128 -0.01086115 -0.004474688 0.01543038 0.01720701 -0.008285932 -0.01040445 -0.006126768 -0.009576511 -0.006909264 -0.0001371829 0.02937962 -0.03058856 -0.01974857 0.01502049 -0.01676641 0.02378256 -0.004487903 0.01371892 0.02033863 -0.002390313 -0.00582935 0.0004693521 -0.0009879465 -0.009716038 0.01355637 0.00887309 -0.0005813128 0.02080905 -0.002210663 -0.007565388 0.007289489 0.007122722 0.00908794 0.01338807 -0.01148763 0.0270856 -0.01519205 -0.001584906 -0.01662139 -0.02442437 -0.006452597 0.005465034 -0.0191626 0.003678332 -0.01069933 0.01232687 0.01027804 -0.02183446 -0.00953707 0.003331669 0.0001320095 0.02620823 0.0176746 -0.02091574 0.0305822 -0.005818448 0.008234745 0.01620879 -0.02549403 -0.01612565 -0.004849081 -0.04947348 0.03533314 -0.06716371 0.009351999 -0.01083797 0.008230523 0.1089267 -0.05223424 -0.1955191 -0.002656728 0.01263398 0.02454386 -0.005459964 -0.002257999 -0.004272855 0.02825131 -0.004363282 -0.006490662 -0.0009493264 -0.00559276 0.03999036 0.006278351 0.01017724 0.002155912 0.01080448 -0.0003170631 0.03023303 -0.02866788 -0.05323249 0.02661826 0.004321259 0.01234603 -0.0173121 -0.002185218 -0.007406596 0.002033279 -0.005351219 -0.01305644 -0.02612129 0.002174329 -0.003845869 0.01556702 0.002036538 -0.01770672 -0.03467408 0.02575764 -0.1025508 -0.008038922 0.0003350456 -0.003945062 0.01036877 -0.08770575 -0.073918 -0.1781318 0.001687067 -0.001464395 -0.03762473 -0.02409218 0.02045635 0.005686718 -0.01292719 0.01089304 -0.01217268 -0.009942975 -0.006869622 -0.01003342 0.007432461 -0.006403186 -0.0108066 -0.009653471 0.0117421 -0.03607475 0.0107768 0.02801336 0.02423323 -0.00456259 0.009970827 0.003274572 -0.002578686 -0.02604426 -0.00801131 -0.002328712 0.05399338 0.05755489 -0.00817769 0.0008025627 -0.02443053 0.005672824 0.002946459 0.01089126 0.001572766 -0.01562639 -0.01615279 0.05092467 -0.009622676 0.06410412 0.001178762 0.004639853 -0.008046138 0.007587534 0.009307992 -0.03641014 -0.03257407 0.02740527 0.02825124 0.01632879 -0.01207449 -0.01894717 -0.009289186 0.006541453 -0.006136327 0.04707333 -0.1316625 -0.2034035 0.008065294 0.03236599 0.06703347 0.005715196 0.006583099 -0.02067435 -0.00550042 -0.006626612 -0.0176542 -0.03878727 0.03537297 0.02533172 -0.003630783 0.00787008 0.009204333 -0.02591499 -0.06855474 -0.06877704 -0.02207284 0.03891026 -0.02358662 0.0268262 0.03356412 -0.1938768 -0.001434627 -0.004867558 -0.008924098 -0.01265031 -0.009655397 0.00415871 -0.008681843 -0.09105807 0.05007636 -0.02399868 0.008116674 -0.01609895 -0.01158548 -0.005271165 0.05283775 -0.1104496 -0.2999119 -0.5261701 0.007427462 -0.002347748 -0.02328748 5.027326e-05 -0.002113907 -0.01690745 -0.004423733 -0.007792315 0.01915651 -0.03132351 -0.0149473 0.02935898 0.01431599 -0.002097182 0.03216892 -0.003591571 0.001209736 0.002040447 -0.006683353 -0.01183175 -0.01738956 -0.0059149 0.007194635 0.02351545 -0.003881879 -0.01299252 0.008868069 -0.001400422 0.01920492 0.01736471 0.008655753 -0.007044509 -0.006278316 -0.04470796 -0.008592222 -0.03896939 0.01081313 0.004964822 0.01795916 -0.07087343 0.05826552 -0.01161103 -0.03833887 0.02474858 0.03550692 -0.003581743 -0.01272057 -0.01895499 -0.005394645 -0.003718965 0.00349074 0.009322597 -0.01618744 0.004729968 -0.113671 -0.06519367 -0.1672486 -0.004677195 0.01138009 0.02164199 0.01744388 0.001174117 0.02373248 0.004754834 -0.03149787 -0.02825047 0.00334112 0.005430555 0.01143956 0.002952889 0.006134734 -0.007779269 -0.006543073 -0.01348526 -0.02584909 -0.01386213 -0.004256656 -0.05565523 -0.001064851 -0.002832305 -0.01610441 -0.01555352 0.006712932 0.03104276 0.00355183 0.01660887 0.04158441 0.005367049 -0.001926709 0.004009464 -0.002203851 -0.002270065 -0.003314949 -0.01015993 0.01267003 -0.01009825 -0.002914026 0.0001562742 -0.002518262 -0.07134964 -0.03287483 -0.00675179 0.003518761 0.006639603 0.004902457 -0.004406098 0.0009686017 0.002997064 0.0522293 -0.009594612 0.07817557 -0.001144068 -0.006521182 -0.02159236 -0.00108809 -0.01209261 -0.01276686 -0.2361766 -0.1492312 -0.4618934 -0.01275865 -0.006712742 -0.02843147 0.01098986 0.01904449 0.02386151 -0.02143084 0.03207782 -0.01168876 -0.006200268 -0.008949818 -0.008585547 0.0006882106 -0.005848994 -0.03853711 -0.0134838 0.001325645 -0.03174166 0.1093664 0.07466584 -0.1806697 -0.0002192887 -0.004238835 -0.007632992 -0.0005729119 0.007098665 0.02124154 0.0006202874 -0.03288127 0.01469079 -0.001603532 -0.004863514 -0.007173891 -0.004623115 -0.005986424 -0.0008924147 0.01115847 0.0002287404 0.0113713 0.00626392 0.04034255 -0.1784519 -0.01350874 0.0001384673 -0.01769365 -0.01009813 -0.004016643 -0.008964292 -0.03094836 0.001397615 -0.01141496 -0.004430394 0.007479394 0.02177338 -0.146667 0.05222012 -0.1978669 -0.02823094 -0.01225085 -0.007894716 -0.004678618 -0.01290765 0.03386886 0.08584443 -0.04119155 0.03413997 -0.008665837 -0.009344792 0.005166926 0.00912961 0.008508156 0.01313653 0.005096088 -0.01777682 0.02356247 0.001466673 0.02236128 -0.008587449 -0.00548559 0.005358823 0.01954215 0.006253423 0.009612292 -0.03116214 0.02112553 -0.01878802 0.001448396 -0.006266437 0.01491412 0.002741446 -0.00661436 0.002156253 -0.005778729 -0.001210261 -0.01228897 0.006359034 0.01903079 -0.02650081 -0.04044316 0.01014214 -0.008473481 -0.01358129 -0.002433421 -0.00975723 0.008917031 -0.01082912 0.0198723 0.04248004 -0.01285755 -0.003663696 -0.05089951 -0.02729449 0.02347763 -0.01123042 -0.006262782 -0.01366513 -0.02522381 2.181577e-05 -0.001813803 0.00588238 -0.06168154 0.05149429 -0.05033115 -0.0006999592 -0.003817204 -0.02963743 -0.001409072 -0.005292863 0.01222897 0.01323784 0.03371858 0.06790683 -0.02354677 0.02264983 -0.009962725 -0.007036412 0.02626975 0.07072262 0.03122917 0.1299696 -0.4118592 -0.001694649 -0.00462002 -0.001290836 -0.01170369 -0.004419528 0.01188999 0.2308076 -0.1388076 0.1295912 0.004994669 -0.04461713 0.01169271 -0.002951715 -0.006000895 -0.00188792 -0.01093959 -0.02163898 0.03517536 -0.007840801 -0.00845976 -0.01351321 0.003715765 -0.003260309 0.01292585 -0.03000573 -0.005535178 -0.006992727 0.001085673 0.009860108 0.01004145 -0.01181474 0.007445175 -0.03611345 0.04675673 0.08754008 -0.2934925 0.05215361 -0.02034428 -0.1480341 -0.008664604 -0.009126015 0.001723976 -0.01258429 -0.001300513 6.16731e-05 0.01291281 0.01699453 -0.0648552 -0.004189036 -0.007564483 -0.0007647714 0.005403549 0.01086298 0.00743869 0.01288842 0.004459621 0.01679242 0.002972428 -0.01132312 0.006657346 -0.006758848 -0.006582256 0.02725516 0.001189538 0.001978278 0.01379427 0.006363234 0.008168369 -0.03413197 0.0299247 0.0008791947 -0.02871887 0.009560671 -0.02269216 -0.02499093 0.003892649 0.0153623 -0.002541694 -0.005379349 0.008903936 0.0269211 0.003924452 0.001366973 0.01152597 -0.007701121 0.006986042 0.01821782 -0.003571363 0.001079116 -0.002540481 -0.008482821 -0.009880552 8.055659e-05 -0.04736326 -0.008132871 -0.03146292 0.02751488 0.009739451 -0.05990376 -0.0003688759 0.001612111 0.001920172 -0.002981361 -0.003854992 0.007301711 0.0008531441 0.001678694 -0.0002569119 0.007765774 0.007484528 -0.005145325 -0.006723146 0.006537067 -0.01089547 -0.01333539 0.01356984 0.02498696 -0.03051359 -0.1265484 -0.4468919 -0.008554477 -0.0006514973 -0.02507149 -0.01799553 0.003844665 -0.01529423 1.839967e-05 -0.01252161 -0.00548884 -0.0452815 0.04792862 -0.02998617 -0.004733476 -0.007706284 -0.006053881 -0.01144289 0.001704542 -0.007047157 0.003372267 0.01540887 0.0228398 -0.002497572 -0.004815014 -0.01016927 -0.0128255 -0.003270265 -0.014959 0.007557139 -0.1932359 -0.3313408 -0.001934755 -0.006389052 -0.01278307 -0.01223521 -0.003588052 0.01097841 -0.001878697 -0.002582656 -0.002088956 0.006516375 -0.01330142 -0.01749985 -0.01019547 0.02130309 -0.002894855 -0.0003558616 -0.0001486613 -0.002348769 -0.02845108 -0.0058493 -0.0244967 0.001367085 0.003939174 0.02504428 -0.006184723 -0.02062163 0.02920876 -0.01215423 -0.004186383 -0.009411807 -0.01026057 -0.002436612 -0.008527218 -0.007014419 0.0003318751 0.001876906 -0.005153093 -0.004394526 -0.0147438 -0.008871511 0.001432791 -0.008497032 -0.01258169 0.01511742 -0.005297764 -0.05243995 0.04738297 -0.01729464 -0.2001219 -0.1116394 -0.2624001 0.02197286 -0.02173335 -0.03633253 0.004895974 0.0167808 0.01325373 0.002457083 0.005325126 0.00969758 -0.01725564 0.009947922 -0.01075239 0.01283823 0.004137819 -0.02820673 0.0002425988 -0.00408978 -0.007950879 0.004447241 -0.001033673 0.002177038 0.168807 -0.0912495 0.07528202 0.01008378 0.005851617 -0.01205254 0.007721156 0.0230118 -0.01213121 -0.004967551 0.004864899 -0.01555797 -0.008385029 0.003402777 -0.01273304 -0.00299539 -0.003743732 0.007854671 -0.01324827 0.001115957 -0.008473418 -0.007562361 -0.003294172 -0.03043074 0.009391628 -0.008992041 -0.0137341 0.03672936 0.01110981 -0.04342913 -0.01082888 0.01344961 -0.007923829 -0.07725293 -0.0570038 -0.3260954 0.06415743 0.007417321 -0.03019672 0.003609412 0.02925161 0.02338348 -0.01176221 -0.0009417286 -0.0129407 -0.02678407 0.03948928 -0.0354687 -0.005457613 0.01769253 -0.02238932 0.009749781 -0.01552616 -0.03452601 0.002934497 0.003204595 0.01229921 0.003063802 0.02650678 0.01810557 0.001643558 -0.004989682 0.008210675 0.01819612 -0.0003507639 0.01250955 -0.01316713 0.01159829 -0.01589261 -0.001798298 -0.01661261 -0.03414926 -0.007349565 -0.005333764 -0.02218761 0.0005324301 0.002203885 0.0006205076 -0.01870831 0.01031544 -0.01805034 0.002562725 0.01146929 -0.01505532 -0.009711355 0.002135333 -0.004143014 -0.040445 0.008726655 -0.0214429 0.02784726 0.02124386 -0.1267997 -0.03227449 0.0237528 -0.006664968 0.002517382 6.657292e-05 -0.03717024 -0.009430025 0.007568873 -0.02881604 -0.0007649618 -0.004946006 -0.02542482 0.006614425 -0.008106008 -0.02448451 -0.01727893 0.003849602 -0.05291983 -0.008124575 0.003851492 -0.0005681766 -0.0627944 0.05130533 0.02776043 0.01467381 0.00713614 -0.02233114 0.01069479 0.0258186 -0.08682082 0.03037505 -0.1021682 -0.02062889 0.009017713 -0.007147104 -0.02392552 -0.007953782 0.01242866 0.005886783 0.006432731 -0.008484965 -0.01641264 -0.0717104 0.04655972 -0.02667844 -0.01680041 0.002480086 -0.01406985 -0.009084135 0.0012328 -0.01099118 -0.00269033 -0.01863337 0.0244512 -0.004069093 -0.01259445 0.01272373 -0.002799082 0.01695669 0.05806537 -0.001598484 -0.01559911 0.003564627 -0.007115699 -0.00193575 0.001653605 0.008161215 -0.008513578 -0.02145423 0.009538922 -0.005258762 -0.02615818 0.002493684 0.04578691 0.06337787 0.005703539 -0.01628118 -0.02097908 0.138496 0.02404318 -0.07519019 -0.01171042 -5.605991e-05 -0.009139008 -0.08678041 -0.02660047 -0.07179574 0.01304292 0.0009760169 -0.003730264 0.00205502 -0.01095501 0.04993781 -0.03146512 -0.003338901 -0.0203462 -0.0002119089 0.00738818 0.01407021 -0.004200805 -0.01376512 -0.02243164 0.01163555 0.003618086 0.009398063 0.03969223 -0.05337243 -0.03085074 -0.001881204 0.008646801 -0.0007873094 0.005263441 0.001295393 -0.002524882 -0.002002637 -0.03644562 0.02359941 -0.064178 0.02895812 0.03818496 0.1147672 -0.07910738 -0.2699066 0.004539183 0.01043313 -0.02107377 0.01334794 0.007520644 0.003568792 0.003759683 0.01549197 -0.009466386 0.01528097 0.02040405 0.03379799 0.1449514 -0.07826204 0.06841403 0.1889477 -0.1157117 0.09537859 -0.001225829 -0.01085063 -0.007583241 -0.00689271 0.0009757803 0.01008139 -0.003437791 0.01007588 0.01637236 0.004990455 -0.002836032 -0.004608709 -0.00987415 0.002413986 -0.007787165 -0.0006449013 0.01677554 -0.01714056 0.001900986 -0.008502278 0.005623837 -0.005631677 -0.006222989 0.005247087 0.004640494 0.003441919 -0.006174839 -0.003501217 -0.002611303 -0.01050395 -0.06827722 -0.007940752 -0.06166589 -0.00890344 -0.00398376 -0.02526291 0.02219191 -0.02195665 -0.009028173 -0.005018468 0.002919778 0.006420116 0.01097906 -0.003598202 0.02707139 0.03143877 0.003744651 0.02100529 0.01165455 0.01615501 0.02434411 -0.002909693 -0.0109931 -0.008335548 0.01371 0.01424425 0.06917266 -0.00767707 0.004160689 0.0181823 0.01459866 -0.00711536 -0.005384865 0.0717866 -0.03603061 -0.5961844 -0.004238281 0.01387095 0.04395758 0.0004259911 0.004564548 -0.006408758 -0.05790247 -0.2225025 -0.2398899 -0.00591376 -0.005397694 0.0007445449 0.01610427 0.01056845 0.02405506 -0.007219199 -0.001546924 -0.02375721 0.01537688 0.03200826 0.08254289 -0.002779524 -0.006411392 0.0005821781 -0.1149403 -0.004892506 -0.06976341 0.0001969826 0.001288123 0.006949977 0.01596303 0.003136434 0.03628514 -0.0008798144 0.01833327 -0.01331874 0.004529849 -0.007211512 -0.01284996 -0.0685711 0.05610083 -0.01438444 0.009843815 0.0004138566 -0.01214798 -0.003397759 -0.01148797 0.01197478 -0.002739314 -0.003037626 -0.0003214506 -0.0201074 0.009320654 0.002972648 0.009896643 0.0006422159 0.01068152 -0.006567325 -0.004628057 -0.0165378 0.01025583 -0.006338041 -0.01318008 -0.004752323 0.01355324 -0.02977381 -0.006736241 0.0002910887 -0.0006425334 -0.07443962 -0.03294143 -0.00684367 0.01691556 -0.003027006 0.04260124 -0.008337189 0.005207373 -0.0187974 0.0127992 -0.005494651 -0.008495252 0.002537799 -0.01212649 0.01534257 0.08365455 -0.1143721 0.03214386 0.00919066 -0.003364708 0.0006484678 -0.0445405 0.04729254 -0.0293177 -0.01364414 -0.0002119764 -0.0009052688 0.01353031 0.0296027 0.003847421 -0.01539032 0.01348446 0.01559268 -0.01647316 0.03030628 -0.01814461 0.01059053 -0.008404434 -0.01182343 -0.03260095 0.02613695 0.02824812 0.04129851 0.003789913 -0.438297 0.01381905 0.001062894 0.0272901 0.04612617 -0.04279881 -0.005261685 0.006184224 -0.003474416 -0.002066347 0.004386258 0.01253769 -0.01823727 0.01101491 -0.01249957 -0.003647917 -0.001429107 0.007361341 0.02201986 0.002075013 0.002164776 0.01684174 -0.003242498 -0.01057082 0.01132901 -0.00432723 -0.003910828 0.006817997 0.009156018 0.007740684 -0.01114115 0.01380714 0.01756704 -0.01772922 -0.01178633 0.01483749 0.01476036 0.004089315 0.05169419 0.05434816 -0.01259448 -0.001901159 -0.01556833 -0.05231587 0.05042763 0.02927689 0.05157679 -0.05592139 -0.1664534 0.04963907 -0.008449636 0.003674765 -0.005634922 -0.00265233 -0.03309279 0.0129902 -0.008329924 -3.688691e-05 -0.06467918 -0.259945 -0.3429085 0.0003642873 0.007879976 -0.06835859 -0.01397837 0.001954935 0.04537282 0.003926244 -0.003471109 0.0309583 0.0008288459 -0.004085915 -0.00843658 -0.008261926 0.007436443 0.006575123 -0.06847597 -0.2642957 -0.344543 -0.05121314 -0.05497172 -0.04460908 0.05357032 -0.0311375 -0.6429489 -0.08304452 -0.08836134 -0.4824449 0.0992209 -0.054859 -0.1360305 0.04633161 -0.04734261 -0.01986764 -0.01511734 0.01043528 -0.00714581 0.007771172 0.03868845 0.05270443 -0.0001854929 -0.002967168 -0.006065018 0.0121729 -0.008378759 -0.0118479 -0.00226897 0.01338625 0.02058194 0.0134425 0.00300887 0.005493391 -0.003145117 -0.01031437 0.002548472 0.006244913 -0.007831953 -0.0269592 0.004094583 0.01512547 0.0109275 0.0001734537 -0.01407685 -0.0126998 0.003752035 0.007268635 -0.000599307 -0.006073073 -0.008387389 -0.009694203 -0.008049347 -0.04197507 0.02301219 -0.01101502 -0.007471789 0.006398358 -0.01179977 -0.007613646 0.005427764 0.02169547 -0.06572437 -0.0504839 -0.01545139 0.0254324 -0.007624937 -0.002709643 0.02000785 -0.009407551 -0.002945307 0.01254153 0.02959082 -0.01825298 0.005710077 -0.017894 0.006523569 0.01377779 0.01305181 -0.002546253 0.00505824 -0.008005056 -0.007772445 -0.007593513 -0.004057948 0.008917581 0.002781419 0.008856216 0.008940678 0.02595685 -0.04909231 0.008792885 -0.01725856 0.03373796 0.003126368 -0.004468961 -0.0004404178 -0.009550415 -0.000281643 0.02280658 0.002453022 0.004139456 -0.02096573 0.01815918 -0.009630108 0.01438148 -0.006155971 -0.0007397345 0.04225904 0.001474932 0.03796492 -0.04017108 -0.01830279 -0.03800799 0.01163031 -0.3978256 -0.2914168 -1.009532 0.006092765 -0.02290984 0.04056636 0.01111304 -0.01431227 -0.01823821 -0.008774251 0.009418428 -0.00295304 0.009224286 0.0007338357 0.03041452 -0.003062337 -0.002438719 -0.01516036 0.006382753 -0.008515462 0.0255135 0.002097976 -0.01573667 0.00665664 0.01402504 -0.01417158 -0.03111257 0.006267231 0.001836145 0.01596315 -0.0006801668 -0.002456427 0.001525597 -0.007564533 -0.009977808 -0.005391209 0.001313877 -0.002673939 -0.01382629 0.004970078 -0.01657264 -0.01415831 0.003841099 0.002716895 -0.004609133 -0.01651684 0.02532041 -0.005063598 -0.05573402 -0.02524436 -0.1453899 -0.004301495 0.00358648 -0.02109553 0.01596812 0.01349234 0.02750612 0.02220254 -0.01158725 0.02847274 -0.02702128 0.01055039 -0.08131667 -0.006933353 -0.008184228 -0.05367862 0.02122171 -0.001712214 -0.02966233 -0.01163359 0.0001829072 -0.004615185 0.001995869 0.004872594 0.008604125 0.005452376 -0.002334598 -0.007910094 -0.1602963 -0.3463644 -0.7030879 -0.08047897 -0.02608749 -0.0153001 0.009124197 0.01507149 0.02026605 0.0006956425 -0.01230542 -0.004287927 0.01183395 -0.004907555 -0.02343764 0.008518614 0.02716056 0.02358171 0.0936188 0.02211711 -0.1913884 0.04804039 -0.08660179 0.06125918 0.01071827 -0.001588331 -0.02549427 0.006212019 -0.004987624 0.0106791 -0.08269916 -0.08816163 -0.1806591 0.007350464 0.00730145 0.02491258 0.007436414 -0.001089983 -0.01062293 0.02188238 -0.01492999 0.005632651 0.006499364 -0.004809903 -0.005412582 -0.02289547 -0.006340174 0.06466034 0.01309092 -0.01758724 -0.0527178 0.01140823 0.01092238 0.02398365 -0.0138663 -0.0009921266 -0.01141092 0.01796959 -0.01782514 -0.006464894 0.0131816 -0.01134994 -0.005745529 -0.02304094 0.02859805 0.0139688 0.04250239 0.01057905 0.01405314 -0.1276368 -0.02363169 -0.08967107 -0.01707586 -0.003554475 -0.01635778 -0.0030559 -0.003265213 0.01192539 0.1967158 -0.1118798 0.09172053 -0.1250696 -0.07858796 -0.3792789 -0.004184123 -0.00354277 0.01037703 -0.0218917 -0.0005026868 -0.01556182 0.002065298 0.005053583 -0.02533349 -0.00909657 -0.0001770294 0.01085625 0.01662201 0.00262863 0.04065774 -0.004325073 -0.008673515 -0.01076686 0.002770696 0.01226763 0.04285395 0.002085954 -0.0008086077 -0.01495274 0.006607738 0.01251849 0.007979692 -0.005292449 -0.004015462 0.002580383 0.0005261046 -0.0005533219 -0.01803432 0.006591771 -0.003195827 -0.04645362 -0.01757657 -0.01496899 -0.73167 -0.04246699 0.02726525 -0.06832471 -0.02191612 -0.00322685 0.03175896 0.004801017 -0.001977742 -0.01546343 -0.001664515 0.0123997 -0.02133443 0.0005531502 -0.001269596 -0.01532885 0.007744141 0.001691467 0.003255264 -0.006460301 -0.002868528 -0.01390252 0.005454485 -0.009921402 -0.01161176 -0.01474586 0.02821946 0.07220714 -0.005411356 -0.005445283 0.005807237 0.02033577 0.00989533 0.08434541 -0.0152218 -0.1094637 -0.4003403 0.02016461 -0.01578711 -0.04215453 -0.04999261 -0.1279276 -0.2605284 -0.009669945 0.0008724463 0.01087611 0.01051656 -0.0005739833 0.02955002 0.01616707 -0.01457837 -0.04360203 -0.01274092 -0.002421636 -0.02198043 0.001171172 0.01108096 0.008672326 0.005042006 -0.004681291 -0.003219011 -0.001181434 0.007632645 -0.004736929 0.007710785 0.0147529 0.03231734 0.009764925 -0.01570311 0.02169179 0.001605561 -0.004369371 0.01771204 -0.01388169 0.01235909 -0.01345193 -0.005697496 -0.009635644 -0.009710095 0.0002702405 0.007903274 -0.01841467 0.01430186 -0.02845415 -0.02270298 -0.02853641 -0.1655446 -0.4207387 -0.0005227397 -0.0144794 0.03885356 -0.03420594 0.03829297 -0.06151173 0.0008927179 -0.006064486 -0.008063926 0.00832212 -0.0001395791 0.008650233 -0.00712239 0.009515628 -0.01314215 0.2680568 -0.1504083 0.1372511 0.01243071 0.03349394 0.06962486 0.01710832 -0.02369277 -0.05206316 0.002713144 -0.01322707 -0.01263376 -0.0246262 -0.002041306 -0.01217357 -0.0005569453 0.001322113 0.006533821 0.1019891 0.02312527 -0.4568833 0.01756746 0.02967758 0.0799405 -0.04408092 -0.01861268 0.02865022 0.009595159 0.008874467 0.009850853 -0.0528786 0.02265572 0.05603945 -0.0005693096 -0.005012473 0.03660989 -0.01645478 0.004295863 -0.01676662 -0.04926213 -0.01910341 0.02594401 0.003380243 -0.008921081 -0.02772336 0.00547478 0.003679106 0.01369256 -0.01941445 0.02937317 -0.007821684 0.002638344 0.02871539 -0.02309359 0.00351102 -0.004917137 -0.007365628 0.01619741 -0.01902085 -0.006157077 0.007986356 0.01118946 0.02341291 0.003385496 -0.002984864 -0.002937893 -0.006372083 -0.001759117 -0.05886801 -0.01262834 -0.005225405 0.008569133 -0.002706438 -0.004842674 0.007471529 -0.02768732 0.02368219 -0.01149245 -0.03919659 -0.08323628 -0.0493281 -0.003195341 0.008041918 0.01173398 -0.04138769 -0.02008749 0.02797201 0.02365338 -0.0111296 0.007260003 -0.00869637 -0.004882386 -0.00170255 0.0001752083 -0.002983544 0.003794678 0.01405909 -0.003170917 -0.02318849 0.005798279 0.01136738 -0.02798928 0.007005204 0.005623382 0.0162039 0.01208061 -0.002119814 -0.01925647 -0.02699043 0.03799743 -0.4286397 0.01082057 -0.01072938 -0.05374061 -0.02903698 -0.07621264 -0.01469812 0.01431314 0.0007037577 0.00357505 0.01116896 0.005937263 -0.01299845 0.009313371 0.0005223026 -0.01316907 -0.003711726 -0.007720616 0.009171125 -0.0467719 0.0827545 -0.2309899 0.00394201 -0.005068127 -0.007998605 -0.09441781 -0.0260112 -0.07683443 -0.01050587 -0.03994994 0.05976993 0.004808281 -0.01023951 -0.03526096 -0.002866994 -0.002275176 0.01131185 -0.01065299 0.006809246 -0.01778317 -0.02595583 0.001842521 -0.01411435 -0.006796944 -0.003007501 -0.03172703 -0.07197171 0.05753705 0.01892988 -0.01302759 -0.001393834 -0.002913659 -0.009608172 0.01729427 0.0005554119 -0.01654427 0.005593972 -0.01383559 -0.004791762 0.0002794304 0.001082913 -0.003869418 -0.01289186 -0.004104939 -0.007600236 -0.04006529 0.02165261 -0.005549561 -0.007537063 -0.0119871 0.03117473 0.02775341 0.03566455 0.002859012 -0.006089825 0.0053279 -0.08014171 0.05352245 0.01849214 -0.00912641 -0.001841599 -0.01928234 -0.002917639 0.02297697 0.06249915 0.01780163 0.004341962 0.02956863 0.004778006 0.01306351 0.000998416 0.02469632 -0.02517571 -0.01449685 0.03034454 0.005750831 0.07543289 0.000718758 -0.009643722 -0.0001615426 -0.005145207 -0.01009662 0.00111986 0.008571077 -0.01718378 0.0104634 0.003614527 -0.01107362 -0.005542698 0.009344265 -0.0007138205 -0.005996621 -0.01035734 -0.009447873 -0.02460287 0.004049693 -0.002601828 0.01116137 0.01550993 -0.05073283 0.04816996 0.001405761 0.01528588 -0.0258646 -0.002865873 -0.008165758 0.007056423 0.01520012 -0.002563136 0.01853113 0.01421659 0.01166816 -0.02245614 -0.02969107 0.0214636 0.06683821 0.008248959 -0.01295255 -0.01735568 -0.005383033 -0.001050733 0.007236757 -0.01781895 0.01650581 -0.007297548 -0.0006382423 -0.0002268812 -0.01370644 0.01199283 0.02152273 -0.09001745 0.03546467 0.058088 -0.05506533 -0.005503322 0.01107609 0.02584957 -0.01691478 0.003035957 0.005981472 0.009127375 -0.01229146 -0.01577305 -0.005432408 -0.006118214 -0.002859137 -0.001776464 0.01280386 0.01939259 -0.1028914 -0.008477986 -0.06944298 0.002827902 0.004783781 -0.01264933 -0.008350015 0.000405212 -0.02355442 0.008371193 -0.006366367 -0.03426904 -0.01269386 0.005478909 0.01933569 0.01807236 -0.002588293 0.01958738 0.007250492 0.03044551 -0.0579658 -0.003529872 0.003921259 0.02758997 0.05594101 -0.001082547 0.01369722 0.02770424 -0.0008570271 -0.02229275 -0.01208888 0.01238778 -0.01026173 -0.001342956 0.003818905 0.003403788 -0.3674927 -0.2398745 -0.7026033 -0.005676131 -0.006592741 0.04326626 -0.002594873 -0.01320302 0.01148164 -0.003601398 -0.006744922 0.01025664 -0.03373923 -0.01862341 0.02264711 0.01475734 0.0008767789 -0.01724822 -0.01092755 0.002730335 -0.006290062 0.0007327949 -0.001215409 0.02658404 0.004338019 -0.006998524 -0.01210543 0.001357247 -0.01118113 0.009928473 -0.07734479 0.05976465 0.009411718 0.01003974 -0.001443453 0.002407924 -0.001621341 -0.01389639 -0.00134459 -0.01031199 -0.009815777 0.001835384 -0.03705427 0.04343398 -0.03833422 0.006971535 -0.01393211 0.01604741 0.003644351 -0.009343158 -0.0122203 -0.01693448 0.00440507 -0.01734706 0.006544792 0.01560238 -0.008496738 0.02072439 -0.006918462 -0.02028529 -0.3870336 -0.2613213 -0.8069021 -0.04469149 -0.01183488 -0.03592154 -0.009442654 -0.0002647861 0.01248105 -0.04671457 0.05920728 -0.5956117 0.007263709 0.0325565 0.01548985 -0.001815509 -0.008160441 0.008318503 -0.006316695 0.01568678 0.0135602 0.009190269 -0.00529943 0.01361439 0.003518932 0.006989695 -0.02126273 0.001389192 0.006153421 -0.02858169 0.00207675 -0.005385362 0.005123401 -0.0001761732 0.006416433 0.02692159 -0.0003823522 -0.01090171 -0.02118953 0.0192754 -0.008026194 0.01721902 0.001400497 -0.005933318 -0.01106143 -0.001230273 -0.003661785 -0.001964278 -0.02987476 0.02516831 0.02673014 -0.01091824 0.006398079 0.02102424 0.003432204 -0.006941332 0.004784697 -0.02245418 0.01157766 0.0284167 0.02295446 -0.009185465 0.03794166 0.006954089 0.001134522 0.01776991 -0.01357368 0.01284472 -0.01240427 0.001656648 -9.859714e-05 0.0287178 -0.00372044 0.003024882 0.002746829 0.01518007 0.009536779 0.01922178 0.002126154 0.004160872 0.0003956044 -0.004150185 -0.01594108 -0.02415172 0.08056347 0.02097513 -0.4766495 -0.01884074 -0.02387996 -0.002038273 -0.0006711218 -0.006187109 0.00681761 0.005599045 -0.01704783 -0.01623231 -0.006031617 -0.005151373 0.008432456 0.01217138 0.009750036 -0.005536704 -0.009889502 0.008911307 -0.01311475 -0.09459451 -0.06488661 -0.1873156 -0.2745258 -0.1688208 -0.4733332 -0.0009843293 -0.00244397 -0.005311907 -0.03559475 0.04013358 -0.03748149 -0.01881385 0.007316898 0.03369903 -0.00611728 -0.001833588 0.001145978 0.004505415 -0.0115156 0.01289804 0.003597446 -0.009751391 -0.01374886 -0.002195768 0.008243479 0.03724268 -0.004635538 0.005634075 -0.01851264 -0.01278838 -0.005677 -0.0242487 0.001118981 -0.007561125 0.002763011 -0.007377192 0.003141413 -0.00316666 0.0002304795 0.006584703 0.002658143 -0.004803683 -0.003712792 -0.007149587 0.03104552 0.02588078 0.06448542 -0.01449365 0.001333833 -0.00116936 0.00920644 -0.005731784 0.0001849113 -0.007027428 -0.005822603 0.006019258 -0.008145276 -0.003167083 -0.02944699 -0.01850377 -0.01655238 0.004078035 -0.09750283 -0.1074074 -0.3220921 -0.07022023 -0.02672701 -0.2601129 -0.002260327 -0.005120648 -0.002603567 0.01478899 -0.01226171 -0.01028825 -0.04854454 -0.1004142 -0.1009284 0.003864561 0.01346634 -0.01079069 -0.007748551 -0.0192957 0.007463985 -0.03158911 0.0430262 -0.03223932 0.00592912 0.002590494 -0.02608863 -0.002490799 0.005624745 0.007882179 -0.002929609 0.01040031 0.002081373 -0.002712633 -0.002538519 0.005626255 -0.009775966 0.01358119 -0.01077402 0.01176334 0.02973383 0.04460261 -0.01902581 4.22356e-05 -0.00196601 -0.001547411 -0.008405253 -0.004516377 -0.002898797 0.0199409 0.04471544 0.003932652 -0.0134276 -0.03580777 -0.008536346 0.003271176 -0.02459864 0.014502 -0.0873936 -0.1111651 -0.01147828 0.001784041 0.02031546 0.0136975 -0.0001208632 0.009588205 0.01466012 -0.01743967 -0.01618555 -0.02993882 0.02483228 0.03056896 -0.01014856 -0.08214355 0.05591063 0.005453263 -0.02929987 -0.02097694 0.01855621 -0.005986309 0.01090012 -0.003627423 0.01401618 0.02144371 -0.007467042 -0.00169548 0.01001496 0.001375765 0.02180375 0.01231426 0.01729387 -0.045431 0.0180265 -0.002990348 0.009091149 0.002743841 -0.009112641 -0.006131893 0.002435577 0.007412058 -0.002379669 -0.03251967 0.005058077 0.02129885 0.05662866 -0.01059753 0.009620767 0.03755533 -0.002178039 0.01284043 -0.002050026 0.00873572 -0.0007673017 0.0299669 0.05385741 0.05787368 -0.2457495 -0.05537613 -0.1003077 -0.07285585 0.04822189 0.03599406 -0.4983999 0.02026937 -0.0475814 0.02025138 -0.005232252 -0.007024145 -0.01149876 0.02425973 -0.0002116485 0.0283608 0.001962591 0.006431365 -0.05283684 -0.00984348 -0.0001406091 0.009406933 -0.01973068 0.02347168 0.04449441 -0.001907285 0.005893828 -0.006300795 -0.2551336 -0.1644228 -0.5257285 0.01130686 0.00341065 0.00533927 -0.0263517 0.01209383 -0.01590537 -0.005956169 -0.004803199 0.003223711 0.009346243 0.006408354 0.03422164 0.002800551 -0.01234092 -0.029202 -0.0168588 0.01723339 -0.004377252 0.005327654 -0.004907457 0.002782674 -0.003955189 -0.008654341 0.01713497 0.01377176 -0.008221453 0.02506347 0.04473089 0.0957155 -0.05281609 -0.1090092 0.0291124 -0.2807853 -0.003117218 0.009987279 0.01634542 -0.05682008 -0.03739296 -0.05385505 -0.02891833 -0.01700147 -0.028167 0.01133706 0.01210356 -0.02087403 0.00181374 -0.008665642 0.00661057 -0.001549308 0.003714998 -0.01903609 -0.007513228 0.009595057 -0.03060096 -0.002899419 0.01533539 0.04892815 -0.002634469 0.001360608 -0.002445846 0.01067291 0.002057035 0.002742571 -0.006128113 -0.0006126071 -0.002311028 0.09814024 -0.01561312 -0.3159456 -0.006027825 0.01411638 0.04863065 0.002516482 -0.01550804 -0.02008587 0.01561808 -0.00331874 0.01569748 0.01020252 0.005144518 -0.002744115 -0.01213475 -0.006624838 0.00727746 -0.01956059 0.01110782 0.005584686 -0.005312293 -0.007991482 -0.01671403 -0.01284151 -0.001240689 -0.004474453 -0.002894338 0.02714203 -0.02950738 0.01518084 0.004614245 -0.02859763 -0.2025194 -0.3104366 -0.5132592 -0.01487513 -0.04442036 0.02538617 -0.03272201 0.001076158 0.05643213 0.0133798 0.01589806 -0.003151777 -0.03503462 0.004888667 -0.06951567 -0.014429 0.0167381 0.02779249 0.007752192 0.02269864 0.05034434 -0.00292485 -0.0100709 -0.001103192 0.003947542 0.01778519 -0.006164237 0.004073613 -0.01004665 -0.01386665 -0.006095647 -0.001939088 0.0058974 0.001687844 -0.007337071 0.01642193 0.22097 -0.1199538 0.1008133 0.01362709 -0.01426384 -0.002574804 -0.002044074 -0.01651676 0.02183129 0.00458943 0.01761965 -0.01006467 0.002577652 0.006773509 0.01217385 0.1017531 0.03201418 -0.4040271 -0.02181287 -0.08598755 -0.01440285 0.003771887 0.02326233 -0.04770929 -0.009741783 0.001109583 0.009558895 -0.003459118 -0.004274508 -0.02005871 0.01621828 0.009676958 0.01177422 0.004997336 -0.003570961 -0.007649223 0.004787129 -0.008542759 -0.00820139 -0.01003078 -0.0009732841 9.109252e-06 -0.01485051 0.02215149 0.07227222 -0.05544398 0.03957281 -0.07526412 -0.130005 -0.08217198 -0.3874036 0.007528417 0.0001363532 0.02250615 -0.01251163 0.0004498773 -0.005550583 0.02220809 -0.006704262 0.02009252 0.00688852 0.03914187 0.04623239 0.0125754 0.006515166 0.02990114 -0.005907543 0.003601195 -0.0008425331 0.007121731 0.008071434 0.03095515 0.01151575 -0.0102006 -0.009760085 0.01928344 -0.006992653 0.01643636 0.03409642 0.03911696 -0.07600947 0.004336879 0.04516983 0.05240868 0.02089581 -0.04704924 -0.06534729 0.001233157 -0.01844151 -0.03403676 -0.006622929 -0.000437809 -0.03322588 -0.003896495 0.006690385 -0.01984915 -0.004636496 0.02200828 -0.02023266 -0.004819437 -0.004650937 -0.002134002 -0.006673116 0.009344602 -0.02973845 -0.005841176 -0.005275933 -0.02544282 0.01077541 -0.009214299 -0.002826273 -0.005704727 0.001134852 0.005704739 -0.007685404 -0.009642436 0.06061314 -0.004598774 0.003480447 -0.0130112 -0.00366836 -0.009352544 0.0009566331 -0.01148024 -0.006297285 0.006292441 -0.006892778 -0.06695245 0.06771787 -0.007202938 0.005024603 0.01875047 -0.0051274 -0.003799511 0.001270355 -0.00274055 0.00564882 0.008638022 -0.2560178 -0.1521074 -0.3728669 -0.00581678 -0.0001491233 0.008345001 0.1118714 -0.09074674 -0.07956977 0.009307764 0.02941481 0.04134817 -0.01984237 -0.0004702098 -0.01454189 0.009376615 0.02749013 -0.03903032 -0.002441622 0.005685 0.008738936 -0.1287768 -0.06572941 -0.1077615 0.01367228 -0.002063432 -0.02127035 0.006611787 0.0003879276 -0.01718181 -0.00601479 -0.002065757 0.01116089 0.003848466 -0.002840519 0.00738413 0.004094981 0.02306498 -0.06124958 0.003529706 0.002319242 0.006120366 0.007043131 0.004147202 0.02085434 0.01488613 -0.000747308 -0.008647236 0.01406373 0.008143421 0.05529625 0.001720705 0.005850861 0.03048006 -0.01019138 -0.0003349426 -0.05358505 -0.002526436 0.004017331 0.01074646 -0.1247524 -0.03322398 -0.3537313 -0.02149218 0.01878098 0.005857409 -0.02400465 0.01709198 -0.05890892 0.0121015 0.008519376 -0.02263359 0.003287789 -0.006199181 -0.01645137 0.08733559 0.1046882 -0.3054682 0.01952023 0.008394696 -0.009225874 0.002406005 0.007190781 -0.03387834 -0.01572369 0.0003012141 -0.01204176 0.01192005 -0.0002852686 -0.02615672 0.02220218 0.03544027 -0.05033955 -0.005277115 -0.01049534 -0.02141468 -0.133186 0.05190651 -0.1519475 0.007688432 0.01029166 -0.03530728 -0.02692364 -0.04755733 -0.01771835 -0.0004213448 -0.01287366 0.002012589 -0.006763484 0.00891412 -0.0272994 0.04286041 0.05815559 -0.06834197 -0.01687326 -0.01235387 0.001727075 -0.005353916 0.01197664 -0.0001317552 0.0009414037 -0.00410092 0.0002108766 -0.09261718 0.05466045 -0.005858199 0.002709959 0.00446018 0.02159688 0.00194835 0.01451802 0.05087224 0.01467023 0.00349661 0.02444645 0.007184752 0.005173661 -0.009318522 0.006932207 -0.003120743 -0.004544607 0.02559853 -0.00906634 -0.04389391 0.001816053 -0.01186562 -0.01381105 -0.001044854 0.06008552 -0.2784684 -0.0007939967 0.001930984 0.007957187 -0.003822695 -0.005673623 0.009301067 0.01146786 0.03341275 -0.1632559 0.02088333 -0.0206635 0.005539694 0.005868346 -0.01143101 0.01884812 0.003314218 0.005179613 -0.00179794 0.01315382 0.009535923 -0.0691358 -0.001432951 0.005878968 0.008520872 0.03791399 0.01617777 0.0008684332 -0.004821126 0.02197061 0.03150027 -0.009115778 -0.002539674 -0.01770403 -0.00898999 0.04289075 -0.07287134 -0.01765808 -0.01343192 0.001601406 -6.400375e-05 0.0184499 -0.002210653 -0.0007935534 0.004072919 -0.00399424 0.0005573896 0.00222386 0.004277115 -0.002127468 0.005045913 0.004041053 0.06121043 0.01565039 -0.5167884 0.0007396606 0.009987323 0.02073592 -0.003134008 0.006905308 -0.005471355 0.05531077 -0.03259783 0.01811467 0.007329844 -0.01187478 -0.02039944 0.01143917 0.003892569 0.006917384 -0.01447082 -0.002241228 -0.004837348 0.006211866 -0.008668414 -0.02940547 0.00796064 -0.0009207426 0.02546465 0.002685827 -0.006527992 0.01609067 -0.02927759 0.04083059 -0.03556991 0.01406161 -0.0001689828 0.001535476 -0.007745213 0.03106122 -0.02428414 -0.002358768 -0.01160088 -0.01005562 0.0141044 0.001354795 0.003060714 -0.04061479 0.05681374 -0.002600408 -0.03434123 0.08336273 -0.009636513 -0.00190841 -0.01186449 -0.004693166 0.001175724 0.002596544 0.005742238 0.001144536 -0.005644016 0.00430248 0.01311431 0.008106833 0.01176345 0.007680271 -0.0009000226 -0.01858184 0.0049323 -0.02243268 0.03829589 -0.006237648 -0.002696788 -0.009616851 0.05224342 -0.04518469 -0.09498465 0.03851394 -0.0517097 0.003200878 -0.007671888 -0.001914188 0.00486165 -0.004266947 0.003744621 -0.02237675 0.007419661 0.01164304 -0.03058908 -0.008373223 -0.008704277 0.003907365 0.01130275 0.00411291 -0.0005277758 0.02547678 -0.06465004 -0.04771104 0.00964741 0.008720396 0.03318506 -0.003354232 -0.004869791 0.01995959 -0.006824276 -0.01719533 0.07106458 -0.03196979 -0.004171333 -0.06255665 0.00121771 -0.002389718 0.02217459 0.02968951 0.002395157 -0.003640338 0.001268819 0.0007797574 0.007375293 -0.001679327 -0.003877776 -0.006075948 -0.05206753 -0.0173153 -0.05985841 0.002525848 -0.008195933 0.0301701 -0.002806082 0.004120441 0.00358186 0.005146794 0.003785228 -0.001222982 -0.008266781 -0.004684723 -0.02381371 -0.001293621 0.00102091 -0.006360373 0.003002871 0.004481807 0.008086723 0.002207321 0.0005856288 0.006128457 -0.001823913 0.004523937 -0.00460942 0.001396668 0.01204956 -0.01818521 0.003319033 0.007152234 -0.004936636 -0.000499777 -0.002031901 0.04145694 0.04026857 0.04459709 -0.07991017 -0.02117295 0.01668621 -0.0267652 0.003550258 0.0242139 0.03629629 0.01895405 -0.005409256 0.01759307 -0.001239381 0.006002754 0.0190824 -0.00303743 -0.002852431 0.004259617 -0.09030781 -0.04503166 -0.09077398 -0.007201302 -0.007829428 -0.01989882 -8.414499e-07 -0.01220098 -0.005599399 0.05638621 -0.03829183 -0.0414955 -0.002703968 0.0004843605 0.008406975 -0.007234577 0.02876932 -0.02627286 -0.0005954015 -0.008907685 -0.007159497 -0.007298622 -0.00835575 0.003633262 0.001850024 0.005738457 0.004732718 0.001605053 -0.01129625 0.00496425 -0.01039058 0.01117164 0.01220965 -0.007152147 -0.01666875 0.02125844 0.05152749 0.09338879 -0.03935073 -0.1159875 0.04080936 -0.003362835 0.006420371 -0.002462232 0.01232858 -0.002261128 -8.178584e-05 0.004299537 0.01175469 0.003853645 0.01562246 -0.01255433 -0.006913025 -0.0225973 -0.04529438 -0.09791201 -0.4543175 0.007424372 -0.0149775 0.01495055 -0.01107882 0.02434625 -0.007387894 -0.1246309 -0.06302191 -0.3029431 -0.008814424 -0.001309509 -0.01821113 0.0001701084 -0.01283309 -0.03726371 0.003179107 -0.003796477 -0.0215952 0.02595044 -0.008225711 0.007664899 -0.01527978 -0.01925391 0.01415809 0.003534858 0.009000424 0.0115248 -0.005191845 0.01008125 0.004729719 0.006928966 0.008675885 -0.006531782 -0.04698253 -0.03841146 -0.08524647 0.01182664 0.004740201 -0.00405912 0.0199703 -0.02413919 -0.01628345 -0.002516455 -0.001806589 0.007384346 0.01865501 -0.01022932 0.008466919 0.006397244 0.001244993 -0.03288361 0.001065018 0.05685061 -0.3832372 0.006393642 0.03340643 -0.04320275 -0.0004833522 0.005860223 0.005175845 -0.003654897 0.01282839 0.03101599 -0.03038011 -0.0001014284 -0.0126443 -0.005252301 -0.004275495 -0.007781065 0.001305771 -0.00141159 0.02855727 0.008578394 0.02162148 -0.04201797 -0.003082688 0.02427749 0.0005651722 0.008902766 0.01812886 0.01836269 -0.05374886 0.03206187 -0.07337257 -0.005305606 -0.03133254 0.05335085 0.005539459 -0.005490884 -0.01283939 0.02556382 -0.05854547 0.01841621 -0.07346125 -0.05408394 -0.138506 0.001207509 0.01808466 -0.007306865 -0.006270263 0.001848185 0.02611411 -0.01051639 -0.004097878 -0.01529051 -0.006509311 0.002639739 -0.0112599 0.01112831 -0.006198592 0.0003233785 -0.001341506 -0.005791284 0.0009698635 0.08414867 -0.039675 0.03516171 -0.0003671716 -0.01018047 -0.01544473 0.01195259 0.02656067 0.05123919 -0.01258533 -0.004909778 0.01040166 0.04588233 0.0278454 -0.1260058 -0.0002181749 0.002725793 -0.03977927 0.008911051 0.0004405697 -0.01463749 0.004843507 0.003254833 0.01138476 0.1405685 -0.07644072 0.06111947 -0.001284739 0.0140414 -0.01206258 -0.007922277 -0.001698976 0.009653815 0.008782417 -0.01001796 0.001571589 -0.002319239 0.02135826 0.05153012 -0.004959948 -0.005960201 0.001224606 0.01307646 -0.02945181 0.04721009 -0.003310497 0.005436823 0.04628984 0.005874852 -0.009518534 -0.01172906 0.002935715 -0.03756473 0.00905455 0.001809076 0.001966327 0.00324062 0.01530116 -0.001607647 -0.01777353 0.07467001 0.08673475 -0.1109083 -0.02492016 -0.0513799 -0.05091476 0.007512372 -0.007170354 -0.004509189 -0.01410623 0.02516654 0.05375284 0.1083647 -0.05657735 0.06209359 -0.0006607058 -0.1889779 -0.3805288 0.003092338 0.003691083 -0.0006921431 -0.002942476 0.01312379 0.02560524 -0.01604608 -0.002506682 0.01958815 -0.005161352 0.006853111 0.02081469 -0.01722118 -0.01933136 0.0008045295 0.004825268 -0.001908675 -0.01265087 -0.001673556 0.006584223 0.014884 -0.04093605 0.02832128 0.007459487 -0.007935744 0.001067873 0.01239807 -0.0002753236 0.004438436 0.002099161 -0.02121807 0.01339854 -0.008163503 -0.008951735 0.00705274 -0.009314842 -0.01181052 0.0001588893 -0.008009049 0.002448384 0.01679724 -0.01715224 -0.0005932371 -0.006021675 0.0001594359 0.009758458 0.005672343 -0.01043749 0.03566943 -0.01191822 0.07628882 -0.008061431 -0.009583984 -0.01016087 -0.0206239 8.174416e-05 -0.01532049 0.002585996 -0.007543506 0.02079889 -0.09801463 -0.1016856 -0.2583621 -0.01444067 -0.001130654 -0.001664576 0.04867522 -0.007186104 0.06907213 -0.0003718245 0.007899424 0.02677881 -8.356618e-05 -0.002210476 0.01152744 -0.002540614 0.001789963 0.007187189 -0.006409559 -0.006028512 -0.004916911 0.01025338 -0.015625 -0.01434616 -0.004189211 0.01411142 0.02225644 -0.2133591 -0.1260567 -0.274879 -0.04717451 0.1236207 -0.09032159 0.005401116 0.01161976 -0.02357674 0.00201164 0.01619853 0.04765644 -0.00453889 0.004379786 0.0285582 -0.005666337 -0.006157488 0.006260389 0.02303392 -0.07382497 0.04717377 0.0005954546 -0.002008036 0.003352278 -0.005742559 0.003435969 0.02741979 -0.03899841 0.0447325 -0.03112263 -0.001530282 0.02165551 0.007794344 -0.01173251 -0.006509462 -0.02548876 -0.002456735 0.003174646 0.009866052 0.001789429 -0.006335167 0.00306438 0.01022464 0.0270018 0.04256599 0.06352926 -0.0004458799 0.05932538 -0.01419494 -0.0001456941 -0.02979362 0.009446589 0.005053818 -0.001289546 0.004609541 0.004457685 0.01421257 -0.005313966 0.004938547 0.01820564 -0.0007534842 -0.009636036 -7.181337e-05 -0.005569119 -0.009255072 0.001652726 -0.003217075 -0.007110529 -0.003777816 0.0162386 -0.01897996 -0.007056675 -0.01850031 0.009088323 -0.01783 0.004957688 0.0001562425 0.01912146 -0.00891543 -0.05106651 0.07076164 -0.01921297 -0.0245139 -0.02579978 -0.004987783 -0.004258456 0.007431553 -0.1189224 -0.2670276 -0.362985 -0.05232116 0.113813 -0.100461 -0.00793438 -0.005135868 -0.006915207 0.0118509 0.003769762 0.02922535 0.01514213 0.00451922 -0.002716533 0.02253179 0.01359394 -0.07778201 0.001722355 0.009507498 -0.000886186 -0.006325095 -0.01023451 -0.002524174 0.009247601 0.001759896 0.01215868 -0.2690904 -0.2026479 -0.8055537 0.0004598279 0.05067998 0.05095608 -0.01715027 0.05867095 -0.1499962 -0.01070771 -0.002568338 0.004262385 0.01612675 0.01899628 -0.1049588 0.08358614 0.04347212 -0.4092381 0.04971351 -0.02712165 0.05442211 0.01517677 0.02738843 0.06949374 0.004120537 -0.01144096 -0.006457171 0.04273071 -0.04381411 0.000431248 0.002012399 0.001592491 0.01453043 0.02220798 0.01092829 -0.07961886 -0.2170188 -0.1564759 -0.3139694 0.005055506 0.003630575 0.01059962 -0.00609336 0.02366445 -0.01297424 0.001621057 0.002835644 0.01001865 -0.01269487 0.00809266 0.002996779 0.009389196 0.03754322 0.06794285 0.008033928 -0.003719924 -0.007780111 0.002004412 -0.007770518 -0.009076494 -0.005125138 0.004604941 0.01532629 0.009621136 0.0270288 0.04139362 0.005657346 0.01860202 0.02846593 -0.01485331 0.002115188 -0.005910776 -0.00261794 0.0218614 -0.0009301482 0.01892922 0.03209371 -0.04233352 0.004842852 -0.009829555 -0.03328986 -0.009691674 0.001913382 0.003019174 -0.01564216 0.01293891 -0.01400746 0.006543834 0.04370346 0.04437695 0.001040411 0.008887865 -0.04185841 -0.006187198 0.00377784 0.01810259 0.01372651 0.02246937 0.0313535 0.03286547 0.02404829 0.01560516 -0.02557733 0.04621368 0.00821364 0.004235287 0.005406982 -0.02136225 -0.020532 -0.06065284 0.03782513 -0.1206296 -0.002687309 -0.06813687 0.007080585 0.00344223 0.00175874 -0.007330272 0.006771542 0.009655089 0.1124477 -0.01821346 -0.2728201 0.02372633 -0.01417935 0.01436966 0.006415014 0.007819668 0.02794161 -0.007467681 -0.006242018 -0.05892706 0.007285834 -0.01311049 0.009499189 0.01172892 -0.003703983 -0.03113353 0.05330743 -0.02652451 -0.05264122 0.000645299 0.003270913 0.03801043 -0.0395555 0.02945779 0.03225761 -0.004824526 0.01022157 0.01838921 -0.01548717 -0.0008543282 -0.005352273 0.02015512 0.02410563 0.07650789 -0.006486408 0.01687831 0.04438835 0.008428279 -0.01093596 -0.05852323 0.002246548 -0.00225367 0.004051353 0.01859746 -0.02203929 0.03202353 0.01316886 0.02568125 -0.01017975 -0.01996084 0.01243401 0.03248653 0.005037625 -0.01078836 -0.04354555 0.008932859 -0.01849431 0.02189301 0.01458397 0.03568505 0.05665569 -0.006230175 -0.01039743 -0.007515064 -0.06411438 0.05188862 0.01818185 -0.1407071 -0.2524398 -0.3644839 0.00519662 0.01126511 -0.01008667 0.007499759 -0.006967153 0.01827286 -0.003715615 0.00819705 0.01401726 -0.001058444 -0.003120558 -0.0001834696 -0.01347861 0.004144412 0.01837942 -0.08857572 -0.08684716 -0.1937972 -0.005500029 -0.005269479 -0.02362128 0.04210923 -0.009349178 0.07852576 -0.001235019 -0.01003737 -0.02755523 0.01400856 -0.01017761 -0.01484356 0.02170956 -0.01134911 0.02592194 0.01511399 -0.01091939 0.01500216 -0.004508741 0.008788535 -0.02367226 0.002644597 0.006742214 -0.02693952 -0.08913711 0.06652389 -0.1917645 -0.01954703 0.001353547 -0.01772389 0.003201776 -0.01173135 -0.004534475 -0.002682525 0.01660619 0.02128872 0.2683935 -0.1503745 0.1355123 0.02543103 -0.01919115 -0.01612608 0.00668997 0.03514665 0.09008849 0.002298262 -0.003623938 0.006744904 0.00119878 0.0174679 0.03278276 0.005372052 0.01505005 0.01354488 -0.002577418 -0.0127611 0.01075117 -0.0491254 -0.05319391 -0.01269352 0.008989668 0.008593831 0.02289417 -0.006113328 0.008640751 -0.008310507 -0.01090354 0.01629879 -0.02799102 0.00837541 -0.01440564 -0.01007052 0.002871901 -0.01477993 -0.03222487 -0.001084172 0.004814366 -0.003404111 0.2486746 -0.1444214 0.1428579 0.006049511 -0.01140647 -0.01786834 0.04279001 0.008598697 0.0204045 -0.01073128 0.009025419 -0.01035365 0.01198316 -0.009482311 0.01641984 0.001372193 -0.01346254 0.01256447 -0.009862715 -0.01566988 0.04308715 -0.03358527 -0.01142273 -0.01904104 -0.07493576 -0.1122316 -0.212571 -0.07485272 0.004167689 -0.02012184 -0.005415253 0.004910653 -0.007735795 -0.009690911 -0.003544448 -0.00740553 0.009467665 -0.005703833 0.003466503 0.02651961 -0.06231797 -0.02941843 -0.005313474 0.006686101 -0.006309963 -0.1447117 -0.0006757266 -0.06134332 -0.09249751 -0.04372334 -0.03701767 -0.02174174 0.008718102 -0.07674956 0.004033188 0.0183749 -0.06649227 0.01425646 -0.03053491 -0.03578297 0.001397931 -0.00271062 -0.006155158 0.005243968 0.01640951 0.03008961 0.006106984 -0.01144391 0.01662017 -0.0001378334 -0.01115911 0.01069559 -0.003718711 -0.01346499 -0.005415632 -0.01054854 -0.004470715 -0.01542447 -0.009881623 0.01759396 -0.02068203 -0.01057332 -0.005818229 -0.02401945 -0.003630018 0.01044778 -0.007082599 0.05670055 0.09146875 -0.05087582 -0.01249768 -0.007297004 -0.02744647 -0.01041483 0.002747411 -0.003135021 0.0313622 -0.01745393 0.0849847 -0.01571932 0.02794144 0.07236643 0.01687928 0.006742828 0.00770075 -0.02163352 0.01226386 -0.008510775 0.02160964 -0.01598068 -0.03539755 0.01515396 0.001381753 0.007436962 0.01054123 -0.03506267 -0.008910052 0.01496455 0.003845571 0.0004279958 -0.002721149 -0.007694319 0.008744546 0.009148426 -0.01081844 -0.005138733 0.01273978 0.008531716 0.01337093 0.004779064 0.06079194 -0.06231273 0.009223696 -0.006506138 -0.004167254 0.0008636792 -0.002534689 -0.008496455 -0.005004588 -0.005751364 -0.01507664 -0.001470577 0.008729503 0.01376323 -0.009272296 0.004206471 -0.0226019 -0.001298668 0.006791407 -0.01185379 0.02215768 -0.01572115 -0.04312839 -0.004302028 -0.003465751 0.01067828 0.01395697 -0.01230021 -0.004879554 0.002949458 -0.00638607 0.03087093 -0.01409813 0.0002857485 -0.03007036 0.006983387 0.01029033 0.06285685 0.0183638 -0.004278097 0.01997578 -0.03039199 0.01466971 0.03010948 0.1068132 -0.05598112 0.05998388 -0.03545279 -0.009753097 -0.02160836 -0.002960715 0.01292679 0.02393071 0.004951379 -0.009348959 -0.01046541 -0.008330125 -0.03655595 0.02667385 0.003888708 -0.006255945 -0.01142708 -0.00014485 0.0006949232 -0.01293205 0.02543702 -0.007327199 0.04340795 -0.002335682 0.04998341 0.06744242 0.006273833 -0.0007887314 0.009530799 -0.1198594 -0.06978194 -0.4023484 0.006037757 -0.009333125 -0.02105909 0.004694362 -0.0009217708 -0.03189635 -0.007207285 0.009858254 0.008046639 -0.002480937 0.003689667 0.0001917789 0.01474265 -0.03063545 0.02994078 0.09908873 -0.1030705 -0.2810479 0.01132098 -0.01189294 0.01542342 0.04974982 -0.004485596 0.035992 0.0004373644 -0.003368355 -0.01412395 0.005645309 -0.008312505 -0.02764092 -0.04134708 -0.007188497 -0.08075978 -0.02142872 -0.006517936 -0.01893893 0.006980446 -0.003137906 -0.02551118 -0.0114477 -0.004153632 -0.006996273 0.004714784 -0.00736646 -0.001570619 0.05594781 -0.05905467 0.02279421 0.003940542 -0.01041364 0.006522753 -0.02014751 0.02962547 0.07997002 0.0785858 0.07136163 -0.3448586 0.009077553 -0.01533319 0.02726956 -0.01880206 -0.009528231 -0.0256716 -0.007761407 0.002065083 -8.135942e-05 0.01284964 0.02991061 0.07118923 0.0002639224 0.008890621 -0.0426304 0.06776081 -0.06519806 0.01823074 0.006823484 0.0242987 0.03985857 -0.007953379 -0.0487184 -0.6819789 -0.01543353 0.0249961 -0.012284 0.01834562 -0.008996202 0.02501126 -0.0004476267 -0.007541217 0.0009027431 0.01942609 -0.008360222 -0.03296564 0.009813998 0.01127073 0.01074895 0.03410411 -0.04497237 0.007518492 -0.005417674 -0.006280752 -0.008695587 0.009080805 0.01313009 0.01245643 0.003940199 -0.004397245 0.02048494 -0.009621594 0.01673089 -0.004654071 -0.01455373 0.008977113 0.003598102 0.002418425 -0.00825643 0.02648944 -0.02509193 0.0002664422 0.0118983 0.01031608 -0.005204447 -0.0123482 -0.03494403 0.01512255 -0.01509627 -0.006272707 -0.06354389 -0.03606369 -0.3037917 -0.1912873 -0.5486611 0.09591638 -0.0004587619 -0.213772 -0.002201493 0.01067798 0.007664979 0.008092191 -0.004878834 -0.0098395 0.007841151 0.00672215 -0.01697072 -0.01529443 -0.001522976 -0.0003898246 -0.0006532702 -0.002995614 0.02319073 -0.006337124 -0.001715015 -0.02161349 -0.006281878 0.023081 -0.004095568 -0.01252498 0.01478759 0.03431426 -0.01189318 -0.003904334 0.003133462 -0.01022661 -0.00686487 0.001814072 -0.02870272 0.08726221 -0.3823991 -0.1236996 -0.07102212 -0.2090046 -0.0005049775 0.01894141 -0.01348616 0.04919254 -0.03502911 0.04259716 0.009902705 -0.01831685 -0.04531964 0.01561243 -0.003004346 0.03444688 0.009382006 -0.009871373 0.02261207 -0.042242 0.03879678 0.002950224 -0.06445396 0.04285649 -0.04963659 -0.00997873 -0.004035994 -0.02344591 -0.001941673 0.0155964 -0.009771748 0.01357995 -0.003819251 -0.005843311 -0.1194788 0.02888 -9.049197e-05 -0.003981117 -0.008012567 0.009458491 -0.009400871 -0.009739405 -0.01223585 0.009567801 -0.00268029 -0.004641733 0.01453353 -0.0222284 -0.01806598 0.01212308 0.03112917 -0.005324385 0.05292637 -0.04168171 0.01624555 -0.01683756 0.07888266 -0.1990906 -0.003858469 0.003724167 -0.006884149 -0.01144634 0.00765444 -0.03458315 0.007188084 -0.008084755 -0.007522027 0.006859385 0.003450397 0.01209768 0.000554007 0.01470566 -0.02137922 0.007542249 -0.001305142 -0.009641676 -0.05151698 -0.02570161 0.01766466 -0.01197518 0.005658336 -0.008532758 -0.006832988 -0.03185374 -0.02883885 0.01132072 0.004104929 0.02131523 0.0050621 0.01496745 0.01679277 -0.01052843 -0.01105331 -0.01982006 0.01074193 -0.01359754 -0.001758094 -0.08514015 -0.007606942 0.006059821 -0.02110564 0.04031299 -0.02499673 -0.03547357 0.03518937 -0.03334644 -0.01804932 0.01176857 -0.002219762 -0.0141906 0.005398046 -0.01354735 -0.002072578 -0.005530989 0.04843102 -0.1862829 -0.3772867 -0.7539309 0.01041096 -0.009547185 -0.01285509 -0.005997121 -0.001319312 -0.0161698 0.01323136 -0.01539928 -0.05803369 -0.004877936 -0.006654067 -0.0008813953 9.646686e-05 -0.006204447 0.008259871 0.01027785 0.002890328 0.01765628 -0.001062743 0.01874087 0.06248572 0.005697329 0.0138839 -0.008238082 0.01428105 -0.002968393 -0.005723222 0.01043918 0.002629697 -0.01051335 0.004421279 0.01150318 -0.01703192 -0.01106337 -0.00127366 -0.008455887 -0.2170826 -0.4066181 -0.6909024 -0.01337036 0.005387437 -0.004047169 0.01278552 -0.01224338 0.00440774 -0.02163572 -0.09715399 -0.03478657 0.01227088 -0.006455217 -0.005311933 -0.002645656 0.01041873 0.03982571 0.04017691 0.07466924 -0.03988163 0.009680476 -0.006272339 -0.03088995 0.000710581 -0.004156614 0.0194057 0.005529929 -0.01670114 -0.0354927 0.009467777 0.003187758 0.009304182 0.02089349 -0.000638686 -0.02597605 0.005775568 -0.0009105288 -0.02029031 -0.006492279 0.01492981 0.003328145 0.04695184 0.0148236 -0.5947645 -0.00509705 -0.004217224 0.002185994 0.05039343 -0.02166609 0.0603619 0.02251077 -0.04299173 0.02720668 0.01466173 0.00215235 -0.002262394 0.0102494 -0.001195565 0.00813285 -0.001967765 -0.002292067 -0.002830877 -0.009080697 -0.002642913 0.0002717646 -0.004066851 -0.0002658794 -0.006570633 0.007611193 -0.009239521 -0.001577198 0.01292082 0.03320073 0.06678598 -0.006042335 0.01628446 -0.02607904 0.01780093 -0.0166365 -0.004458769 0.01502192 0.001936164 -0.00844629 -0.0504235 -0.04925013 -0.6410698 0.01072549 0.003344926 -0.00684731 -0.0145042 0.03010543 0.06740316 -0.001861394 0.0095479 -0.01952576 0.001036611 0.006404165 0.02001473 -0.0250092 0.03952824 0.01563514 0.004421022 0.0488447 0.05326205 -0.02267122 -0.04638241 -0.01666233 -0.0139475 0.005109839 -0.03172869 -0.007808305 -0.009248752 0.006912791 0.0004304913 -0.005152026 -0.002543016 0.003427726 -0.004607419 0.003035211 -0.005222275 -0.0055808 0.005672679 0.0332753 -0.01756694 0.007884965 -0.0113553 -0.005407121 0.005111919 0.01180992 -0.01533849 0.001740702 -0.03982305 -0.03879163 -0.05673255 0.002258014 -0.01618135 0.02149054 -0.0111225 -0.002390285 0.0127338 0.004379794 0.0158926 -0.01024966 -0.002605449 0.01762854 0.04725544 0.01848176 -0.02087665 -0.02378023 0.0001010788 0.003578905 0.0280082 -0.001285449 0.01782922 -0.01493522 -0.005273263 -0.00912891 0.01280176 -0.01808224 -0.003176109 -0.0009887135 0.004117268 -0.00226105 0.0053772 -0.01798742 0.0002097079 -0.0220338 0.005709381 -0.001764243 -0.01665634 0.01781632 0.008378923 0.03248556 0.006627348 0.01782841 -0.01127228 -0.0121631 0.0005274975 -0.004496622 -0.004389494 0.007340206 0.02095258 0.00447058 0.01492122 -0.004794202 0.001469903 0.005950911 -0.05552152 -0.002538211 -0.008174731 -0.00173881 0.01094477 -0.01056019 -0.01602057 -0.00963898 0.006156733 -0.006697836 -0.02785141 0.0422769 -0.0280848 0.00686995 0.0005472658 0.01967134 0.0148114 -0.004612733 -0.001390993 -0.009352747 -0.003799978 -0.01564872 0.00820525 -0.009744829 -0.01462639 0.0002941978 0.0005354398 -0.003913897 -0.2147203 -0.1223024 -0.3032427 -0.00457073 0.005697945 0.006417894 -0.01428731 -0.04728979 0.02790147 -0.03828717 -0.0660034 -0.07800376 -0.0207385 0.02458144 -0.02539692 0.06392793 0.001448007 0.04699547 -0.1189627 0.03805888 -0.1038836 0.006303199 -0.01336149 -0.0330215 -0.007311392 0.007182941 0.04254742 -0.003064509 0.009613328 -0.01112855 -0.02117489 0.03035296 -0.02037052 0.007489315 0.003578003 -0.03213782 -0.03617254 0.01004382 0.05059537 -0.001198425 0.006098809 0.01264982 -0.001647755 0.007141259 -0.03240374 0.0001938823 0.01940207 -0.01450728 0.005440232 0.01972022 -0.01569427 0.01387077 -0.0166092 0.01810237 -0.009950716 0.02028903 0.04589841 0.01381452 -0.03026936 0.03038421 0.03470428 0.03870426 -0.2101467 0.003983135 -0.01754554 -0.007212645 0.1513657 -0.07811161 0.06432224 0.007610793 0.008819095 -0.03657318 0.01398491 -0.08367807 0.003490259 0.00546422 -0.003262533 -0.005239378 -0.007597476 0.0423291 0.03614452 0.00181358 0.02287763 0.01442186 0.00750864 -0.01200071 -0.0161877 -0.0007305737 0.003395379 -0.01604144 0.00106374 0.008326424 -0.01868752 0.0003805649 0.07303056 -0.1640159 3.116252e-05 0.001280248 0.007789095 -0.006259671 -0.01850599 0.04829685 -0.004960831 -0.002245974 -0.02319526 -0.003394335 0.01226653 0.01844125 -0.003690969 -0.008607199 0.01445174 -0.04083078 0.03631476 0.02243621 0.0124756 0.00520866 0.01947048 0.07150427 0.07300773 -0.249754 -0.003051627 0.007136561 -0.01580524 0.01368815 -0.009932048 -0.01429657 0.00441457 -0.003016152 -0.02990454 0.004399281 0.01487646 0.02154741 -0.0734584 -0.004211903 -0.0208968 0.01384086 -0.0007851495 0.009762065 0.009591229 0.01609866 -0.04041441 0.005669691 -0.006545464 -0.01077741 -0.03659064 0.003453214 0.05557881 -0.01125371 0.0002647639 -0.02483894 0.01216815 -0.01424376 -0.01488831 -0.0428942 0.01362219 -0.016938 -0.01024868 0.003118249 -0.004491738 -0.1245005 0.08216808 -0.2017132 -0.1222016 -0.06489851 -0.3928077 -0.007222231 -0.01288243 -0.02286701 0.01481161 -0.0251281 0.02511514 0.09634663 -0.02600719 -0.2122355 -0.02351474 0.0004796666 0.01200504 0.04845313 -0.02567779 0.002322233 -0.002869892 0.01289285 0.0277769 0.008062802 0.005161444 0.03126526 0.03671004 -0.02341451 0.04254558 -0.006589129 0.002042057 -0.01303612 -0.001625046 -0.004649218 0.00569518 0.002158288 -0.0005805538 0.003414446 0.01359237 -0.02223959 0.04324046 0.01908379 -0.01682875 -0.05742776 0.009218205 -0.006815655 0.01144948 0.005263735 -0.009735912 0.0149216 -0.000533435 -0.009340148 0.02031494 -0.005411047 0.01178342 0.006575008 -0.4049437 -0.2955154 -1.01342 0.007063143 0.01051996 0.01846412 0.02184041 -0.01062186 -0.06452962 -0.04408805 0.03871412 0.01501798 0.01335791 0.03247786 0.05328961 0.16862 -0.1018369 0.08036213 0.006426778 -0.0111144 -0.02443673 -0.0103104 -0.003888469 -0.02590583 0.007225454 -0.009036445 -0.01721215 -0.006926713 -0.002276316 -0.01440692 0.001309647 0.001681039 -9.690133e-05 -0.01083507 -7.907662e-05 -0.008464224 -0.001738339 -0.009926084 -0.008502672 -0.07432261 0.0003840273 -0.03085551 0.01904261 -0.008694392 -0.03200285 -0.005280956 0.01556481 0.01425194 0.0115677 0.006314745 -0.02526259 -0.01406766 0.01623961 0.02801652 0.01348062 -0.04234658 -0.0151159 0.005015143 0.00141242 -0.006060376 0.00533294 -0.001219109 0.0145141 0.003758437 -0.0006454781 0.03688033 0.001621705 0.01136846 0.001198241 -0.005852028 -0.006584167 0.002412573 0.002161309 0.006745895 0.007881035 0.009493286 -0.008444035 -0.01075215 0.0006545042 0.008028192 0.02933579 0.00642562 0.007010764 -0.0128723 0.01577526 -0.02852919 -0.01023638 -0.2979084 -0.2016035 -0.6692252 -0.02647228 -0.1243657 -0.1266325 -0.01363148 0.006189713 -0.01096468 0.01021762 -0.003249189 0.03027944 -0.01682863 -0.003449446 0.03760608 -0.04535376 -0.1139045 -0.4735115 0.001973801 -0.0008093984 0.002867126 -0.004811916 0.00502033 -0.008448846 -0.003995139 0.01220778 0.01651027 -0.1385056 -0.003818857 -0.0714514 -0.002666913 -0.009815985 0.000286364 0.002732948 0.0125169 0.01175914 0.009595964 0.0151049 0.0002483884 -0.03578425 0.03876651 -0.04207996 -0.003930725 0.007100511 -0.007050711 -0.01479524 0.009348765 0.002375462 0.01375489 0.03372358 0.05329922 0.008042559 0.002521232 -0.02635833 -0.003303384 -0.005003152 -0.02909902 0.0599019 -0.141654 -0.3150319 0.009898264 -0.01456204 -0.009108412 -0.0360233 0.04451359 -0.03623258 -0.01112369 -0.00355196 0.01171509 -0.0006633266 -0.005049072 -0.007706919 -0.001724253 0.0226898 0.006346143 -0.01396277 0.01827938 -0.007293905 -0.003663588 0.001355507 0.04119018 0.009089381 0.009179745 0.008312666 -0.1301748 0.06251371 -0.1982097 0.007362258 -0.001511089 0.00376643 -0.03068328 0.04166036 -0.02911658 0.02473611 -0.01109911 -0.04763241 0.01626848 -0.01789713 -0.03277452 -0.2073589 -0.1562178 -0.3022504 -0.02004683 0.001098193 0.002701324 -0.004561256 -0.009040256 -0.007017913 -0.005509421 0.005719937 -0.008770621 0.002892517 0.004607602 0.01579356 0.005433823 -0.01932169 0.02319025 -0.06175516 0.05255697 0.02542789 -0.002122035 0.01423415 -0.01436561 -0.001125086 -0.005319346 -0.02034128 -0.05139784 0.02612326 0.05183152 -0.003159139 0.01306519 0.02343525 0.0176146 0.0004110934 0.009729018 0.02121314 -0.004428679 -0.008668098 -0.005113415 -0.002705928 0.0006430829 0.02651967 -0.01239788 0.00572634 0.03781 -0.05516689 -0.6433504 0.00854139 0.00190335 0.02275411 0.008489329 -0.01663142 0.0211467 -0.0175697 0.004452977 -0.003597978 0.06419853 0.04339407 -0.1069254 0.001755903 0.007439753 0.00746286 0.02255614 -0.01027946 0.01535606 -0.01377593 -0.003163286 0.001235106 -0.005408974 0.008976971 0.01692567 -0.01042659 -0.001720259 -0.02773614 -0.002251401 0.004196363 -0.005591623 -0.02438869 0.02029404 0.02762424 -0.008477833 -0.009072192 0.003899568 -0.0009501609 -0.01034022 0.00117373 0.004217614 -0.008240741 0.00290841 -0.03810901 0.03546777 -0.01529057 -0.009709615 -0.005658446 -0.008681449 0.1250671 -0.002936537 -0.06715085 -0.005927201 0.02344878 -0.004674393 0.02064172 0.003234729 0.02102381 -0.014599 0.07943511 -0.5717532 -0.0603718 -0.1193575 -0.1989032 0.01295012 0.006946851 0.02955273 -0.02603625 0.01017002 0.04384845 0.01108419 -0.007918589 -0.009908498 -0.0002100463 0.003704997 0.00692726 -0.009748459 -0.0355679 0.03355407 0.003109415 -0.01047777 -0.01927693 0.02243495 -0.0146134 -0.05220474 -0.002711258 0.009768186 -0.02360123 -0.02228289 0.03040116 -0.09515726 0.00273886 -0.009543313 -0.00888244 -0.01253909 0.009712921 -0.03977637 0.01043713 0.01075091 0.0253793 0.01568651 0.001714811 -0.02088597 0.0211791 0.01717467 -0.01772887 0.0006461819 0.0007877006 -0.04965396 0.01056652 -0.002024954 0.03110776 0.05961854 0.05614378 -0.09861032 0.04717921 -0.06809995 -0.08209457 0.009757049 -0.05112068 0.004516297 0.004562814 0.02397959 0.06552903 -0.06389545 0.04952073 -0.04645847 -0.3407573 -0.2550307 -0.9356788 -0.002862669 -0.009299172 -0.0001726663 -0.005858339 -0.004325818 -0.01861261 -0.001832494 0.002857517 0.001499689 -0.007636651 0.01197029 -0.004673055 0.006909837 0.001990942 -0.03091403 0.06807093 -0.03625487 0.02605396 -0.003012023 0.0008329583 -0.0003849482 -0.001129023 -0.004203523 -0.01771913 -0.008287929 -0.01550589 0.007508983 -0.01892994 -0.005737493 -0.07328688 -0.006649332 -0.01766093 0.02077983 0.07766483 0.05914828 -0.1320422 0.0008821492 0.007430801 0.02902551 -0.001923844 0.009455467 0.01545883 0.01156934 0.02755297 0.01728186 0.006227475 0.001890165 -0.03414409 -0.004298355 0.004720913 0.002372839 0.01214845 -0.03914019 -0.004682266 0.03841033 -0.0602745 0.04260465 0.008332349 0.02662811 -0.03005422 0.01390051 0.01507723 -0.07502833 0.01493922 0.03549331 0.0494417 0.01576278 -0.0052296 -0.00251093 0.01160288 0.006025031 -0.01921624 0.01254608 0.0008061343 0.008652189 0.03768057 0.009836596 -0.07669618 0.01750514 -0.01206776 -0.004107355 -0.001651812 0.0274518 0.02818302 0.009310674 -0.01345548 0.02818582 -0.0003414485 -0.02254594 0.009563435 0.01102963 -0.01923343 -0.01896289 -0.002275144 0.006409448 0.008921505 -0.04245554 0.007227076 0.05542861 0.006097448 0.004631381 0.01271824 0.01568489 -0.01929118 0.04113612 -0.001846279 -0.003121966 -0.001395448 -0.002902135 0.01406695 0.01264924 -0.06309187 -0.02409849 -0.6817244 -0.01823076 0.02203922 0.03468839 -9.882776e-05 -0.007259749 0.00486035 -0.0215253 0.007290298 -0.01742872 0.00526882 0.005475204 -0.01298096 -0.02233558 0.03437323 0.06280933 -0.00357405 0.005430657 -0.02869199 -0.01843237 -0.02391405 -0.01417177 -0.002244755 -0.009201102 -0.02339516 -0.0125274 0.01200637 -0.02225025 -0.07859105 0.0558528 -0.0936953 -0.1318925 0.0844598 -0.1927251 0.03857961 -0.0358607 -0.02345522 0.001728692 -0.00576294 -0.01774346 -0.009764116 0.007831311 -0.01380405 -0.007710617 0.005806582 0.01349535 -0.01316014 0.01168683 -0.02703948 0.1168848 0.09294809 -0.5837535 0.003810317 -0.01103708 -0.02450261 -0.001499749 0.004073145 -0.005885608 -0.005628883 0.007510653 0.02145973 0.04498288 0.07441894 -0.0516097 -0.01209603 -0.006728826 -0.02724328 0.001695753 0.04617938 0.05293271 0.003635236 -0.003839536 -0.010866 0.01594196 -0.1526011 -0.09033412 0.001502533 -0.01484256 -0.006266995 -0.08833195 -0.04178197 -0.1575528 0.01038472 0.0287046 -0.0009106798 -0.003434225 -0.0039389 0.01609626 0.01404777 -0.01600519 0.0185243 0.04531077 -0.02411829 0.02119611 0.01016613 0.007390617 0.01345715 0.01481044 0.01723813 0.03378733 -0.01059071 -0.00986704 0.02381138 0.01463133 -0.007870492 -0.00569157 -0.01205711 -0.007706009 -0.02675619 0.001954429 -0.01349543 -0.00601565 -0.04828351 -0.1135783 -0.1339276 0.006711256 0.001975421 0.01397922 0.1467495 -0.07758191 0.1094973 -0.005676608 0.01234477 -0.005940205 -0.01635644 0.002393682 -0.005311183 0.01443164 0.007166706 0.009785824 -0.006445527 0.003168862 -0.02017069 -0.002599988 -0.01959308 -0.03020941 -0.01058769 -0.008815918 -0.02303649 -0.01452175 -0.0002907383 -0.008430737 -0.01742293 -0.06782775 -0.05509991 -0.1172402 -0.03136705 -0.06353416 0.03193156 -0.03081611 0.04155537 0.00877795 -0.04167532 0.02698176 -0.003980081 0.004117085 -0.01654135 0.002733764 0.007297741 0.008472492 0.008641059 -0.01548517 0.02683703 -0.010612 0.01943154 -0.003044466 -0.004637315 -0.006372552 -0.002705543 -0.006513189 0.001379667 0.005792358 0.0011133 -0.002059365 -0.01005167 0.02534093 -0.03217358 0.05689767 -0.01578887 -0.05970754 0.04907351 0.07133393 -0.03906288 0.02632217 -0.003670033 0.001590863 0.004468688 0.007462718 -0.003453569 -0.00799822 -0.01448796 -0.001758046 -0.01373587 0.02253107 -0.01184054 0.02644048 -0.03469887 -0.1111476 -0.4092518 0.004534461 -0.002364464 0.007842512 -0.008042797 -0.007016167 -0.009081456 0.02265176 -0.01566493 -0.0533173 -0.01940815 0.02955186 -0.08681027 0.007954028 0.004089925 0.01252756 0.02557398 -0.02514208 -0.01458822 -0.171898 -0.1405654 -0.6534362 0.008179456 0.000304686 -0.01042553 -0.004403963 -0.007197956 -0.005548087 -0.09613173 0.04780297 -0.1733 0.01234436 -0.006670332 0.0001673261 -0.00470855 -0.007684082 0.01025605 0.1035921 -0.07303826 -0.06574587 -0.02848881 0.06593634 -0.586654 -0.003590967 -0.002610179 -0.005901809 0.01157088 -0.02112296 -0.01730625 -0.002632372 -0.009751324 -0.003587465 -0.06882838 -0.06227593 -0.3943373 -0.01030914 0.01347656 -0.005076899 0.001621861 -0.005693099 -0.02852779 0.02625023 -0.01014842 -0.002472098 0.005566203 0.005581411 0.0159058 0.0086438 0.001026148 -0.01779316 -0.0001896503 -0.01358942 -0.01325777 -0.005599293 9.891216e-05 -0.009498327 -0.00300576 0.00411955 -0.01128599 -0.0005293149 -0.01351161 -0.02148379 0.01116929 0.009046058 -0.04685024 -0.0007343325 0.01226239 0.0012942 -0.009065446 -0.005585516 -0.002874018 -0.01277671 0.002871631 -0.02592092 0.003770318 0.003603287 -0.008337145 0.01432766 -0.09534249 -0.4278775 -0.007822223 0.007437669 -0.01210153 0.1426802 0.0972142 -0.2882715 -0.02074524 -0.004304145 -0.004169851 -0.002025827 -0.007984171 0.007870817 0.001650915 0.04787712 0.05417448 -0.1299642 0.03247939 -0.3024123 0.02249656 -0.01704017 -0.01554636 -0.04526627 -0.01954157 -0.1025851 0.01413702 -0.008356341 0.01042751 0.008179806 0.0986027 -0.3785613 0.0179687 -0.01361604 -0.0328765 -0.01337247 -0.004172303 -0.002504895 0.01598099 -0.004074438 0.01653002 0.01149166 -0.01014704 0.001452592 0.01204332 -0.01529366 -0.03392247 -0.07822291 0.0392479 -0.1609147 0.002773256 -0.01452493 -0.000272193 0.02422642 -0.0107804 -0.004518873 0.002199555 -0.005585352 0.01899451 0.08191238 0.03332126 -0.3171697 -0.01070446 -0.006457529 0.009128141 -0.09446471 0.04627276 0.02115021 -0.00203318 0.004536409 -0.02377037 0.00976292 -0.00132739 0.009953753 -0.0039725 0.009366028 0.007273302 -0.004280962 -0.005317515 -0.01106438 -0.006738323 -0.006288482 0.001559229 -0.02109405 0.002423029 0.05174845 -0.00439262 -0.005110033 0.0187868 0.01893793 -0.009720543 0.03394407 -0.0007154527 1.695205e-05 0.0002520503 0.009582292 0.009238753 0.01407083 0.1290249 0.1301018 -0.5249591 0.01020351 -0.008298678 -0.01596451 0.004021837 -0.008334568 -0.01315601 0.02195174 -0.005979955 0.01571357 0.004485343 0.04895378 0.04860201 0.009826161 0.0007528943 0.0119573 0.001267326 0.00938529 0.01627426 -0.01540481 0.001332918 -0.01318595 -0.001893091 0.02363205 -0.009005672 -0.001224197 -0.01685148 0.03252335 0.005614652 -0.02136424 0.02104643 -0.01372481 0.006645188 -0.03086971 -0.0001916322 0.0005146546 -0.008222292 -0.01874769 -0.006339278 -0.01531823 0.01359505 0.003461183 -0.09876443 0.01620673 -0.01475508 0.01321669 -0.005800064 -0.01592036 0.002079383 0.009657677 -0.0004875622 0.004367637 -0.003828499 -0.001809338 -0.004158131 0.01750525 -0.004956286 0.03365939 0.004509196 -0.002639689 -0.005958526 0.002112627 0.002804812 -0.009547046 0.01321606 -0.009641143 -0.008711495 0.009349832 -0.06892636 -0.04210822 0.001937634 -0.005166236 -0.0288805 0.0009867302 0.01238434 0.03046442 0.01082806 -0.0005094361 0.002092087 0.001944904 -0.000264855 0.01301188 -0.001258846 -0.003079306 -0.0007203585 -0.09899174 -0.04482395 -0.4174778 0.004507712 -0.009720461 -0.01514356 0.01277618 -0.01320611 -0.01509667 -0.008917835 0.01782177 -0.01989745 0.0001600874 0.01661159 0.03162707 0.003292632 -0.0001169535 0.007540491 0.009325389 0.01643859 0.01795685 0.001452774 -0.001104962 0.01588733 0.01701061 0.005194886 -0.009798109 -0.007855143 0.01735095 0.01054655 -0.01314829 0.0002290254 -0.004854701 -0.005555387 -0.004295914 -0.008886348 -0.01041725 0.01735032 0.001871449 0.005500947 0.007765451 0.003606697 -0.01108748 0.008591916 0.01999815 0.0002929163 -0.02435558 0.01972879 -0.006382979 0.02314097 -0.0007445766 0.02972414 -0.01080541 0.02789634 0.0005229455 -0.01075064 -0.02603761 -0.009310257 0.00439653 -0.02048105 0.03809573 -0.0120131 -0.004362867 0.009337425 0.005715374 -0.0212828 -0.01029524 0.0002243147 -0.007237121 0.01534231 -0.02264934 0.02100878 -0.0005918588 0.02123858 -0.01422596 -0.00561326 -0.001829401 -0.006253532 -0.001846034 0.004578525 0.006393456 -0.005666539 0.01868955 -0.01910398 0.01169152 0.02645948 0.01544912 0.01041617 0.003117926 0.005162929 -0.01252776 -0.005253086 0.00976788 0.01065268 0.01992992 0.02224522 0.004103963 -0.008230644 0.009513081 -0.03743827 -0.09397075 -0.04796467 0.004515436 -0.01383821 -0.01015035 -0.01303886 -0.004877517 0.008709942 0.08589582 -0.1051367 0.03191495 0.01630773 0.00753988 -0.004379514 0.004166291 0.0007704479 -0.02808695 -0.0008276734 0.008435721 -0.00815067 0.05762656 0.07472976 -0.08186271 -0.00359565 0.01861099 0.05421791 0.01881859 -0.1917724 -0.3388133 -0.001440808 -0.0002764742 0.0233208 0.006870829 0.01896982 -0.007469467 -0.008231945 -0.005706368 -0.01202539 -0.1227186 0.00568535 -0.05148712 0.01695322 -0.01121213 0.008774442 -0.06114566 -0.03849902 -0.003806083 -0.006760466 -0.00441158 -0.02615248 -0.001885294 -0.004599934 -0.01591876 0.006506253 0.00613473 0.004968279 0.0002736156 -0.0002819466 -0.01184426 0.003355269 -0.007341707 0.01500815 0.004338634 0.005522973 -0.02749505 -0.02200282 0.02492969 0.03820043 0.003528391 -0.006621227 0.0056455 0.0009740856 -0.006202087 -0.007090411 -0.005314342 -0.002706461 -0.01898887 -0.001672573 0.007179869 0.02142512 -0.0005650627 -0.01777588 0.02760638 0.004485269 0.02185153 0.03218457 0.0002545496 -0.005222835 -0.005896882 -0.003623962 0.01758407 -0.003507792 0.01030974 0.002217712 0.01460809 -0.002741567 -0.004962092 -0.03274979 -0.01828473 -0.05300741 -0.01599954 -0.01020343 0.004821459 -0.004635184 0.009294894 -0.002836341 0.02516395 0.1080228 -0.0548293 0.04478569 -0.0130874 -0.00546357 -0.02282564 -0.01389368 0.00541692 0.000794393 2.274336e-05 -0.01226678 -0.005799915 -0.001235328 -0.01606834 -0.02117574 -0.03365909 -0.03927024 -0.02939945 -0.04094323 0.01051442 -0.02097227 0.01938368 -0.01166677 -0.01621306 0.005729512 0.05008635 0.05162136 -0.001206072 -0.001874853 0.002411493 0.006826614 0.002876956 0.01320359 -0.008674636 -0.01132869 -0.00123313 0.01518915 0.01199493 -0.07144783 0.001175665 -0.004462166 0.01219083 -0.0009165439 0.008605383 0.01128698 -0.0009701974 -0.001351274 0.01512499 0.005349659 -0.01065849 -0.04693266 0.00329483 -0.01172547 -0.00575827 0.1981601 -0.1227529 0.1059062 -0.01446075 0.00340065 4.604923e-05 2.506794e-05 0.0002828018 -0.007245726 -0.02006523 0.0300226 0.04129741 -0.004530217 -0.008522949 -0.002258883 -0.007814296 -0.006156886 0.003027433 -0.01755678 0.01665059 -0.007417723 0.01225389 0.02993255 0.03333187 -0.0006039045 -0.0006007979 0.01652111 0.01214154 -0.006277725 -0.005997875 0.002547415 0.005954549 -0.01750893 -0.06560652 0.07993809 -0.2427157 0.007547088 0.008212598 0.02474628 0.01381087 0.00177171 0.002756985 -0.01157905 -0.0008288583 0.003502504 -0.02624862 0.02317211 -0.01728591 -0.004130309 -0.01631595 0.01560998 -0.003473341 -0.02726974 -0.01377289 0.002056327 0.0004703497 -0.01386603 -0.001810244 0.002314916 -0.02424304 0.004457694 0.01686239 0.01580273 -0.005774565 -0.0007729213 -0.003952949 -0.03987091 0.08556569 0.002817285 -0.04123881 0.005932558 0.05402039 0.01650708 -0.02420696 -0.0240459 -0.004441872 -0.0101313 -0.0282572 0.001081694 0.01196753 0.02040841 0.007037458 0.03263228 0.01500566 -0.08184014 -0.01225391 -0.1750247 0.1401848 -0.09762153 0.0940602 0.0130635 0.01583033 -0.01500277 -0.07775409 -0.004808459 -0.03810083 -0.001621879 0.01938188 0.02418242 -0.0133449 -0.0002025178 -0.01980672 -0.01964563 0.01641251 -0.007075178 -0.009197468 -0.0087534 -0.00796258 0.01002349 -0.004221894 -0.02396013 0.01304808 -0.004432728 -0.02060198 -0.001387588 0.01008915 -0.02085374 -0.09471134 -0.04783211 -0.0524671 -0.0009183506 0.001432192 0.009069753 -0.01207245 -0.003574785 -0.0001765629 -0.1741454 -0.0955575 -0.2142444 -0.0900259 0.0580488 -0.1485756 0.01053427 0.003699375 0.01132252 -0.0003890055 0.009852508 0.01632392 0.01658307 -0.01393537 -0.06168386 -0.003310352 0.01441776 0.02238791 -0.007933617 -0.003495429 -0.01219007 0.02512624 -0.0162038 0.03552572 -0.004884116 0.01135725 -0.02684569 0.01197382 -0.001061333 0.03009231 0.1895053 -0.10277 0.09085688 -0.0031125 0.0003403575 0.02061532 -0.09344299 -0.144475 -0.1663822 0.01757187 -0.01043308 0.03084803 0.01505857 -0.01075409 -0.0004672669 0.01998535 -0.01478839 0.007752496 -0.0475307 -0.003039824 0.0259693 -0.001527704 -0.0167481 0.0160718 0.01091161 0.01939873 -0.001556679 -0.01233914 -0.001061672 -0.007664128 -0.004552256 0.001364498 0.002593749 -0.3937144 -0.2763296 -0.9023493 -0.004622988 -0.005940709 -0.01800152 -0.01079433 -0.002851811 -0.06906616 -0.01134152 -0.005477346 -0.008242185 -0.00479903 0.003235025 -0.0005348409 -0.005443111 -0.001929471 0.01351096 0.0217753 0.0003867002 0.02106443 0.009683348 -0.001285793 0.002065548 -0.001914061 -0.006619776 -0.002025983 -0.004122279 -0.002385247 -0.03837756 0.001288813 0.008302273 0.008322367 0.003284866 -0.01375902 0.01691307 -0.005216062 -0.01224788 -0.002226445 -0.003163091 0.01350205 -0.02889034 0.03694852 -0.01982484 0.04108971 -0.001561149 0.01685122 -0.02787424 0.007322811 -0.009856855 -0.01524012 0.01584224 -0.01813225 -0.0106742 0.01363712 -0.001128176 -0.0174939 -0.001567799 -0.008228451 0.01651594 0.009360526 -0.01795214 0.002265987 0.008579265 0.003416043 0.01292891 -0.005273764 0.009985096 0.02397777 -0.00171503 0.001572967 -0.02269784 -0.01424741 0.007152069 0.0009651305 0.01490315 0.005193841 0.0361096 0.006956529 0.006752927 0.0194755 0.07571188 -0.001108729 -0.01715814 0.01137449 0.02911957 0.03133472 0.0009642434 -0.0114321 0.009373774 0.02263492 -0.006402453 0.04268105 0.000330877 0.01731852 0.05226607 0.008316856 0.009722119 0.07136797 0.007394445 0.007476624 -0.004601418 0.05707685 -0.03381994 0.01886002 0.0004767035 0.01172308 0.02799953 -0.0251377 0.009184806 -0.01687373 0.01972676 -0.007908309 0.02323013 0.003767822 -0.0004971552 -0.0228024 0.03404026 -0.03140521 0.04293948 -0.005001653 0.00289062 -0.0005939985 -0.003785345 0.004875839 0.01307575 1.291977e-05 -0.002298557 -0.01967063 -0.005768042 0.003616905 0.006621961 -0.17822 -0.2257382 -0.3678762 0.004318722 -0.007112045 0.02537492 0.0006040526 -0.003105221 -0.003919984 0.002589632 0.01487213 0.006390181 -0.002362525 -0.0023987 -0.005089658 0.006355346 0.006211334 0.0184261 0.01078075 -0.01552948 -0.0154826 -0.005247853 0.00783571 0.01397309 0.01410182 -0.02744611 -0.02004024 0.005839903 0.005243436 0.02044149 -0.001792501 -0.005767474 -0.008690684 0.06339653 0.002923717 -0.505198 -0.005531877 -0.004584055 0.004924999 0.0009205681 0.01824304 -0.01067555 -0.03253894 0.07217874 0.004910544 -0.01211505 0.02180309 0.009641808 -0.3843046 -0.2666824 -0.8579506 -0.001641914 0.002563307 0.007140835 0.02187761 -0.01665084 -0.04071594 0.01152039 -0.01926439 -0.04034039 0.100942 0.04980739 -0.2185801 -0.003791596 0.009246949 0.03338372 0.01027771 -0.01027833 -0.0170038 0.002440524 -0.01200061 -0.01399119 -0.003885023 0.001244074 0.002413155 0.001137108 -0.009944975 -0.004848923 0.003843949 -0.009248136 0.002787524 -0.01401574 -0.001412539 -0.003323673 0.01348943 0.002084841 0.005545602 0.03711564 -0.03683728 -0.0214008 -0.005884226 0.01734829 -0.03172039 -0.02227345 0.006174173 -0.008876755 0.006198084 0.00596403 -0.02292698 0.01055515 0.002415614 -0.0087848 0.006562349 -0.01115005 -0.006155401 -0.004047334 0.02658254 0.02493632 0.003329482 0.0002098774 0.01473135 -0.01402955 0.01579336 -0.0004290147 -0.1230484 -0.01804605 -0.08633955 -0.002233121 0.009530993 -0.009011569 -0.006275501 0.0004739856 0.02034014 0.007303205 -0.003731894 -0.03397748 -0.01386189 0.003059741 -0.03492935 0.02206816 -0.02187747 -0.01011963 -0.003583189 0.01005445 0.004289021 -0.01077202 -0.009135449 0.003336453 -0.01372735 0.01706525 0.0002633864 -0.002036005 0.007174466 0.009444178 -0.01225064 -0.006742042 0.007831146 0.01993376 0.01808544 -0.06971866 0.07287592 0.05471635 -0.2895679 -0.007107108 0.02278606 -0.0007755524 -0.009655781 -0.0009269769 -0.02136669 0.006054648 -0.009968279 -0.01639781 0.03619987 -0.05278136 0.001612983 -0.02901131 0.01390165 0.03221956 0.05163852 -0.0199636 0.02123145 0.00109968 -0.00653922 0.01006126 0.01072604 -0.00152342 0.008443286 -0.01281324 0.001480104 -0.006208322 -0.0143862 0.01519153 -0.006352066 0.0007393439 0.01692734 0.03966483 -0.002249836 -0.002492613 0.005641037 0.01459849 0.004619375 0.03141704 -0.01875874 0.003489147 -0.01358423 -0.001247253 -0.009843752 0.02249137 -0.01088151 -0.04668041 0.0279103 -0.004285495 0.004243651 0.01230133 0.01284878 -0.01012919 -0.01396967 0.07522023 -0.05803438 0.08378191 -0.007253497 0.01745807 -0.02273653 -0.01805256 -0.002574615 -0.0787042 0.01851667 -0.02843879 -0.03402466 0.005629559 0.04399962 0.04592524 -0.04218215 -0.01486243 0.03250222 0.006215606 -0.0025372 -0.03395176 -0.004137277 0.01146621 -0.006327651 -0.008381635 -0.006473426 0.00311494 -0.0007678973 -0.006279025 -0.006139205 0.007208646 0.005545076 -0.01095758 -0.001856855 0.005095139 -0.006104494 0.01115008 0.002873497 -0.01685201 0.01723832 -0.01468485 -0.0003914824 0.006404093 -0.005182082 -0.001163482 -0.01526809 -0.02788821 -0.01478721 0.00553092 0.002692817 0.01165825 -0.009821843 -0.002814943 0.0007950822 -0.005525633 -0.01242648 -0.00282538 0.008666266 -0.003761125 -0.009179904 0.0426888 -0.00898231 -0.002800713 0.02529582 -0.01066995 -0.0460676 0.005631276 -0.007994389 -0.00251219 0.002647536 -0.01393635 0.01478126 -0.001947615 0.03968966 0.06332894 0.001547091 0.008852629 -0.0454703 0.005009965 -0.01366392 0.009940916 0.008574862 0.03836424 0.04338709 -0.02826098 0.002578829 0.04420908 -0.005375379 0.00592776 0.01227801 -0.004944745 -0.003511285 -0.01017471 0.06768322 0.02074369 -0.5667654 0.01337785 0.00229332 0.00444048 0.009996723 -0.006219031 -0.006994287 0.006563783 -0.002143914 0.0133865 -0.007348444 0.01061814 0.0127424 0.008912042 0.03803823 0.04297867 -0.006018456 0.005415048 -0.01799468 -0.01503805 -0.1084727 -0.04351425 -0.008629911 -0.009020144 -0.02098306 -0.001941334 0.007795367 0.02193822 0.02241963 -0.009752048 -0.06453056 0.002502114 0.004721195 0.004829553 -0.002615608 0.01887093 -0.004073805 0.0001108204 0.004671444 0.03641729 0.01655539 0.005994575 -0.04606737 0.006851111 -0.01098291 -0.02263876 -0.002476733 -0.04882632 0.007882343 -0.002595622 0.004851067 -0.000382415 -0.01943007 0.002768995 -0.01727562 -0.01325127 -0.004449492 -0.03042414 -0.008002281 -0.00871296 0.007503883 0.009342629 0.03202085 -0.01471806 -0.006687089 0.001625905 0.007010342 -0.02783102 0.1300978 -0.2692038 0.01404781 -0.002385685 -0.01817879 0.01638938 -0.0006448234 0.03461832 0.006935957 -0.0007170531 -0.01811517 -0.00101735 0.02196459 -0.01784708 0.0114398 0.001218535 -0.0164188 0.001514376 0.02177412 0.02735153 0.006371551 0.0116455 0.03136791 -0.08326241 -0.1151793 -0.3271491 -0.01850329 0.001123371 -0.01772409 -0.0124259 0.06051647 -0.3067185 -0.04376268 0.1232509 -0.1165556 0.2461901 -0.1410981 0.1422565 0.005080156 0.01150849 0.0120767 -0.007240884 0.0203545 -0.004291958 0.004098326 -0.008413171 -0.001591398 -0.0057065 0.002131961 0.003422116 0.002550323 0.0402036 0.07982173 -0.02031952 0.001932498 -0.003374199 -0.01041565 -0.0170735 0.03797929 0.03775715 0.004672993 0.0269153 0.178892 -0.105112 0.1291999 0.03163606 0.07029673 -0.03345888 -0.009241551 0.01782094 -0.01883997 -0.01654257 0.01368652 0.01962674 0.02055298 -0.004907761 -0.002402046 0.004973153 0.009290039 -0.02690599 0.001300939 -0.009530773 0.01127492 0.01145715 0.002475441 0.01188768 0.0001874794 0.01839167 0.005402089 -0.001876067 0.009342773 0.03883341 -0.01875044 -0.04295754 -0.02284005 -0.3012228 -0.2231747 -0.8435158 -0.005781058 -0.003563734 -0.01005503 0.003865585 -0.001010878 -0.01883158 -5.307747e-05 -0.0112314 -0.02304518 0.03401155 0.02915523 -0.08285645 -0.01227263 -0.002591496 -0.005691133 0.07730241 0.01938833 -0.6563748 -0.09542523 0.02306993 -0.05615789 -0.00170575 0.0122693 -0.0150325 -0.004739072 -0.01163976 -0.01617594 -0.006859716 0.0001472217 -0.005513872 -0.02157293 -0.0007638464 -0.006370991 0.02551228 -0.001366377 0.07187 -0.01372096 -0.002667228 -0.03289649 0.00456352 -0.01496895 0.004842685 -0.02281163 0.03718393 -0.02182318 -0.02082887 0.01653144 0.04129912 -0.01159747 -0.02175106 0.01190612 -0.02016158 0.01161891 0.00375005 -0.4089644 -0.2935621 -0.986637 -0.001000101 0.006572003 -0.005374334 0.003306712 -0.002102591 0.02746067 -0.02404497 0.008415665 -0.01346545 0.001387775 -0.00583542 -0.001605987 0.05753643 0.003558486 0.02892059 -0.01228282 -0.008073401 -0.02599583 -0.004253629 -0.007026554 0.008233554 0.006793268 -0.009954125 0.02292351 -1.493422e-05 0.009015352 0.04042513 -0.004755895 0.01092828 0.003570355 0.002304271 0.02197938 0.003022534 -0.009727664 0.01103859 -0.03570006 0.004048776 0.03555537 0.0420815 0.02257819 0.002680095 0.04876777 0.08427688 0.01375805 -0.4043448 -0.01172053 -0.01197666 -0.02722906 0.002172852 0.007034275 -0.002912867 0.01235704 0.02002433 -0.01137035 -0.008229487 0.0145834 0.02206238 -0.00705274 -0.006529734 0.02281638 0.009586519 0.0004266464 -0.01591492 0.07336798 -0.04893498 -0.5703039 -0.03691654 0.07139736 0.008278997 -0.0077628 -0.02974209 0.05311316 -0.008332003 -0.00912117 0.006591172 0.01007666 -0.003629362 0.001407699 -0.003505719 -0.01275786 -0.04406606 0.001218836 0.008318169 0.01452775 0.1265636 -0.03975842 -0.2336527 0.01481747 -0.01669649 0.01540406 0.03007049 -0.06152125 -0.02956589 -0.02399386 0.03508306 0.009638459 -0.0005233544 -0.004815401 -0.004929387 -0.000815447 -0.01558169 0.003674054 -0.006748605 0.000451835 0.005457812 0.007292372 0.01864659 0.03340857 0.008418173 0.001586925 0.007610389 0.00744642 0.002395088 0.01038238 0.008518314 0.01089843 -0.003495823 -0.003278896 0.005113612 0.02847437 -0.01560204 -0.007543577 0.02441792 0.006845519 0.01668744 -0.004458624 -0.002065483 -0.002039582 -0.04318773 -0.003166835 0.01032229 -0.01172855 0.007273097 0.000140262 -0.02416731 0.01358351 0.002284032 0.004654376 -0.02828824 0.01404813 0.02042842 -0.01883769 0.007309172 0.05698133 -0.002954904 -0.0194238 0.03745053 0.001743559 -0.00739501 -0.000421158 0.01553701 0.004688587 -0.02010861 -0.01181649 0.01193687 -0.006147183 0.006600071 0.004643172 0.01075271 -0.02238578 -0.01405771 0.01798987 -0.00178149 0.01747615 0.04998508 -0.008439716 0.002121987 0.007246234 -0.009320753 -0.002423344 -0.01191226 0.03686799 -0.02944993 -0.1989343 -0.01592641 0.001672244 -0.01347049 0.06424389 0.05685372 -0.3220409 -0.003613092 -0.01133055 -0.002762782 -0.005252972 0.05313213 0.06194745 -0.05192509 -0.05579872 -0.07881369 -0.002930108 -0.001455342 0.006628045 -0.01132827 0.01130028 -0.01016119 -0.01083107 0.009757446 -0.009214967 0.01857278 -0.02007339 0.02526159 0.01420203 -0.06872402 -0.03443891 0.009344541 -0.01008773 0.0324265 0.001249686 0.006849956 -0.02505594 0.007030204 0.00348438 0.0174193 -0.001332782 -0.005957052 -0.01699537 0.01133226 -0.008074207 -0.01059835 -0.003859508 -0.007501889 0.009845854 -0.01089096 -0.004502035 -0.002167533 0.05946551 -0.02718653 0.03735211 0.01557783 0.03873035 0.0784083 0.01561827 -0.002052573 0.01618621 -0.00642601 0.01085406 -0.02043366 0.0769958 -0.04149133 0.03185309 -0.005440369 -0.0008075162 0.005919912 0.0002861884 -0.02010411 -0.03260713 -0.2225154 -0.1264197 -0.309341 -0.00291153 -0.0029334 0.04086053 -0.3139755 -0.2233283 -0.7921142 -0.005014706 -0.001412189 0.008538784 -0.01077817 -0.007453533 0.007113473 0.0009183441 -0.004905436 0.007558309 0.01606149 0.03269383 -0.03181935 0.010724 -0.006305865 0.02514572 0.01151211 -0.01172447 -0.004556204 -0.06331324 0.02500317 -0.06657109 0.05666528 0.07968186 -0.3189404 -0.01033625 0.0135337 -0.007988001 0.01183425 0.004918342 -0.01852702 0.02284222 0.001705591 -0.003791845 -0.00924854 0.002020204 -0.024248 -0.04060235 0.04591738 -0.0356772 0.02727883 -0.01572335 0.07546335 0.03903487 -0.01606334 0.03255107 0.007325013 0.02496172 -0.01162092 0.006775149 0.005438685 0.006803737 0.004223641 0.007212188 -0.02232195 -0.005275744 0.006961783 0.04717749 0.0001626057 -0.008499367 -0.002830665 -0.003521069 -0.007948169 0.004582309 -0.008814391 -0.006927406 -0.002644739 -0.009281237 0.0006572624 0.01221101 -0.005137588 0.01482536 0.003934578 0.002993841 -0.005213944 -0.006586018 0.02162119 -0.08079983 -0.02001079 0.006473573 -0.01708147 0.01834821 -0.1281277 0.03636815 -0.07563118 -0.003950774 -0.01117865 0.01612999 0.003572565 0.00663026 -0.0308689 0.007694338 -0.04968931 -0.01189969 0.000534479 -0.0001994594 0.01467131 -0.01064549 0.01270609 -0.01269658 -0.02250633 -0.04143376 -0.6687622 0.04629738 -0.1249632 0.01620884 0.02448768 -0.06050361 -0.04442123 -0.001400752 0.02173688 -0.007785731 0.01069111 -0.00177552 -0.006601657 -0.06534047 -0.02081632 -0.2254622 -0.00837769 0.01306417 0.004684911 0.00677 -0.02045316 0.01982701 0.003837444 -0.0115716 0.01358853 -0.0001460682 0.002224744 0.03807947 -0.01154465 0.021609 0.01072576 0.002511863 -0.01565195 -0.02097179 -0.01008834 -0.009816966 0.009524656 0.007113086 -0.003499227 0.006921506 0.002842723 0.00673817 -0.02980495 -0.01608277 0.02038374 0.0187284 0.005040616 0.006314162 -0.02083331 0.01549062 0.007996408 0.02155609 0.006339822 -0.00233883 0.0003025467 0.003894803 0.02349245 -0.0489082 -0.1041917 0.04876335 -0.00119803 -0.007350415 -0.02461163 0.02701117 -0.008331154 -0.01415074 -0.005747183 0.01127256 -0.01908297 0.04501013 -0.01060192 0.001234705 -0.008858885 0.01003079 0.01557453 -0.03919317 -0.01971417 0.01568245 -0.008823636 -0.004951961 -0.006688438 -0.007265753 0.01398216 0.001490289 0.006549158 -0.003957252 0.00936614 0.02914627 -0.0109567 -0.00246641 -0.004066701 -0.003578126 0.00709443 0.003161886 -0.007766168 -0.003222884 -0.02542913 -0.0001775292 0.01940248 -0.01479252 -0.01694352 0.01560113 -0.009163982 -0.05069419 -0.1358431 -0.5347399 -0.0118785 -0.00516415 0.005190053 -0.002484168 0.009047949 0.01298115 -0.004356786 -0.002776034 -0.006136972 -0.01581109 0.002625857 -0.002834565 -0.0002573389 0.007824939 -0.0001357598 -0.005780551 -0.00213982 0.004951493 9.078952e-05 -0.01061133 -0.004682303 -0.00243007 -0.004374132 -0.006237536 0.00040035 -0.008853666 -0.0003941273 0.01064698 -0.005551244 -0.02337264 -0.0009812447 -0.01116439 -0.008819035 -0.03209922 -0.009276378 -0.0524455 0.00280691 -0.004229736 0.003699982 -0.01127631 0.008907917 -0.008699316 -0.00204068 0.002543747 0.002280948 -0.007421026 -0.003132672 -0.01388549 -0.01377248 -0.001739697 -0.00823811 0.01846937 -0.01066144 0.01933926 0.02914857 0.001828164 0.0645403 0.007128872 0.01847812 -0.002494107 0.003026572 -0.006005926 -0.006042193 -0.01365741 -0.001636438 0.004923989 -0.04002314 0.03207778 0.06238938 -0.002275491 -0.008131789 -0.009835987 -0.01154274 0.005018481 0.01996965 -0.007650107 -0.003705472 -0.008568562 -0.003769163 0.005057072 0.01539169 -0.001947886 0.007596772 -0.0113329 -0.01084583 0.008032391 -0.01039465 -0.006863538 0.008615181 0.02188848 -0.0174183 -0.003151534 -0.01563645 0.06308192 0.03381621 -0.1054899 -0.00954885 0.005604114 0.01388298 -0.03870103 -0.1444397 -0.2576483 0.006936636 -0.004896756 0.005437161 -0.00278449 -0.0105947 -0.008452534 0.007114519 0.03222734 0.02390094 -0.00400241 -0.005132986 0.002540407 0.002324086 0.01723961 0.01832952 -0.002220343 0.01480068 0.006075186 0.02022964 -0.0128567 0.007299864 0.003752307 0.008491132 0.002172806 0.1223284 -0.06171707 -0.2969249 -0.01503748 0.01422966 -0.01556034 -0.111599 -0.1052429 -0.5426871 0.005251781 0.003054975 0.0105638 -0.0152233 0.03295027 -0.02405384 -0.0007845121 -0.003538413 -0.007746059 0.005817723 -0.004471049 0.001712489 -0.003638434 -0.003073548 -0.005840125 -0.01419697 -0.008145517 0.00716344 -0.1464966 0.06807975 -0.1548596 0.01320207 -0.005221749 -0.005329303 0.0001469147 -0.0167803 -0.02016727 -0.001488026 0.008305239 0.01851491 0.009292942 -0.0466561 0.02775217 -0.01544635 0.008923456 0.02068183 0.007299029 -0.01858745 0.02276071 -0.006778001 -0.004497124 -0.01012555 0.002203469 0.05118047 0.0498898 -0.000453725 0.02717222 -0.03178482 -0.003412846 -0.01676037 0.001780816 -0.02704173 0.01091145 -0.01838629 -0.000995155 0.009461331 0.01495744 1.077401e-05 0.02739291 0.03068045 0.001896058 -0.008595293 -0.002657405 1.441734e-05 -0.002543699 -0.01584048 0.01129746 0.008929837 0.0004649768 -0.0006117593 0.01616844 0.007479087 -0.008892309 0.01932618 0.008778454 -0.0005404237 0.005972164 0.0172846 -0.02849589 -0.004992755 -0.01346688 -0.02080688 0.004211731 -0.01704644 -0.0127768 0.01796424 0.02216135 0.01592186 -0.009209945 0.01317256 0.009667482 -0.002960496 -0.005349315 0.00586636 -0.005562345 0.03474589 -0.0885993 0.0527493 0.01594048 -0.02630571 -0.006985862 -0.06621931 0.005865161 0.001955217 0.005860172 -0.001252852 0.01882505 0.04268539 -0.006090585 0.006561263 -0.002550653 0.00372592 -0.005720424 0.02709598 -0.003758166 -0.006765205 0.01689274 -0.00524551 -0.004691208 0.005339497 -0.007591556 0.01490009 0.02231363 0.005084504 -0.0009215641 0.003022597 -0.03078129 0.03727549 -0.033493 -0.01197116 0.009684449 -0.006991359 -0.007981379 -0.004132787 -0.007051378 0.01166613 0.0281109 0.02456803 -0.08422978 -0.115419 -0.3001776 0.01841438 -0.005043946 0.04043737 -0.01324378 -0.001968617 0.01306841 -0.03048363 -0.003379304 -0.005906939 -0.01961441 0.001616461 -0.01954836 -0.003142378 0.01653893 -0.007811907 -0.001273449 -0.02430565 -0.02186587 -0.03781465 -0.153774 -0.2792505 0.008310992 0.0007138831 0.01134452 -0.04991394 -0.04552888 -0.02418974 -0.003616813 0.01490227 0.03980681 0.001014747 -0.002833897 -0.009145393 -0.005100179 -0.003438631 0.00448487 -0.005176752 -0.009012934 0.00598018 0.01721062 0.0008672142 0.03459183 0.01091449 0.002985403 0.004347385 -0.04995243 0.04764019 -0.02657133 0.001272943 -0.0007275286 -0.001147947 -0.004645533 -0.009123469 0.005391599 -0.01146029 -0.0001702624 -0.006558388 0.01315218 0.01573859 -0.01325657 -0.1313828 -0.3298758 -0.5051687 -0.009663604 0.0001989213 -0.009665593 0.001443264 -0.02751307 -0.01572065 0.00288893 -0.007151807 0.02745704 -0.2109902 -0.1294522 -0.383822 -0.005826573 0.002912359 -0.01367541 -0.006378788 -0.006412329 0.02829339 -0.00597291 0.01988009 0.01323421 0.03437813 0.08188197 -0.0290834 -0.008044172 -0.01057945 0.04191201 0.01281593 -0.007246625 0.01467795 -0.005869191 0.01111513 0.03440262 -0.01592223 -0.001765189 -0.003696614 -0.002945479 0.002975792 -0.008834935 -0.0001272294 -0.01452415 -0.03298989 0.05907914 0.04740703 -0.1880214 -0.1028749 -0.04575922 -0.08336094 -0.009566087 -0.005511338 -0.004630786 0.02323727 -0.01363852 -0.04723249 0.04192122 0.008049695 0.08068743 -0.02053056 0.01587711 -0.0733529 -0.1299215 -0.02816674 -0.08238617 -0.01052188 0.01929345 0.009879974 0.004743875 0.01297536 -0.01519383 0.0002415818 0.007338559 -0.04605941 0.002585162 -0.007103039 0.02721724 0.05517432 -0.07038869 -0.0997485 0.004428167 0.001796743 0.02512189 0.004096535 0.01457465 -0.00881268 0.001151462 -0.001797588 0.007050593 -0.04560035 -0.1154677 -0.2317445 -0.009059001 0.007218059 -0.03311377 0.008135166 0.009002138 0.002029219 -0.009552356 0.02335844 -0.02604914 -0.003296669 -0.001989599 -0.01864178 -0.01791045 0.005021401 0.003809053 0.1642327 -0.1053138 0.1151324 -0.005743104 -0.1089124 -0.06490232 -0.001830559 -0.007303569 0.003135302 -0.007954255 0.007995032 0.03834974 0.06034182 -0.02365363 0.04959778 -0.02046427 0.03449548 -0.01873681 0.003783998 -0.002200279 0.006322765 0.05048883 0.07505371 -0.3183904 0.03850687 0.01215333 -0.02896857 -0.01236263 -0.002407148 0.01001327 -0.02010585 -0.000126941 -0.01844319 -0.01072377 -0.009639498 0.002425627 0.01908397 -0.015411 -0.02507417 -2.052216e-05 0.02652303 -0.0300644 0.1179095 -0.08467754 -0.3405207 0.04270091 -0.04149095 -0.03666689 -0.01303866 0.006378093 0.03294107 0.01460152 -0.01552774 -0.007250735 0.01154253 0.007445397 -0.001958079 0.003543191 0.02061029 0.001856052 -0.0008076574 0.0004422973 -0.01492302 0.02513355 -0.02200874 0.03571015 -0.01100801 -0.003950406 0.001252593 0.03749955 -0.02760922 0.05289156 0.02026193 0.003805477 -0.001577715 -0.1333791 -0.07407174 -0.1491574 0.002290171 0.007312337 -0.01270722 0.0007549156 0.01686155 0.005026781 -0.006132399 -0.01925805 0.0685691 -0.0390119 0.0009223727 0.01433494 -0.08752821 -0.06736223 -0.0607019 -0.0002741511 0.005652145 0.003719528 -0.007524576 0.002560763 -0.02098779 -0.01847255 0.005183559 -0.002087503 0.0141735 0.007614685 0.02778232 -0.000552244 -0.01276825 -0.005259433 0.07344379 -0.01101034 -0.05759941 0.1006762 -0.02000695 -0.2431675 -0.009258136 0.009240432 -0.006453368 -0.005111884 -0.005589003 0.005697035 0.01635283 0.007760562 -0.002353377 -0.009167604 0.01224492 -0.03512628 -0.02469793 0.02318571 -0.03043091 -0.1892318 -0.3900104 -0.6973618 7.506926e-06 -0.01318748 -0.03793193 0.007485144 -0.004241722 -0.007838643 -0.01027742 0.003169088 -0.01855994 0.1007948 0.03391505 -0.5191568 -0.005086597 0.005050262 0.04106336 -0.008500164 0.02351472 0.001166317 0.04032393 -0.04770976 -0.01013303 0.001919125 -0.0009209587 0.01684023 -0.01573113 0.0164241 0.02698332 -0.058962 0.05270468 -0.02201947 -0.007735021 0.02649092 0.05717343 -0.03392805 -0.06246974 0.01581786 0.0008899127 -0.0008084661 0.01608516 0.02289744 -0.0154724 -0.05174611 0.01462518 0.00179443 -0.003264534 -0.005888454 -0.002413502 -0.002878382 -0.1924521 -0.1181087 -0.3716994 0.004136583 -0.002799258 -0.006797667 0.005737938 0.003141288 0.009965156 -0.02126914 -0.0008828639 -0.01495855 -0.005127742 -0.003548658 0.01431619 -0.0120552 0.01420851 0.01580685 0.0189855 -0.006361613 0.03251445 0.02437759 -0.01319892 -0.003021243 0.03523028 -0.0188171 -0.009667666 0.039881 -0.01184256 0.03886994 0.0109107 0.02897659 0.03198176 0.01988619 -0.03576366 0.02833504 0.01560092 0.001339243 -0.04089099 -0.1298006 -0.2898962 -0.684905 0.01164184 -0.007379817 -0.009340373 -0.02088097 -0.156497 -0.214258 -0.03793729 0.02866324 0.02901269 0.007416334 0.007663755 -0.003718904 0.01334241 0.01602099 -0.06019283 0.01620608 -0.0174744 0.03723758 -0.002867879 0.0009572675 0.01925797 -0.008658003 0.007294007 -0.01099963 -0.005559444 0.008418113 0.0138521 -0.004497379 0.007697713 -0.004143565 0.009531107 0.01222657 0.02675664 0.01176743 0.004901491 -0.01742037 -0.002080459 0.01143164 -0.01683015 -0.01336456 -0.007308178 0.02120677 -0.005754966 -0.003509266 0.006315687 0.000708953 0.03389912 0.04910251 -0.01031331 -0.006023088 -0.01671913 0.005284666 0.01478825 0.006024559 0.00399245 -0.05513148 0.02735338 0.01128456 0.00606671 -0.01235531 0.003448818 0.02811968 0.04263546 -0.03575003 0.00535118 -0.008066858 -0.0261822 -0.007533701 0.04123362 -0.03348612 -0.05096499 -0.344864 0.00260108 -0.00639962 -0.01807233 -0.009744462 0.00323382 -0.01314988 0.00456952 -0.01666431 -0.01397209 -0.007774639 0.00180831 0.005408981 0.007513863 -0.006882662 -0.0120515 0.02369135 -0.0009716823 0.02203452 0.005474609 -0.00953003 -0.02733414 -0.008295402 -0.01651209 0.06286622 0.009931184 -0.004659784 -0.1497875 0.004457728 -0.001352258 0.01651993 0.009428805 -0.009165276 -0.01540479 -0.006539922 0.0007485711 0.01208977 -0.005409296 0.00684654 -0.001858856 -0.00758494 -0.008663146 0.007577212 -0.007424078 -0.01092436 -0.02244879 -0.003209244 0.003471049 0.005887941 -0.01442598 0.01013024 0.03704651 0.008764202 -0.02549042 0.02476848 0.009501569 0.02948684 0.04172728 0.05430736 -0.06620716 -0.09156889 0.2109994 -0.1184145 0.134044 0.07182999 0.0159456 -0.3931789 -0.00284183 0.004223967 0.01117474 -0.02070863 0.01358964 0.005010054 -0.00157535 -0.01854102 0.03201016 -0.004938396 -0.002031364 -0.01249689 -0.004310105 0.009342968 -0.008733018 0.01057039 0.008525774 -0.0191776 -0.04102255 -0.03253535 -0.06984154 -0.02490847 0.00901504 -0.01492375 -0.02102964 0.02352993 0.01667847 -0.3827733 -0.2798224 -0.9728389 -0.001020696 -0.0177342 -0.02131802 -0.02368488 -0.03084296 -0.0310487 -0.01587506 0.003054731 0.01391247 0.009403666 -0.007883845 0.01164378 0.09664951 0.04391171 -0.3292537 -0.01637478 -0.002630644 -0.02210302 -0.004458794 0.002255117 0.03267989 0.004427679 -0.008229086 -0.007120579 -0.03577283 0.04385525 -0.03371903 -0.00403269 -0.009672519 -0.02328463 -0.02344424 -0.003810178 -0.01872416 0.008394253 -0.01574375 0.02045604 -0.01663978 0.03014814 0.07053813 -0.01573835 -0.01702266 0.001977139 0.01057185 0.002893936 -0.01595517 0.003075216 -0.006358102 -0.02167087 -0.07042063 0.0073216 -0.03257623 0.004551646 0.02897036 0.01308026 -0.1321695 0.02660598 -0.02588669 0.1278352 -0.08066305 0.05771465 -0.004487898 -0.001872046 0.004879528 -0.02184655 -0.00260208 -0.01244101 0.01451306 -0.007698342 -0.006115506 0.01681702 -0.01216916 -0.02177062 0.007026356 -0.00978856 -0.03348582 0.004197792 0.01483125 -0.007684461 0.0009524417 0.009689776 0.01221374 -0.01058972 -0.009038146 0.05401013 -0.02177076 0.01060477 -0.009877085 -0.02594102 0.0042204 -0.01806097 -0.08123261 0.06232636 -0.0004347814 -0.008567356 -0.01108066 -0.02378737 0.1069096 -0.05635897 -0.1335595 -0.003232456 -0.01048714 0.004509465 0.01927156 -0.01078415 -0.01337283 -0.1168201 0.03282152 -0.01697548 -0.01264266 0.06307908 -0.2681386 0.05605667 -0.01183591 -0.01674249 -0.03946548 -0.1700133 -0.3987845 -0.005986575 -0.005165331 0.0004025409 -0.01151336 0.01410432 -0.009063589 0.01108838 0.004954707 -0.02125335 -0.03763874 0.01275978 0.05926386 -0.07483748 0.04816978 -0.02542374 0.007195728 0.01148525 -0.03300948 0.007884756 -0.01044722 0.006978744 0.00169212 0.03631211 0.06609137 0.01065459 0.001575075 -0.01340501 0.00951039 -0.03448488 0.01625184 0.01702552 -0.01351561 0.000476663 -4.704064e-05 0.01201235 -0.00731125 -0.005544081 0.004238442 0.001740702 -0.0002376358 -0.01462476 -0.02535985 -0.001216758 0.01003401 -0.005585483 -0.006957385 -0.00375171 -0.01360886 0.008024007 0.0352353 0.04462054 0.03325268 -0.02515729 0.04199931 0.001294734 0.009671019 0.02376791 0.0009387364 -0.00954962 0.002976456 -0.0007996825 0.004613983 -0.003534707 0.01673087 -0.0061408 0.006514196 -1.93934e-05 -0.008043931 -0.00278511 0.01894884 -0.001719143 0.08518891 -0.02027642 0.002976416 -0.0199375 -0.0009327861 0.008282725 0.005241831 0.01005296 -0.003588283 -0.02418399 -0.01597423 0.001905607 0.001865414 0.00724775 0.00256868 0.006253284 -0.0614931 0.02931449 0.04710594 0.002962135 0.003809465 -0.001042723 -0.001211833 -0.003532339 0.005375468 0.0136832 0.02825397 0.004449748 0.01735734 0.07833324 -0.210098 0.01361945 0.0137634 0.02979473 0.004461539 -0.006901411 0.009364394 -0.05416567 -0.04656805 -0.1004174 -0.01398556 0.01049136 0.009333213 4.473375e-05 -0.01389282 -0.01291486 0.01178135 -0.004216705 0.02793138 -0.002981111 -0.01319392 -0.006673857 -0.02823 -0.02474203 -0.2398643 -0.001197401 -0.004282143 0.01840883 0.007538867 0.02115957 -0.0007782048 -0.01439167 -0.002943985 -0.001751288 0.006116454 -0.01719872 -0.04000887 -0.03660167 0.03109145 0.0002775909 0.004017793 0.009802192 0.02377794 -0.001408927 0.001458999 0.007221059 -0.1210008 -0.03049299 -0.092204 0.008063529 -0.008896934 0.0164746 0.01326145 -0.002908984 0.03534709 -0.009455997 -0.01050619 0.0006271908 0.001900376 0.008919763 0.02436278 0.05893171 -0.04040584 -0.1405507 0.003016459 -0.009839199 0.01001925 -0.0009960565 -0.00845856 -0.02805949 -0.005683288 0.004938466 0.03199048 0.02909175 -0.001749676 -0.01658879 -0.003722321 -0.006592045 0.006337092 0.09880026 0.02971457 -0.4148579 -0.06026857 0.03067314 0.04544207 0.003015165 -0.01277448 -0.02031101 0.005011645 0.01158938 0.004771956 -0.03109973 -0.1683283 -0.4697903 0.05596468 0.04529124 -0.188499 -0.0007163431 -0.01106223 -0.02135753 -0.05975099 0.04855294 -0.04352608 0.01965518 0.009220837 0.05292299 -0.01440338 0.04572992 -0.09821989 -0.004004024 -0.01686118 -0.02288852 -0.02643792 0.03956619 -0.02321848 -0.003552373 0.01888464 -0.02054733 0.02209309 -0.05963553 -0.04276294 -0.004133095 0.02354452 0.02504539 0.008979846 0.02307088 -0.02582308 0.0064548 -0.002327675 0.002132949 -0.01715032 0.004008809 0.001175062 -0.01234446 0.007265413 -0.01504703 0.07347771 0.0876504 -0.1047269 0.05272571 0.001569444 0.00998198 0.04474213 -0.03548514 -0.002033877 0.00981592 -0.0144377 -0.00807503 -0.005335878 -0.007170218 -0.003613853 -0.01935077 0.006762803 0.0005089948 0.233797 -0.1294867 0.1086253 0.00784523 0.003548482 -0.0008263802 0.004878739 -0.03819982 0.01931228 -0.0688113 0.05637138 -0.01275015 0.02553668 -0.05367086 0.02472514 0.01305677 -0.0118738 -0.007622425 -0.003436148 0.01503769 -0.02257621 -0.02885888 0.03067081 0.03436686 -0.03644315 -0.01626489 -0.03049918 0.002931115 -0.001023505 0.009724059 -0.0008484232 -0.0001222397 -0.002289527 0.01515226 -0.05252859 -0.06524029 0.1080135 0.03607537 -0.271427 -0.01293094 0.005425587 -0.0002291938 0.01160069 0.005813874 -0.01239352 0.01654421 -0.003457006 0.01187356 0.005544648 0.01080752 -0.03043867 0.002801273 0.000215293 0.006833416 0.07979508 -0.05712942 -0.03375718 -0.04188854 -0.05205606 -0.06615576 -0.01410667 0.01438932 -0.01212037 -0.006592609 0.0002992732 -0.009609028 -0.003306947 0.01277852 0.03159815 -0.1197701 -0.004762888 -0.2902773 -0.006156191 -0.001252841 0.005154272 0.01332548 0.01387915 -0.0671519 0.019483 -0.001753008 0.03910905 -0.1080543 0.04714205 0.0001630755 0.002207567 -0.01116836 -0.01372877 0.02070735 -0.09531917 -0.04361139 -0.01385989 -0.004356315 -0.03135739 -0.1182191 -0.03267935 -0.09243644 -0.0007878705 -0.00483761 0.003963294 -0.0005179304 -0.02201895 0.04510431 -0.001164957 0.01918688 0.0236277 0.01293324 -0.00234513 0.003826861 -0.01404726 0.003151393 -0.01439282 -0.006897628 -0.005207587 -0.004780031 -0.04198281 0.0243748 -0.002676259 -0.0007795389 0.00765088 0.02218344 0.01094488 -0.004655534 -0.0007671332 -0.0007465626 0.002953572 -0.00504532 -0.00688615 -0.003042461 -0.02229845 0.01912357 -0.01831121 -0.0001987917 0.01730685 -0.009781109 0.01527462 0.005043049 0.007982047 0.03225297 -0.0409288 0.03995501 0.03720509 -0.001493102 0.004074782 0.00645306 -0.004093419 -0.005613169 0.01250528 0.01371102 -0.0285027 0.03005885 -0.00782733 0.009228178 -0.0003394289 0.01708748 0.03136837 0.06447902 0.002036245 0.006832199 -0.01977406 0.02197252 -0.0008578411 0.01359906 -0.00242111 0.0006064178 -0.001195869 0.00476037 -0.002554549 -0.0001476249 -0.03381657 -0.05344009 -0.03523376 -0.02701081 -0.007185496 -0.02621662 -0.01628702 -0.002647711 0.003115491 0.1707007 -0.0918135 0.1136906 0.005076968 0.01317163 -0.005852508 0.003424589 -0.005500101 -0.004768136 0.02036702 -0.0003805383 0.01790396 -0.03269408 0.0532217 0.01033674 0.001429756 0.008739202 0.01330051 -0.001438381 -0.01016541 0.007879925 0.01755667 -0.01655154 -0.02254479 -0.0005376781 -0.01793686 -0.02083176 0.005805295 0.02190206 0.02597537 -0.004534136 0.05515426 -0.1740349 -0.0103038 0.009252973 0.0004526163 0.01418628 -0.019077 -0.01826601 -0.06907037 -0.00273704 -0.01549542 0.01419764 0.003520838 -0.01167723 0.01013566 0.006705819 0.03529275 -0.0006455365 -0.007005401 0.01924134 -0.006333846 -0.008421596 -0.004448478 0.001256165 -0.0209142 -0.03302337 -0.01174252 0.005389489 -0.00669141 -0.160719 -0.3377852 -0.5177991 -0.01136729 0.008869037 0.005500243 -0.003882829 0.01109223 0.004478672 -0.0005491036 0.0125313 -0.0003057821 0.004957684 -0.0106722 -0.01056027 0.002584976 -0.004770596 0.004673009 0.01403465 -0.004977094 0.01340986 0.01209613 0.006918517 -0.02358478 0.02196508 -0.00520467 0.02020996 0.01403456 0.03389312 0.03676512 -0.003169238 0.0004331955 0.005529904 0.1014993 -0.1391881 -0.1812881 0.009785227 0.001820233 0.001725298 0.04880931 -0.01680858 0.08272294 -0.07764286 0.0005462897 -0.009668491 0.008780746 0.009966263 -0.003886058 -0.001357976 -0.001667132 0.003044133 -0.001415584 -0.001713687 0.0241453 -0.01010087 -0.0004977098 0.001719263 -0.002005748 0.001259055 0.005073768 0.04307391 0.00798603 -0.04654528 0.004817883 -0.01897839 0.02262276 -0.0487757 0.04146101 -0.0003630398 0.01021668 0.000195006 -0.01217196 -0.0007833536 -0.006914895 0.01055015 0.02221525 -0.02152474 -0.0168183 0.05326948 -0.02172091 0.02137405 0.0034159 0.01394776 0.01341199 -0.0005439441 -0.0002665854 -0.03246896 0.03802477 0.07574975 -0.03510148 0.003284079 0.009440862 0.01890796 0.06640866 -0.01320279 0.03175106 -0.01682773 -0.0002265441 0.01944787 -0.01093948 0.004972544 -0.007811158 0.000157435 0.0001388734 -0.002203428 -0.002932637 0.0093675 0.01433925 -0.0002403515 0.01090478 0.01661989 0.002076362 -0.05138059 0.04083613 -0.09356132 -0.005176486 -0.06082394 -0.1171222 0.03894732 -0.002331256 0.01209867 -0.01985811 0.02332114 0.001623191 -0.00428285 0.003423764 0.007269988 0.003561247 0.001221337 -0.002640124 -0.01296087 0.01196675 0.01403432 -0.03043244 0.02938759 0.01979214 -0.007767349 -0.03480215 -0.01462064 0.008917293 -0.04904824 0.01266228 -0.04263949 -0.05277593 -0.04136495 -0.06571829 -0.06986328 -0.002517009 0.00227084 -0.00486683 0.01986549 -0.0004164147 -0.02577791 -0.00164834 -0.007461421 -0.004761624 0.00309046 0.007223574 -0.003138422 -0.03349242 0.02218003 0.06473503 0.01480828 -0.0003831181 -0.006646211 -0.01769987 -0.1363136 -0.2138338 0.003417724 0.01401551 0.0170475 0.01293978 -0.01737968 0.03157054 0.000392009 -0.008976689 0.01828488 0.001135042 0.02788532 0.002631613 -0.007082242 0.01958323 0.01478571 -0.07790232 0.03528489 -0.1313778 0.006236256 0.03202143 0.01644693 -0.01625392 0.02343225 0.04202282 -0.002677992 -0.01152984 -0.02850065 -0.03134411 -0.03687322 -0.04980725 -0.01517699 0.001528235 -0.01069941 -0.004856999 0.007679569 -0.02374797 0.002470404 -0.01156788 0.01032426 0.02491784 -0.0006656832 -0.007476709 0.008354161 -0.001697393 -0.003135133 -0.01100664 -0.006718036 -0.02514482 -0.1027025 0.04129485 -0.1646303 0.003723445 -0.006186368 -0.01109577 0.01212509 -0.003443874 0.03511758 -0.01384736 -0.0004137232 -0.01889627 8.538226e-05 0.004425305 0.004382049 -0.01330651 0.003019998 -0.003836657 0.1140348 -0.05885749 0.04625604 0.02509221 -0.01484703 0.02378295 -0.02145007 0.03089703 -0.01066022 0.000233144 0.0003379529 -0.04011117 -0.002925416 0.005270869 0.008048584 -0.005190376 0.01379629 0.02716394 0.1787464 -0.09650311 0.07986503 0.00768653 0.005671263 0.00178481 0.0004520011 0.005798347 0.01761899 -0.009309113 0.005408268 -0.0243005 0.01021174 -0.0105295 -0.02294449 0.02557383 -0.006653136 -0.001735001 -0.005810864 -0.01783935 0.06848169 -0.005243752 0.001923157 0.008232133 0.01134401 0.003132427 0.005458442 0.01277 -0.007042217 -0.0187525 0.001472395 -0.0002070664 0.005952672 0.0007004295 0.005084459 0.02316 0.01170059 -0.01839199 -0.03460885 0.0138425 -0.004452415 -0.01329176 0.009400669 0.005489375 -0.02153408 -0.003690097 0.009380126 0.006683004 0.02389942 -0.02116812 -0.02248323 0.06283068 0.09106408 -0.06847679 -0.01158389 -0.003655501 0.02407776 0.1309548 -0.06816448 0.0780847 0.003988944 -0.002599543 0.00529175 0.1266045 -0.03854755 -0.1850356 0.01985496 0.03513029 -0.04116085 -0.007321752 -0.009505374 0.007436105 0.06659009 -0.005139876 0.04058065 0.01993871 0.01032766 0.03406012 -0.005039544 0.003047081 0.02231742 0.01780297 -0.01064728 -0.03493359 -0.03809198 -0.009594032 -0.07215669 0.000123885 -0.007771669 -0.004639669 0.001152385 0.003154519 -0.0448993 -0.01184275 -0.006271277 0.006835007 -0.01250311 0.004918998 -0.03339498 0.006735083 0.006373726 0.004584269 -0.01136894 0.01051457 0.004419793 0.006361999 0.0076201 -0.01252664 0.008059815 -0.00262893 0.0223629 0.02123879 -0.007399617 0.02144402 -0.008330856 0.003631836 -0.02271437 -0.006187213 -0.01303241 0.05608924 0.005457994 -0.0002893786 0.0137402 0.005994875 -0.0118364 -0.01192196 -0.01050643 0.008904826 -0.01567487 -0.004755586 -0.01178205 -0.007758721 -0.003681618 0.0126767 0.02305267 -0.07841448 0.06114377 -0.005828462 -0.02723976 0.01738788 0.03774397 -0.007028911 -0.01168505 -0.001454222 -0.06287175 -0.06672975 -0.4102922 -0.009405937 0.005342603 0.02192049 0.0006461707 -0.01036932 -0.005689981 0.008764386 -0.007280499 0.02716905 0.003957149 0.007003933 -0.02129055 -0.001127231 -0.00364251 0.0009114007 0.01359281 -0.1362811 -0.1561166 0.00609475 -0.009492329 -0.0293093 -0.01795633 -0.04286953 0.04133472 -0.01229504 -0.003043042 0.009560593 -0.0899142 -0.09348514 -0.097434 0.01817681 0.007039018 -0.006166923 0.007493457 -0.0006933304 -0.02585809 0.01821178 -0.006119022 0.009461165 0.057692 -0.02247684 0.01448888 -0.001493368 -0.01150759 -0.02595166 -0.0002894397 0.001676938 -0.004023741 0.01635659 0.03861158 0.05322756 -0.007185379 -0.001093848 0.004422822 -0.005798798 -0.0008985036 0.006446528 -0.0271355 -0.01230622 -0.02223273 -0.01278737 0.01350309 -0.01249659 -0.004570331 0.00638822 0.01272299 -0.002632241 0.009411243 0.04207826 -0.09077609 0.05201899 -0.01131581 -0.07038821 -0.04620697 -0.3032686 -0.01185648 0.009840067 -0.01289613 -0.006412792 -0.006684374 0.005012841 -0.08795071 -0.04157364 -0.03001417 0.004947089 -0.00952702 -0.009798388 0.003171783 0.00511995 0.00920269 0.000972033 -0.01639638 -0.02127143 -0.004101183 0.05351273 0.05928157 0.02038936 -0.006562412 0.01521342 0.003988719 -0.003165178 0.005885505 -0.1359415 0.007713808 -0.03058851 0.02025397 -0.004096506 0.03709968 0.08033857 0.07685962 -0.1562202 -0.01335759 0.006978523 -0.03645189 -0.007659386 0.01057305 0.002043662 -0.03552051 0.03586693 -0.03349932 -0.006101559 0.0001211894 -0.004137571 -0.03186857 -0.01310654 0.03773641 0.00753794 0.008629402 0.01970681 -0.01091821 0.01918434 0.07125024 -0.007469236 0.0006343295 -0.009369626 0.03297416 -0.05476865 -0.2399929 0.01999105 -0.004201973 -0.01730464 -0.001515845 0.01654957 -0.01406372 0.0687688 0.005840195 0.007607984 -0.004854414 0.002827852 0.02620439 -0.004634577 -0.003716069 0.005368031 -0.01036258 0.00556422 -0.005608446 0.0001067785 -0.004870869 0.02252371 0.005460758 0.007984303 0.02679867 0.005211723 -0.1604372 -0.1409566 -0.002100238 0.008394047 0.001852878 0.0161603 0.006789023 -0.02870754 -0.01782128 0.004723605 0.001295836 0.0002073948 0.009446653 0.01877959 0.00269565 0.009238718 0.01019823 0.02542502 -0.02208717 0.0358986 -0.0396993 0.04176976 0.04659617 -0.001786205 0.008259126 -0.0004091403 -0.0606805 -0.03950352 -0.2787024 -0.001344978 -0.005586947 -0.01981691 -0.002586871 0.01882791 -0.002438336 0.009074751 -0.009200664 -0.01488198 -0.001588393 0.005812028 -0.007911577 0.01382654 -0.01459818 -0.003099105 -0.01809983 0.007266802 -0.006885438 0.005488016 -0.007259885 -0.01634438 0.004048136 0.01102051 -0.002738385 -0.02653529 -0.009415372 0.04596237 0.01516476 0.001192898 0.02154227 0.01267332 0.02994412 0.02897815 0.01103271 -0.095584 -0.09079602 0.002380658 -0.005594192 -0.01279528 -0.004340186 0.02306467 -0.02250297 0.003040266 0.04752138 0.04777181 -0.006368294 -0.01579481 -0.0001030481 -0.02224426 -0.003914187 -0.009041327 0.009226285 0.03645679 0.04537672 -0.05022077 -0.007322666 -0.03211017 -0.004376806 -0.008768618 -0.01411763 -0.001029189 -0.005457117 -0.02475649 0.07443479 0.0603697 -0.1245361 0.04952973 -0.0607304 0.03640049 -0.01140207 0.01063005 -0.008889905 0.002993968 -0.01018915 0.007007317 -0.02497258 0.01132256 0.02096783 0.004657841 -0.01497426 0.001131804 0.007802489 -0.02245377 -0.02068381 0.02866763 0.08006167 -0.03652814 -0.006608147 0.003859777 -0.001304164 -0.1235181 -0.215779 -0.294339 0.003341027 0.002303293 -0.02712739 -0.01305271 0.01208238 -0.0108549 -0.02461065 0.008376012 -0.01571855 0.004810613 0.0008343366 0.007139669 0.005289298 -0.009765292 0.002303586 -0.05534155 -0.04071531 -0.1667259 -0.001672327 -0.009711647 0.02515765 0.002202549 -0.01769172 -0.01916939 -0.02896789 0.007520239 0.05806113 3.360072e-05 0.002911063 0.0004427442 -0.01732436 0.006849945 -0.01254391 0.01208353 0.01405976 0.01885305 0.007752103 -0.009094987 -0.007531384 1.931982e-05 0.007775186 -0.002544715 -0.006365541 -0.007494535 0.004545254 -0.1585982 -0.3222159 -0.4876888 0.006275345 -0.002414279 0.02000868 0.05910978 -0.02625125 0.04511581 0.02022098 -0.01794678 -0.003964151 0.01529326 -0.02542713 -0.02249094 -0.01123847 -0.005091418 -0.0008571511 0.003825974 0.02194472 -0.05300987 0.01235389 -0.007667976 -0.009505219 0.01310771 -0.005043316 -0.008297837 0.003082779 0.02077979 -0.002737886 0.009006765 0.0001517386 0.0182706 -0.004127647 0.009782987 0.0121233 -0.005776908 -0.003094146 0.0024331 0.008677557 -0.006856285 0.02618244 -0.008223627 -0.009261237 -0.009073957 -0.1216251 -0.06551921 -0.2813953 0.0001442549 -0.00998912 0.02480144 -0.009946927 -0.000624312 -0.001894734 0.007094373 -0.0008704922 -0.008918597 0.01336179 0.002674991 -0.02501749 0.09845307 0.0402974 -0.08292552 -0.000502001 -0.01515177 0.003362068 0.0180021 0.003716657 0.01391327 -0.008929815 0.005979467 0.01238391 0.009015016 0.001745628 0.0178069 -0.01601125 0.001147183 0.04586281 -0.005517419 -0.01696013 9.552561e-06 0.0002611992 -0.01395505 0.004867301 0.01522387 0.009125581 -0.05271118 -0.02386029 0.004205648 -0.01812726 0.05482067 0.01273087 0.042642 0.2142725 -0.1172219 0.1103728 -0.01045531 -0.0006621199 0.00973392 -0.0004554349 0.008977065 -0.01627813 -0.00341558 0.01337564 0.02956202 -0.07162599 -0.03264621 -0.2810576 -0.01514675 0.004001226 -0.01649687 0.0008170833 -0.002781048 -0.001555881 -0.01506234 0.01409885 -0.0165223 0.006386277 0.006510971 0.002876357 0.04138689 0.02276265 0.04866956 -0.01017646 -0.1867135 -0.3021187 0.0139391 0.0275697 0.002562166 0.08220525 0.01858662 -0.4313462 0.007934563 0.001055114 0.01675268 -0.004545394 -0.01168451 -0.01566196 0.0004769084 0.00762777 0.01854131 0.004874759 0.0004166142 0.02067618 -0.001070469 -0.004054883 0.002403402 -0.02384241 0.02381977 -0.08929761 -0.009406473 -0.008019961 -0.02208135 -0.05582127 -0.02328993 -0.2242595 0.1065223 -0.06946208 0.04573972 -0.007514074 -0.00146136 0.008759526 0.002380159 -0.008171363 0.02283584 -0.01031889 0.02014201 0.03094927 0.001430456 -0.0112254 -0.02391148 -0.02745821 0.0008515829 -0.008365839 -0.002082914 0.007927391 0.02188682 0.01505962 -0.01008213 0.01768993 0.01147341 0.0001686719 -0.01825359 0.01509802 0.02785106 -0.03377643 0.002700147 0.01300551 0.021346 -0.008308437 -0.01114037 -0.0005873321 0.04169417 -0.02208596 0.0008651121 0.004929994 0.01019346 -0.01234504 0.02542405 -0.00943527 0.08025575 0.02165755 -0.01197195 -0.04200872 -0.007246512 0.001454874 -0.00258031 0.003186156 0.002325095 0.03632949 -0.006891939 -0.0007801017 0.01022925 -0.004509344 -0.0008379425 0.001039156 0.01082584 0.03201493 0.05555103 -0.001724731 -0.008444285 0.007249971 -0.04899698 -0.0211584 0.02194714 -0.008052461 0.001721807 -0.001795686 0.006757599 -0.002563994 0.01905014 0.002843097 0.003710218 -0.002293243 -0.04320553 0.05328869 -0.009429003 -0.02556465 0.006476862 -0.01868217 0.0006710407 0.007548017 0.04031147 0.003592398 0.001088551 0.007401624 0.00779688 -0.009980131 0.01099666 -0.007925391 -0.01281918 0.01041186 1.979293e-05 -0.001525789 0.003052489 0.02689871 -0.01567696 0.004628097 0.001498327 -0.007626289 0.005841081 -0.009576034 -0.003361822 -0.02310175 -0.02205654 0.01339425 -0.01637076 -0.04181517 0.04430078 -0.03472853 0.005166363 0.01079577 -0.01298641 0.001887177 -0.0003936904 0.01410599 0.01310538 0.005156797 0.01657713 -0.001277122 -0.004856737 0.004300606 -0.001656662 -0.005704565 0.004891385 -0.007226411 0.00559517 0.003838555 -0.004056341 0.00378523 0.00240703 -0.00752503 0.008073831 0.01695496 -0.0008343155 0.009893758 0.01416546 0.01249075 0.0007424412 0.04220605 0.01395691 -0.01050916 0.0001819553 0.007223517 0.03369411 0.02105926 -0.0164452 0.004478781 -0.01694889 -0.007897716 -0.003737263 -0.005859046 -0.129932 0.02777864 -0.01760804 -0.006108619 0.04141008 0.02601821 -0.001768056 -0.01812987 0.02935717 0.007531897 -0.01770027 0.02845237 0.004578811 -0.006115656 0.004529347 -0.01044412 0.003426265 -0.01072299 -0.01758174 0.005078288 -0.01567248 0.001784552 -0.0004539116 0.00168223 -0.09581929 0.03003714 0.02339924 -0.0939259 -0.001469826 -0.04960632 0.001571808 -0.0633188 0.01673615 -0.025843 0.00279264 -0.01690699 0.001967561 -0.01302589 -0.02866743 -0.001100393 0.00708103 0.002316792 0.1470662 -0.07788564 0.06225853 -0.001503338 0.006533932 0.02469332 -0.06349873 -0.03103299 -0.1415646 -0.01621052 0.003882863 -0.00433924 -0.04374308 0.03907786 -0.007860336 0.01376684 0.002052184 0.003994185 0.009522479 -0.01767511 0.02098046 0.006864373 -0.02484843 -0.01394423 -0.01084875 0.01032953 -0.03386436 0.02862605 -0.02462585 0.03471778 -0.009523135 0.008342519 -0.01631265 0.05867014 -0.07272103 0.04505229 -0.1051877 -0.101662 -0.5309652 0.068142 -0.009955583 0.04544663 -0.01021316 -0.004391849 -0.003889515 -0.00819191 -0.00287419 -0.01493518 -0.004027858 0.001688972 0.003290125 -0.01467417 0.01278437 0.01724953 0.005497408 0.01785508 0.01440647 -0.001988451 -0.003981823 0.01940957 -0.01444412 -0.001827413 0.03577024 0.01902251 0.005641945 0.03390486 0.01414901 0.002945411 0.0320348 0.001625393 -0.008307869 0.01897123 0.008564815 0.006125433 0.01080499 0.005732868 0.00664583 -0.01919334 -0.0009460147 0.003557676 -0.01803035 0.00862512 -0.03740234 0.01656721 0.0111634 0.02909533 0.0584298 -0.0007193158 -0.00236514 0.0230019 0.04541929 -0.05732987 0.0429054 0.007323841 -0.0101576 -0.01782225 0.008350197 -0.0008482001 0.02695367 0.008149132 -0.02660308 0.03496882 0.009310458 0.007106476 0.02398027 0.1118853 0.0384062 -0.06677945 0.008388922 0.007500278 0.02666571 0.01571271 0.006105237 -0.02923536 0.0031011 0.01344317 0.01918466 -0.01166942 -0.001087611 -0.01078673 0.0138006 -0.02359983 -0.02586783 -0.002841452 0.02277151 0.02128127 0.0100168 0.003100248 0.006753271 -0.0105971 0.0152631 0.004909393 -0.005253102 0.008741787 -0.01267892 0.01789826 -0.004318587 0.01998428 -0.0170163 0.01480364 -0.01214689 -0.02044397 -0.02464366 -0.004577979 0.09106156 -0.07706124 0.05131368 0.0008272906 0.01506282 0.02690399 0.0002587182 -0.006352687 0.002951805 -0.0653047 -0.03827299 -0.0519468 0.004883256 0.004403759 0.01735494 -0.007602334 0.0226761 0.01732455 -0.002254553 0.0007374008 -0.001471682 0.005950459 -0.00316377 -0.01000626 -0.005460847 -0.01732599 0.03291023 0.07508221 0.03000484 -0.3042682 -0.005991974 -0.001864945 0.02897853 -0.1074045 -0.3034053 -0.4859714 0.008773651 -0.0009790881 0.02118655 -0.002252642 -0.009735934 -0.015628 -0.08828469 0.04200066 0.03000981 -0.004775689 -0.07700332 0.06299665 -0.08964197 0.002039784 0.01096982 -0.009144161 -0.007927533 0.005390556 -0.009137567 0.01286842 0.05563442 -0.00588734 0.009400852 0.008985409 0.0008849767 0.00456254 0.003385474 -0.01618039 -0.002333079 0.01996614 -0.1158353 -0.3052984 -0.4312033 0.02024051 -0.004140379 0.01549201 -0.04470803 0.1184256 -0.1206276 0.009307623 -0.009164518 -0.003698851 -0.001526162 -0.01226359 -0.006884995 0.05176965 -0.03096168 0.04900119 -0.03397721 -0.02091028 -0.02982425 -0.0021917 0.009879556 -0.01530226 -0.006902199 -0.006992597 0.001547863 -0.03740173 0.03988599 -0.03666669 0.02255917 0.002388358 -0.02916521 -0.0185436 0.03550538 -0.04123802 0.0161239 0.03800219 0.05253641 -0.004321001 -0.007566975 -0.006876758 0.00152072 -0.008235191 -0.01966407 0.03276832 -0.05945501 -0.04117494 -0.03830428 -0.02085337 0.02013851 0.02080482 -0.003882909 0.02034052 -0.00263115 -0.00667967 -0.005077255 0.06400964 -0.02559969 0.08154808 0.01118869 -0.0006122681 -0.01930004 0.02124219 -0.01951591 -0.009529027 0.001722571 0.009936273 0.008181163 -0.01785798 -0.009564397 0.004553816 -0.005163863 -0.004696527 0.005403825 -0.002453891 -0.0100833 0.009387636 0.001072165 -0.001520995 0.01634608 0.01089422 -0.01650897 -0.0530161 -0.0235032 0.08818556 -0.3770222 -0.01631058 0.01548637 -0.02333879 -0.0172129 0.03026776 -0.01551467 -0.002805149 -0.01116848 0.009471585 -0.02061055 -0.01683915 0.001725127 -0.01062639 0.01869652 -0.01520724 0.01503573 0.009915825 0.0004133852 0.01249521 0.03086654 -0.1507342 0.01163574 0.02754781 -0.02301693 -0.00365765 -0.00660613 0.01447112 0.05305884 -0.0271611 0.04737975 -0.1284636 0.03989477 -0.3179044 0.0146694 -0.004501726 0.0005433736 0.004979603 -0.006442929 -0.01002425 0.04739882 0.04322516 -0.0887334 -0.002331834 0.01661286 -0.02727459 -0.003649778 0.003293878 0.02693562 -0.009113874 0.001134172 -0.01053888 -0.00371515 0.009183259 0.01898422 0.2189182 -0.1233122 0.1033384 -0.01846968 0.01538086 0.02864914 0.00723479 0.007937228 0.02273642 0.01439335 0.007887565 0.01522754 -0.1131052 -0.07610362 -0.251673 -0.01802772 0.004587192 -0.001948944 -0.05532617 -0.01577445 -0.179519 0.01126253 0.03690213 0.08168214 0.004121595 0.01880816 0.0002807314 -0.005308505 -0.003187776 0.004504451 -0.006014838 0.005657399 -0.008591182 -0.01934057 -0.0762519 0.003511784 -0.001450061 0.009752251 -0.005713048 -0.006580261 -0.0006764772 0.01882318 -0.06745564 0.05324219 0.009241872 0.01676624 -0.01523985 -0.001526668 -0.004356332 0.00495469 0.003171057 0.01913809 0.01274958 0.02961013 0.01474893 0.002959482 -0.007893152 -0.001199447 0.0119623 -0.01616181 -0.005434528 0.06569672 -0.268018 0.004904792 -0.01017459 0.02171924 -0.006653871 0.02188532 0.008571238 0.03030267 -0.02955846 0.03976883 0.003710896 -0.01290048 0.009827548 0.002234951 0.02197829 -0.01046589 -0.0009111888 -0.01552239 0.01462472 0.01373105 0.02069894 0.01393017 -0.004870496 -0.007128416 0.005914816 -0.007443469 0.02218183 0.003647384 0.009218719 -0.001727076 -0.008477467 0.001571315 -0.01555661 0.02248598 -0.00688222 0.005098308 0.008277764 0.004946921 0.01283848 0.01019982 0.04238734 0.06618626 -0.0601608 0.0004661013 -0.01304536 0.006771908 0.006153781 0.001416693 0.0064502 -0.003496422 -0.004692622 -0.01332212 0.009102555 -0.01746288 0.01289089 -0.1053019 -0.01288119 -0.07422465 -0.1136202 -0.1155802 -0.5720145 0.007567555 0.0003319775 0.02153574 0.004601058 -0.006468011 0.01252394 -0.005533743 -0.004161185 0.003383354 0.13077 0.08731087 -0.2123624 0.006307547 -0.01311434 -0.006350619 -0.1117896 -0.02534506 -0.08658847 0.03979183 -0.03683931 -0.01159592 -0.001201707 -0.001857051 0.00469881 0.03130374 0.08911204 -0.0484219 0.005250875 -0.01068279 0.03754038 0.0009847474 -0.01544367 -0.01224644 0.00924848 0.02974974 0.06177051 -0.0001921426 -0.008631447 -0.009888961 0.007731708 0.0044429 -0.01600059 0.04185972 -0.004499383 0.06652056 0.01769223 -0.03215838 0.04046189 0.01752319 -0.004230004 0.001965624 -0.01574703 0.01811735 0.006887546 -0.02202141 0.01872532 -0.003458652 -0.01464633 -0.003013356 0.01573002 0.001539285 -0.001679039 -0.03762262 -0.00163749 -0.01721777 0.01643308 -0.01084108 0.008188733 -0.01711362 -0.04148063 -0.007150054 -0.08114175 0.004729409 -0.01066692 -0.02362656 0.003276829 0.01325338 0.0141187 0.007695899 -0.01416792 -0.01578928 -0.002907343 0.006562939 0.009742067 0.01403236 0.03787194 0.08224104 0.001282897 0.002984715 -0.04499734 -0.000243559 0.01433108 -0.0002146876 -0.009757288 0.005137959 -0.02478 -0.01713935 0.004255803 -0.01731885 0.01008425 0.005324118 0.01537751 0.1054197 -0.04343389 -0.1713019 -0.006920579 0.005707667 0.0233288 -0.01807281 0.004593533 -0.03637286 0.002543029 0.008083887 0.01665396 -0.01098855 -0.0205945 0.02013524 -0.01134557 0.002159657 0.04079416 0.001864091 -0.1726362 -0.148932 0.00138858 -0.005519043 0.03852003 -0.002578713 -0.008509081 0.001897135 -0.2717016 -0.1634758 -0.4383882 -0.006590456 -0.004907619 -0.01213222 -0.1212013 0.01759264 -0.03376943 -0.002696953 0.009103598 0.01342972 0.01036831 -0.004354807 -0.0007559126 0.01809503 -0.01630932 0.0009864522 0.03244425 -0.03779839 -0.02427367 0.02162565 -0.01715754 -0.04581995 -0.02147475 0.04626151 0.02058339 0.01502171 -0.02925551 0.02961302 4.347879e-06 -0.007892091 0.01417136 -0.01352196 0.005645033 0.001001478 -0.02273549 0.0003565477 0.03515125 -0.02671069 0.003865145 -0.01507512 -0.05874021 0.02477364 0.05469363 -0.00669758 0.0007065238 -0.01820203 0.003903177 0.00172204 -0.02708777 -0.04696082 -0.03170149 0.01257575 -0.02302522 0.01092588 -0.01130767 -0.02323278 0.03647744 -0.02030329 -0.01143404 0.009568814 0.03138704 0.004127264 0.05093125 0.05428867 0.02667438 0.0273289 0.06752031 -0.007890398 0.0001379737 -0.01402505 0.004271348 -0.004969297 0.02407129 -0.004216037 0.002566232 0.003027997 -0.1223273 -0.02732723 -0.09178089 -0.001061268 -0.005539907 -0.01473103 -0.0007249429 0.004434103 0.02707417 -0.001619521 -0.01276776 -0.0219823 -0.001097478 -0.002493951 -0.00739907 -0.0007981318 -0.03012377 0.01173485 -0.01248555 -0.007521314 0.04817896 0.01183182 -0.02149841 0.029298 -0.004260327 -0.003927132 -0.002394102 -0.02252669 0.01561013 -0.009419016 0.00442642 0.0009004931 0.007799164 0.0118378 0.02863091 0.02055045 -0.03410973 0.1357199 -0.2499728 0.01285385 0.0100631 0.02685824 0.008911256 0.00800203 0.0040669 -0.008538727 0.01202386 -0.03392239 0.01724172 -0.01052405 0.03671183 0.0189209 -0.005266601 0.03454817 0.05935382 -0.03231522 0.04111449 0.006692451 0.007573895 -0.01215151 -0.09446295 -0.2061756 -0.2505329 -0.001754071 -0.07561257 0.0009086477 0.005987149 0.01879549 0.02278493 0.03779141 -0.008305647 0.00256122 -0.006675653 0.006999709 -0.02360769 -0.01011308 0.003899151 -0.00610879 -0.01539085 -0.002951636 0.01546581 0.0142516 0.03620254 0.07255615 -0.004357438 -0.002447026 -0.001528381 0.0006828797 -0.002192663 0.01581305 -0.01140749 -0.004700789 -0.007153547 0.006987174 0.03351041 0.08756226 0.001271122 -0.007053277 -0.007278184 0.0234741 -0.01558972 0.02361749 -0.005564801 -0.01412545 0.002436952 0.04548298 0.04544213 -0.217402 0.01619434 6.111164e-05 -0.01237759 -0.0008830572 0.002910363 0.009518621 -0.004269398 -0.01034488 0.01507171 -0.004251651 0.04988736 0.07287369 -0.002793282 -0.002950378 0.009677173 0.01134064 -0.008520398 -0.01135451 0.00945783 0.001339954 -0.009943961 -0.03625331 0.07912752 0.006077138 -0.00939865 0.008346464 0.01321725 -0.003959763 0.02344369 0.07745627 0.004042741 -0.0009622107 0.02561504 -0.004502851 -0.008738615 -0.00458137 0.01294585 -0.01032783 0.0004878873 -0.003182984 0.007333249 0.0003779987 -0.01947736 0.002641777 -0.01820675 0.00902665 0.02768559 -0.02728083 0.0009601419 -0.01971381 -0.02934375 0.006553423 -0.008540607 0.01595287 0.005796634 0.005697319 -0.01812834 0.006510348 0.006990068 0.001125832 -0.01845962 -0.008080525 0.0008166404 -0.008506767 -0.0008370633 -0.01139598 0.005844217 0.01695289 -0.02401301 -0.00869048 -0.0570826 0.06683835 0.002897766 -0.005106237 -0.009601478 -0.004691392 0.02682847 0.02532046 -0.001566194 0.008685425 0.0217093 0.004319706 0.02201763 -0.007961209 -0.0433402 0.04244082 -0.05342224 -0.01197973 0.01650957 0.0007232772 0.008934287 0.007416378 0.002218881 0.01102116 0.0009999183 -0.00350647 -0.00053768 -0.02600006 0.01755352 0.01257546 -0.01238706 0.01608396 0.001688397 0.005823595 -0.02570635 -0.01284889 -0.008534694 -0.01739057 -0.002197358 -0.007027064 0.03814452 0.0006343094 -0.006152457 -0.01057986 0.0016752 -0.01312871 -0.02729417 -0.06991428 0.04475129 -0.06108994 0.001723506 -0.01108224 0.004766948 -0.002750117 -0.006592103 0.008213771 0.02011038 -0.02135776 -0.02125614 0.007716712 -0.009027956 -0.0115772 0.02353206 -0.02167271 -0.0170274 -0.001804927 -0.0018725 0.005338007 0.008105125 -0.002991254 -0.03392985 -0.004366475 0.00230848 0.0137498 0.0214612 -0.006676268 0.02095993 -0.008275028 -0.00976754 -0.006252947 -0.06618795 0.05302772 0.0001750635 0.0089783 0.006823868 0.01374256 0.001631773 -0.005685894 -0.009568389 -0.006303269 0.003298365 -0.02067799 0.004479934 0.009311016 -0.02219032 0.00956348 0.03220727 0.04663608 -0.01953055 0.01777519 -0.06894967 0.008296184 0.01660863 -0.002993642 -0.002997349 0.0182315 0.01721236 -0.03369308 0.1311473 -0.2377597 0.01172144 -0.006576272 -0.01454433 -0.008990999 -0.0007646995 -0.01636757 0.003296923 -0.01261042 -0.01697654 0.01440419 0.002474736 0.01474285 -0.003743004 -3.661017e-05 0.004838106 -0.00433911 -0.03404192 0.0103959 -0.002412181 0.01226986 0.0247799 -0.005816537 0.01811895 -0.02118389 -0.006644412 0.01105174 0.006550935 0.06664894 -0.08631115 0.05118356 0.00798141 -0.008843817 0.01152977 0.02541476 -0.09120729 -0.1585579 0.007157833 0.001584029 -0.01990994 0.001472559 0.00840465 0.00286625 -0.07916133 -0.04041845 -0.02851574 -0.1103846 -0.005039506 -0.06870563 0.00542729 0.002506291 0.01100353 -0.004338385 0.01324335 -0.01523126 -0.01028884 0.004107982 -0.005604251 -0.0164899 -0.0005318782 -0.008103541 -0.001951623 -0.006115286 0.01824782 0.008584917 -0.009582521 0.003393893 -0.002521107 -0.01046884 0.00957621 -0.003488924 0.007519044 -0.02323773 0.004885551 -0.003234681 0.005718474 0.01099461 -0.004193174 -0.0181416 -0.01818252 0.01626058 -0.007297478 -0.0002131718 -0.008964505 0.02168879 -0.0145364 -0.0006709973 -0.0115018 0.004153981 -0.007138338 -1.024829e-05 0.009789374 0.003122414 0.0177099 -0.02440473 0.03716215 -0.02800012 0.0190677 -0.001565283 0.01401918 0.007915985 0.008017914 -0.006019308 0.001777441 0.04128736 0.08120303 -0.01615453 0.07642079 -0.1943245 0.00784846 4.471291e-05 0.004999784 0.01550487 0.0009997712 -0.0119985 -0.0003889496 -0.003976107 0.02228902 0.005203452 -0.003244245 -0.000430393 0.0231589 0.01195855 0.05980189 0.05286648 -0.03684532 -0.03340809 0.006340685 0.002995076 -0.003006709 0.03293977 -0.0310185 0.0413986 -0.02078675 0.02166789 0.0003518621 0.005182315 0.02357547 -0.02180948 0.002683435 -0.01063065 -0.03231617 -0.01587328 0.001973737 0.01025945 -0.05173045 -0.1164929 -0.264953 -0.0007096115 0.0002377165 -0.002273097 0.003776264 0.0008702503 0.006638807 0.003463397 0.005214402 -0.02529893 -0.03848293 -0.0135757 0.03540478 -0.01448169 -0.002470639 -0.002886496 0.008318573 0.008005919 0.02909027 1.237588e-05 -0.001095679 -0.01315528 -0.01321181 0.02945474 0.06415968 -0.03395783 0.05472148 -0.2700905 -0.0110555 -0.007635456 -0.02258544 -0.006061032 -0.02289554 0.02563853 -0.002954198 -0.009783028 0.0001218663 -0.001690469 -0.005841281 -0.0002743611 -0.006331704 -0.01096103 -0.006065628 -0.03882652 0.0392981 0.05060108 -0.005307462 -0.00885801 0.008765281 0.05152388 0.007540899 0.07541025 -0.009793002 0.01805776 -0.01878776 0.002590124 -0.01108412 -0.02561165 -0.001753151 -0.001790289 -0.002454459 0.03220603 0.03579874 -0.07642134 -0.00392669 -0.002533467 -0.03426057 0.01887072 -0.003790956 -0.07334758 -0.04547322 0.007175751 0.04863519 0.0008911458 -0.03632579 0.02362308 -0.002977896 0.01219931 0.006207128 0.006215431 0.003081039 0.008769409 -0.01151092 -0.002869971 0.002522268 0.01062126 0.001481328 -0.0266044 0.0002402668 -0.00662368 0.007292495 -0.00298557 0.00189117 -0.003070096 0.06160962 -0.03860367 0.02145995 0.01348948 0.006907644 0.03409123 0.009327646 0.009083206 -0.004851433 -0.007181631 0.01479229 0.002839603 0.001686126 -0.003676759 0.02475901 -0.01266234 0.008918364 0.0100705 0.01182844 0.01790682 -0.0116744 -0.007604442 0.001698405 0.01147993 -0.0007639709 0.007220678 0.0289981 0.05871702 -0.02879828 0.02072676 -0.01045347 -0.009186164 -0.02481738 0.0009987992 -0.01501613 -0.01339412 -0.07937191 -0.04126437 -0.1578859 -0.0102772 0.03245907 -0.04639698 -0.0156506 -0.002265071 0.004429423 -0.01781329 0.07961775 -0.4897434 0.05302216 -0.02733253 -0.02302645 -0.004255246 0.0187831 -0.002440068 -0.001926329 0.002283119 0.004846369 8.985866e-06 0.01390888 -0.004134356 -0.0008061822 -0.0007513015 -0.01973204 -0.05374537 -0.03316791 -0.2461353 0.004582147 0.008260827 -0.01329422 -0.01344111 0.004238341 0.01861118 0.006861385 -0.00467695 -0.02565473 -0.004077058 0.00231068 -0.02178089 0.003638361 -0.004737737 0.0064069 -0.01166406 0.004707983 -0.02683528 -0.00127891 -0.1839664 -0.4139688 0.001495984 0.002013353 0.007837397 0.01282245 -0.01029875 0.01762922 0.2188192 -0.1186775 0.0989176 0.1523658 -0.08072253 0.09614921 0.002716847 0.004870187 0.02612533 0.03905031 -0.03630476 -0.01230737 -0.008519121 -0.006273167 -0.005306243 -0.01634808 0.04035471 -0.09596802 -0.001147575 -0.01014893 -0.01293983 0.008197077 0.04004145 0.07406706 0.001495284 0.008889903 -0.04617918 -0.3243829 -0.245594 -0.9293717 -0.005934022 -0.009341927 -0.01041666 0.06923061 0.0009349176 0.01191725 -0.01512465 0.01687367 0.002748688 -0.07700093 -0.0501769 -0.311164 -0.1171681 0.03658927 0.0005548513 -0.006575321 -0.02752341 0.07212543 -0.07463428 0.05119833 0.02426773 0.001959038 -0.005212618 0.009021324 0.009008069 0.002592856 0.009091788 0.0132616 0.004569009 0.02159453 -0.004780773 0.003646558 0.0008022496 -0.005053611 -0.01000777 0.0117394 0.001711864 -0.009024622 0.01134411 0.004718591 0.0459054 0.04514285 0.008375119 0.002400868 0.001457145 0.009159872 0.004313713 0.007317818 -0.01987512 -0.001409083 -0.006103969 0.2088035 -0.114813 0.1234029 -0.00260172 -0.01732397 -0.001373484 -0.01292694 -0.003118632 -0.02154338 -0.005397882 -0.009956935 -0.01830082 -0.004185915 -0.01004742 -0.009133956 -0.218807 -0.1524892 -0.6192033 0.006936658 0.0116283 -0.03385373 -0.005285676 -0.001823518 -0.01155019 -0.07151225 -0.05702228 -0.08721871 -0.01886108 -0.02544716 -0.003788614 0.05248516 -0.02040497 0.06173102 0.003692355 0.01131555 0.0002407422 0.008070033 0.02183779 0.02529263 -0.01041575 -0.002858931 -0.01021713 0.007827606 0.0224924 0.01867902 -0.007050128 0.007583961 -0.004204552 -0.002246597 -0.01106284 0.01025395 0.003440734 0.01273342 0.01047877 0.006624569 0.004170535 -0.001385271 0.007989556 -0.005442407 -0.0008264324 0.01322655 0.06512437 -0.04677484 0.008902386 0.007036289 0.02330637 0.01661503 -0.1000014 -0.009729925 0.003564604 -0.007994589 0.0498426 0.001411194 -0.01528427 0.005324 0.01321856 -0.05184836 0.001718716 -0.007181111 -0.01022529 -0.005581356 0.1848611 -0.09729446 0.08111099 -0.002636656 0.007500933 0.01136182 0.005889629 0.003303288 -0.008581164 0.01760899 -0.01264447 -0.02653822 -0.002116471 0.02049543 0.01571013 -0.01627563 0.00434499 -0.01448928 0.006050088 0.007646196 0.001975962 0.001015164 0.009871887 0.01120487 -0.003241904 0.005078405 0.01155988 0.01700434 0.005747557 0.009873481 0.003899675 -0.009603539 -0.02770951 -0.01674368 0.004309356 -0.01405579 0.01344559 0.007079609 -0.006209805 0.00707322 -0.01578727 0.01093166 0.03465499 0.02210762 -0.0824482 -0.001644767 0.003512923 -0.005962144 -0.002021667 -0.008793788 0.001550243 -0.004387639 0.004160423 -0.01690405 0.05687356 0.01395356 -0.05041184 0.003738102 -0.007198386 -0.0001128903 0.01558868 0.0006126409 0.04565058 -0.02366 0.007392559 -0.01847538 -0.01182492 0.0124404 -0.02721988 0.001862165 0.002474247 -0.00110878 -0.001170635 0.008349886 0.01763961 -0.03797743 -0.2004877 -0.3531972 -0.003521977 0.01009827 0.02344309 -0.004520166 -0.001049138 -0.003205298 -0.007536299 -0.01348696 -0.006182185 0.01405657 -0.00835417 -0.002331643 0.000346486 0.01702028 0.01042909 0.02830917 -0.06612139 0.02041011 0.008392688 -0.01427399 -0.004571236 0.01775065 -0.001162246 0.02879154 -0.01349146 0.01196846 -0.01673298 -0.002749733 -0.004298499 0.002150291 0.01835918 -0.06527127 -0.05307506 0.003747412 -0.003925437 -0.008940446 0.01383041 -0.003076033 -0.009889926 0.003962722 -0.004207073 -0.03488421 -0.006217997 0.04960328 0.0737834 -0.0420489 -0.06617071 -0.07493398 0.002044607 0.009042667 0.01683388 -0.002271544 0.008804727 -0.001150842 0.0003159982 -0.004647886 0.001085018 -0.01194279 0.00952661 -0.009577743 -0.001559477 -0.009824604 -0.02701978 -0.007655419 0.005410632 -0.02303177 -8.126302e-05 0.04058342 -0.04387147 -0.0133764 0.002450554 -0.02572669 0.003566463 -0.0007047089 -0.03114723 0.01303806 0.002918978 0.00725351 -0.01461702 0.01352278 -0.01507059 -0.05336519 -0.05511067 -0.1796809 0.004511573 0.002737809 -0.004965606 0.002918292 0.03614292 0.04515616 0.08122762 -0.01476827 -0.5678403 -0.0139895 0.004203746 -0.004724245 0.003715817 -0.006479251 -0.02172486 -0.004560589 -0.00600142 -0.003229938 0.006361768 -0.01098306 -0.02499276 0.006478925 0.003425112 -0.00100493 0.02332554 -0.01023114 -0.006245608 0.001591687 0.02282134 0.02742294 0.005958578 0.001144569 0.01679901 -0.003227341 0.004613987 0.001733596 -0.002071939 -0.007310173 -0.007379533 -0.01660845 0.005657744 -0.01391699 -0.001258427 0.006881099 0.0336926 -0.02431256 -0.004575109 0.03775576 0.008859284 0.01209704 0.01022399 0.009724069 0.0003837423 0.006633877 -0.0005566492 -0.01696129 0.03180227 -0.007792633 0.006266668 0.00712273 -0.006892975 -0.003656561 -0.0195016 -0.01783895 0.003744958 -0.0153615 -0.00310355 -0.01077655 -0.02587686 -0.1054167 0.04699519 -0.004688445 0.01182123 -0.006333001 -0.003832503 0.01460053 -0.01165217 -0.0254638 -0.007674254 0.006878333 -0.01440626 0.002123613 -0.008703959 0.006457574 -0.001466181 -0.002171608 -0.01843935 -0.02593019 0.02117049 -0.01105672 -0.02348404 0.03777183 -0.03911559 0.0004196134 -0.000741586 -0.01961043 0.01687043 -0.02157797 -0.04963723 0.0008603795 -0.003317587 -0.01483092 -0.03317928 -0.009565701 -0.05131019 -0.02045581 0.006244048 0.03497867 -0.01493458 0.01841544 -0.01769663 -0.01203265 0.01563425 0.0001946138 -0.007071767 0.003060557 0.01524139 0.007297691 -0.007683649 -0.0282804 0.005062871 0.007170718 -0.009309928 0.0006827195 -0.0130038 0.0003545741 0.001903192 0.004919261 -0.01314869 -0.005548618 -0.005035091 0.004706168 0.002589685 0.006550238 -0.02428974 -0.0004437971 -0.008195622 -0.01024527 0.006873783 0.0166747 0.01531255 0.006517522 -0.004995517 -0.01483039 0.002169429 0.001544665 -0.03259331 -0.000828411 -0.0440253 -0.002521257 0.05278552 -0.022022 0.02329849 0.001151514 -0.01723211 0.01120078 -0.003214638 -0.004670173 -0.01320127 -0.004403715 0.01855291 0.04562985 -0.03569062 -0.01240713 -0.02469805 0.008096354 -0.001482187 -0.02622011 0.01256901 0.02235176 0.003170886 -0.005652323 -0.005749881 0.0001712786 -0.01108271 0.001499431 0.03128069 -0.004566591 -0.009467747 -0.007890881 -0.002346873 -7.068168e-05 0.004724284 0.003424759 -0.00848249 0.009880525 0.005163122 0.006637657 -0.01898325 0.0002205116 -0.006593825 0.005375762 0.009869847 0.001073269 0.009170019 -0.006657846 -0.009837199 0.001535692 -0.004109267 -4.299346e-05 0.0006989175 0.01800312 -0.008645117 0.03006309 -0.01382462 0.06016398 -0.3015283 -0.003536615 -0.04069134 0.02157338 0.1291733 -0.08787832 0.06281812 0.004746013 0.01206596 -0.004194138 -0.0105368 0.01484849 0.002842219 0.001669541 0.01481652 -0.01466006 -0.005886457 -0.0009556337 0.006328487 0.06129241 0.08711301 -0.1227494 -0.008155134 0.01454893 -0.005555655 -0.008639032 0.001703479 0.02336301 -0.003401685 -0.01224616 -0.003726927 -0.003211843 0.003160881 0.0191984 -0.006525114 0.004321985 -0.02031551 -0.007187541 -0.002415396 -0.0143687 0.008728154 0.02591046 0.03995334 -0.006071299 -0.0004291887 0.005344548 -0.01691429 0.002509734 -0.01466691 -0.0002639028 0.01443247 0.01722063 0.04821507 0.06277853 -0.07476334 -0.1187392 0.03673593 -0.09829914 -0.01124409 -0.001067325 0.007393559 0.008767001 0.01150912 -0.0369421 -0.007640529 0.02038798 0.008848512 -0.00722615 -0.004615535 0.05906138 0.01560255 -0.001472702 0.009317032 -0.003375863 0.005912116 0.01601295 -0.01336962 -0.001524815 -0.03157092 -0.02560375 -0.0001181875 0.03985951 -0.07341927 0.05785562 0.01248575 0.008745193 -0.01894707 0.02321964 -0.02675745 0.004647456 -0.01484381 -0.02154464 0.005667131 -0.0238774 0.01174906 0.004414897 -0.001849129 -0.00373755 -0.005189545 0.01485079 0.01893966 -0.06973278 -0.008067737 -0.005117002 0.006438388 0.001165607 -0.000382924 0.004514202 -0.007363695 -0.04423601 -0.04499618 -0.07714112 -0.0004597898 0.009518642 0.0001235017 -0.0339428 -0.0003045908 0.05366423 -0.01046497 -0.001921236 0.005027984 -0.03894247 0.02308491 -0.0138835 0.03918545 -0.02901599 -0.02514735 0.006155547 -0.01284533 -0.00376445 0.001391788 0.003260298 0.02960919 -0.1030188 -0.03751445 -0.09112652 -0.01455318 0.006684793 -0.006556488 -0.000910535 -0.008250354 0.0004298771 -0.01674582 0.002311733 -0.02013096 0.007037525 -0.009102266 -0.02104145 0.001084354 0.01807747 0.01339229 -0.00918619 -0.004608966 -0.01396288 -0.001634828 0.007309737 -0.001585844 -0.001947063 -0.002987375 9.005981e-05 -0.009678211 0.01380545 -0.02740256 -0.003022484 0.00798429 -0.01980827 0.02439515 -0.009648575 0.006412436 -0.002241827 0.008111985 0.01096199 0.002393589 0.004084086 0.009379652 0.08169859 0.05735098 -0.2585745 -0.02418819 0.01070903 -0.08150803 -0.0129113 0.01033352 -0.03479303 -0.03900078 -0.02970519 -0.02835563 0.01819574 -0.05925307 -0.07797861 0.006802533 0.001733929 0.01173715 -0.020844 0.02004127 -0.07940225 0.0003924682 0.0245332 -0.001468566 0.006841626 -0.001067363 -0.008971122 0.05065626 -0.02084276 0.0185621 0.02069125 0.01114772 0.08182796 -0.01366263 0.001631288 -0.01153711 0.09846307 -0.03959236 -0.2021676 -0.01870827 0.00832018 0.01273924 0.008156687 0.07799985 -0.1355166 0.0003132434 -0.003247506 -0.03784792 -0.01461179 0.004166009 -0.01507964 -0.002283822 0.02114675 -0.02225574 -0.01228212 -0.001348046 0.01074647 0.005767044 -0.00779298 -0.0235016 0.001188789 0.01062735 0.0008701952 0.01720854 0.007241528 -0.02831788 -0.001859437 0.003432797 0.0008680606 0.01618053 0.03073237 0.08202456 0.1358639 0.01914469 -0.1439335 0.01310765 -0.01125334 -0.005768391 0.005301781 -0.1047329 -0.06007358 0.0003922698 0.006021123 0.004425884 0.07803697 0.04604451 -0.1359298 -0.01077332 0.007303813 0.001837761 0.06478728 -0.02663575 -0.1179644 -0.1405839 -0.01334829 -0.0804424 0.008026592 0.007936148 -0.000806368 0.002029058 0.002861122 0.003776305 0.002619476 0.0069927 0.0129114 -0.002546273 -0.0002597346 0.02341448 0.009715091 -0.01618808 -0.02325398 -0.01103775 -0.000670811 -0.004132456 0.0008558002 -0.01235522 -0.02362327 -0.05042355 0.04989894 -0.02934233 0.007163395 -0.007346217 -0.001854519 0.00150951 0.004137511 -0.05443895 -0.006313063 0.01426106 -0.03201941 -0.008985106 -0.006272919 -0.006736248 0.003475143 0.006525979 0.01926939 -0.0008131708 0.005891599 -0.01015311 -0.003567453 -0.002204645 -0.001658916 0.0163091 -0.01520832 0.02113859 0.01090964 -0.0009495754 0.006070928 0.007485994 -0.002379676 -0.02493576 0.009393923 -0.01463473 -0.0006413339 0.004616034 -0.01067543 -0.02378834 -0.01730482 0.003345354 -0.04512391 -0.01025229 -0.1849425 -0.2853737 -0.005215304 -0.0128839 0.04080632 0.01102042 -0.01866215 0.02175524 0.1085387 0.07535706 -0.5592664 0.007148717 -0.01387917 -0.03962258 -0.00677086 0.0002973826 0.06636495 0.002405037 0.0006343574 0.01360153 -0.0155571 0.0006329623 -0.07212353 -0.001451887 -0.01585674 -0.004134259 -0.01815577 0.01453513 -0.003101057 -0.008381132 -0.0001219789 -0.00843225 -0.01734184 -0.02752707 -0.008063548 0.03534858 0.05811267 -0.05532272 0.005324122 0.000568933 0.006904923 -0.007418826 0.02152204 -0.02010709 -0.01408891 0.0006980022 -0.03335775 -0.001354362 -0.01583549 -0.003419279 -0.000806401 0.004996763 -0.02507866 0.00896943 0.001600081 -0.02016465 -0.0001326497 0.05193638 0.05180863 -0.01151057 -0.007195557 0.007553087 -0.0002288627 0.01789139 0.01740567 0.001262267 -0.002746029 0.0154988 0.01484035 -0.01164839 -0.01915789 -0.06965062 0.00368051 -0.02596476 0.01572994 -0.01628719 0.01160374 -0.007008645 -0.008673951 0.02135961 0.08926333 0.07278276 -0.1820347 0.009039238 0.0005102159 0.01641546 0.003456444 0.04402462 0.0804059 -0.02602717 0.02291384 -0.009193058 -0.009669479 0.01024907 -0.005704544 -0.0127938 0.03291007 -0.03098245 0.107239 -0.01750216 -0.0596949 0.006927267 -0.004218649 -0.001784458 0.005731367 0.002939546 0.01825899 -0.002874605 -0.002048373 0.0203288 0.0006114417 0.006610412 -0.001776743 0.05718915 -0.02583189 -0.0536245 0.002092612 0.009967064 -0.01641245 0.06066245 -0.008903584 0.01759463 -0.1338211 -0.02495025 -0.07873246 -0.0128452 -0.02418223 -0.004185616 -0.06520814 -0.008493718 0.02080511 -0.002322733 0.008163327 -0.01220659 0.004865002 0.01061883 0.02719255 0.003024441 -0.003821855 -0.02207034 -0.002803199 0.01653147 0.03543818 -0.009858299 0.011894 -0.03610434 0.00364269 -0.01143905 -0.01426897 0.001055779 -0.002051601 -0.04079644 -0.0102247 0.01548329 -0.03445183 0.001718395 0.01169538 0.02356584 0.01047882 -0.007546471 -0.01122984 -0.0001782211 -0.001745866 -0.02054517 0.008235756 -0.01159859 -0.01825596 0.01834238 -0.01923678 -0.05362063 0.001016658 -0.005865464 -0.01136124 0.002528605 -0.00924406 -0.02251977 0.09508097 -0.07892559 0.05488975 0.007051543 0.008025631 0.001148098 -0.01356036 0.008118195 -0.03135441 0.00280777 0.001292646 0.003934079 0.01171567 -0.01167597 0.01814768 -0.009564456 0.00169353 0.04482463 -0.007861882 -0.001717981 -0.02426641 -0.001061279 0.008405508 0.003396795 0.002572868 0.005187873 0.02750613 -0.003551736 0.01385281 0.005504598 0.01767211 -0.03824902 0.01408622 -0.02512394 -0.06419092 0.02803402 -0.02211652 -0.002041794 0.03022967 0.01069973 -0.03708483 0.01628302 0.003564354 -0.005646153 0.001913157 -0.01398616 0.009533314 0.001270604 -0.08001682 -0.03101544 -0.07039061 0.01551332 -0.0340391 -0.01112591 0.01273045 -0.001993813 0.02885836 -0.001917658 -0.01459099 0.01288959 -0.007272824 -0.01152969 -0.02082561 -0.0907712 -0.2752681 -0.3580414 -0.09399033 0.05393541 -0.004091579 -0.007492311 0.02267022 -0.008753552 0.01416128 -0.00292748 -0.009846016 -0.01060651 0.005110901 0.04400478 -0.003110885 -0.01111675 -0.003122649 -0.00515839 0.01479632 -0.01879612 -0.005361467 -0.009141885 -0.01994093 0.001292818 0.0177179 -0.007075234 -0.0008139717 -0.003833944 0.01718178 -0.01287225 0.002201501 0.02951658 0.002725069 -0.004463759 0.006964688 -0.008143011 0.01101143 -0.0280898 -0.008604988 -0.02510657 0.06510496 -0.0003537792 0.009547383 0.006061309 -0.003806564 -0.01052261 -0.002501805 -0.005884349 0.01470936 0.05793387 -0.005699176 -0.002326051 0.00579187 0.000397366 -0.002840562 -0.003769337 -0.008809293 0.01466265 0.008425643 0.008913215 0.01264419 0.01186811 -0.003293998 0.01617872 0.03622781 0.01930401 -0.01120088 -0.0003848737 0.01191299 -0.01146012 -0.0240091 0.0100158 0.004569458 -0.004118624 0.00988039 0.004011777 3.165471e-05 0.008011919 0.008279059 0.03140254 -0.009961795 0.01692602 0.002634578 0.06068707 -0.06336694 0.02630293 -0.005830723 -0.008145871 0.008844965 -0.008770611 -0.0001881326 -0.001314278 -0.008182563 -0.006583668 -0.01087698 0.0137424 0.0338531 0.03612 0.01989255 -0.005181057 0.02142622 -0.02688582 -0.05881844 -0.05110684 -0.000281218 0.01271315 0.02461217 -0.02681489 -0.07725705 0.01940474 0.008688904 -0.01016171 -0.01299734 -0.006209977 -0.01279135 -0.009238764 -0.01665217 0.003046922 0.01040349 -0.001472836 -0.02291073 0.01472551 0.002734744 0.001600009 -0.0184633 -0.02709087 -0.067333 -0.07491816 -0.009159915 -0.008538041 -0.007713492 -0.03333138 0.03264455 0.007690198 -0.03875054 -0.01542616 -0.06940128 0.01790374 0.00127059 0.03589911 -0.0244992 -0.01590672 0.03685867 -0.02733985 0.007273562 -0.01573335 0.03100279 -0.004841054 0.05417256 0.01623872 -0.176913 -0.1609767 -0.01355273 0.003074637 -0.0003774678 -0.001008365 -0.002414104 -0.007434829 -0.001937113 0.003827825 0.005969332 0.07136607 -0.01860517 -0.06441166 -0.01294543 0.0128687 -0.02087979 0.009834487 -0.01352611 -0.03044193 0.005802304 -0.01071359 -0.01895472 -0.004274059 -0.003482471 0.00850423 0.0396181 0.003831866 0.0793604 0.004806197 0.01316284 0.03902522 0.001447957 0.003573202 -0.02698998 -0.004679587 0.01171319 -0.003268604 0.003703777 -0.0005754376 -0.0302244 0.009143282 0.01068385 0.005282541 0.00604279 0.003380454 0.01153532 -0.01651113 -0.05012615 0.01250004 -0.02967571 -0.01867103 0.01679942 0.168276 -0.09974682 0.07895075 0.0008734693 0.01585997 0.008028523 0.01241702 -0.01817721 -0.01038957 -0.006200198 0.006310649 0.02478774 -0.008483671 0.006196354 -0.02409234 -0.005575835 0.00386503 0.001763386 -0.002199899 0.001799522 0.004707151 -0.002538144 0.00512047 -0.02625807 -0.009035364 0.004025546 0.01857655 -0.003979586 0.006945979 0.02323635 0.08729734 -0.1165551 0.02570137 -0.008837767 0.01202158 0.03242126 -0.0077978 0.01546411 -0.03399724 0.001572613 0.02290243 0.002056488 0.001002539 -0.006594414 -0.02481328 0.02260768 -0.01568635 0.008384329 0.02255649 0.05044596 -0.2856423 0.0004921299 -0.009652326 0.01082599 -0.02838519 -0.02644402 -0.04639559 0.02279359 0.01123644 0.06110712 -0.01296477 -0.01741488 -0.01061121 0.05581766 0.01152041 0.04288171 -0.02715309 -0.005806534 0.04473152 -0.003505278 0.006913409 -0.02463527 0.04189387 0.03905439 -0.08582803 0.02886321 -0.0008479784 0.0443458 -0.002198141 0.01113308 -0.00549044 0.1957663 -0.1105238 0.09079315 -0.0004158686 -0.00715553 0.001756781 0.007073813 0.003151515 0.01266889 -0.01199383 0.003093109 0.02118549 -0.0001525166 -0.01592718 0.02718804 0.002618643 -0.001417946 0.02907089 0.003878948 0.000315983 0.004035958 -0.004965562 -0.01291975 -0.002363949 0.005688973 -0.01116945 -0.02263352 -0.04169472 0.07928486 0.003149812 -0.01383073 -0.002394447 -0.02463898 0.02044493 -0.01295893 -0.03229475 -0.007699452 0.009735368 -0.02503234 -0.1113168 -0.008990055 -0.3152804 -0.003805538 -0.01063561 0.01276918 -0.04520068 0.02149566 0.05101254 0.01695529 -0.009223139 -0.02061489 0.003335823 -0.02068068 0.03892887 -0.001013103 -0.01640236 0.01554967 0.007088859 -0.006559426 0.0006982768 -0.1472919 -0.1562675 -0.2393428 0.007877484 0.006201569 -0.006636201 -0.003218743 0.003831556 -0.02432647 0.005646404 -0.002510641 0.0143484 -0.02231779 0.006373156 -0.01864608 0.01072736 -0.0008315685 -0.004335946 -0.01512057 0.003656961 0.01652136 -0.01912686 0.004538644 0.002206833 -0.004330681 -0.01236664 0.01349759 -0.04058282 -0.06637096 -0.07325794 -0.007606546 -0.03818611 -0.01482608 -0.06340309 0.03885625 -0.07551613 0.007041369 -0.0177797 0.02744921 0.000729078 0.005792558 0.005127129 -0.1315443 0.02655232 -0.02074888 -0.007194288 0.01237754 -0.02641062 0.001019214 -0.0122178 -0.01551614 0.005760734 0.01947838 0.04599698 0.01424581 0.03267033 0.08236972 0.07165819 0.004747086 0.001868027 -0.001273307 -0.00149286 0.002045632 -0.01029399 -0.003021739 -0.009267881 0.01869745 -0.01436245 -0.002115234 -0.0002529896 -0.011171 0.00394866 0.06159517 -0.002644537 -0.08645134 -0.07710528 0.0378228 -0.01102861 -0.02050979 -0.08803852 -0.01643514 0.01053528 -0.02454761 -0.006767885 0.01801996 -0.002775277 -0.04301827 -0.006684388 -0.001366621 0.004462243 0.01532988 0.0003367272 0.01294247 -0.01123805 -0.00389106 -2.845205e-06 0.01967942 -0.005708458 0.008061987 -0.008677509 -0.005039163 -0.009113706 -0.02086749 -0.003474463 -0.005188829 -0.009916082 -0.005351121 0.002720033 -0.010574 0.01135213 -0.0105576 0.0152397 0.02496111 0.06237059 -0.002500213 0.02262292 0.01089947 -0.02131736 0.01599266 -0.01866644 0.001190197 0.007178328 -0.003059826 -0.003220912 -0.002526933 0.009966803 -0.005114059 -0.006465329 0.003754028 -0.05725607 -0.03958865 -0.1882922 0.02541765 -0.01501833 -0.001880488 0.01393346 0.003287503 0.01230053 0.1184394 -0.05272511 -0.1856369 -0.01700127 0.02365864 -0.009088874 0.009206973 0.01174182 0.02145497 0.01878602 -0.01024095 -0.002584732 0.01037704 -0.0008594262 -0.007356453 0.005543269 0.003896225 -0.02102166 -0.001679349 -0.02440982 0.03538815 0.01791874 0.005096324 0.04519234 -0.1009493 0.02707172 0.018569 0.02144081 -0.005308431 0.02025866 0.00586297 -0.01317035 -0.009951382 -0.01088494 0.001664966 -0.01796111 -0.01453476 -0.007576874 0.002864768 -0.01287103 0.004780646 -0.02363426 0.005433161 -0.007762048 0.002273065 0.008709334 0.009071061 0.003653564 0.00624834 0.008352213 0.01619555 0.01179023 0.005416948 -0.01620868 0.01757341 0.08022045 -0.1929774 0.01255706 0.007935312 -0.002323299 0.001315862 0.001057314 -0.0118948 -0.01612432 -0.004198069 -0.01546244 0.01166537 0.01774151 0.02459256 0.0176987 -0.003154434 0.02743405 -0.05582095 -0.05026997 -0.07383617 -0.0001732926 -0.004086638 -0.01305514 -0.002508826 0.007199403 0.009417319 -0.0012395 0.01482334 -0.01569313 0.007538639 -0.001109974 -0.007185294 -0.09670883 -0.01557718 -0.072131 0.1112577 0.1348176 -0.3896134 0.1013988 -0.05668354 -0.1267844 -0.0781931 0.06078355 -0.003718804 0.01264382 0.02945959 0.07027888 0.02278723 -0.009299425 -0.01316445 -0.008192178 0.01884904 -0.001128669 0.01024558 0.001010977 0.002267764 0.01607972 -0.001701552 0.02421515 -0.007350865 0.004130151 8.863675e-05 0.01471633 -0.006033221 -0.0022267 -0.04002007 0.007660966 -0.01483562 -0.01898236 0.006685393 -0.0004509157 0.008698199 0.001450921 -0.00337465 0.007303808 -0.009303221 -0.01453103 0.00659734 0.009469275 -0.03505251 0.008847203 0.005772378 0.01704003 0.003123023 0.0317966 0.03975532 0.07063717 0.06263484 -0.2485131 0.002260406 -0.01685112 -0.01966967 0.09198944 -0.06355617 -0.5956354 -0.00273101 0.02805324 0.02887908 0.01573868 -0.07886454 0.02863088 -0.006893456 0.005284775 0.01816217 -0.01291748 0.007384392 -0.008667971 0.002171148 -0.002932256 0.02794128 0.05902572 -0.1441629 -0.007318175 -0.002369489 -0.00433602 0.001723264 -0.009631995 0.00262745 -0.01318722 0.0004869518 -0.01205833 -0.005386685 -0.009207901 -0.01348374 -0.008176639 0.006436814 0.02047776 0.03339341 -0.07102621 -0.03241836 -0.001775279 -0.01071965 0.006191313 -0.007692921 0.01149587 -0.01891649 -0.009470343 0.002250892 -0.01313898 -0.0161715 -0.01211224 -0.003652893 0.0246732 0.004768696 -0.003671084 0.004579701 0.1341062 -0.09107225 0.06631169 0.002342975 0.006034044 -0.02974898 -0.0009064297 -0.005794745 -0.01290807 0.01047309 0.004144482 -0.01738 -0.01158421 0.001937348 0.02050004 0.01324111 -0.0007624774 -0.01616127 0.008226331 -0.01042924 -0.03903733 -0.0009899135 0.01352105 0.02269752 0.04714812 -0.02374169 0.0270736 0.003675335 -9.050861e-05 0.02700675 0.01162977 0.0296148 0.05080275 0.0002864418 -0.009664468 -0.006393303 -0.0382004 -0.01515085 -0.03294833 -0.01021952 0.02093542 0.03288095 -0.002315885 -0.004789026 -0.001148923 0.02426694 -0.006661968 -0.004278465 -0.01053084 -0.003242072 -0.02519605 0.0006328342 0.01707547 0.03137108 0.001725223 -0.01212627 -0.01822244 0.006007553 0.02983775 -0.0417014 0.03640565 -0.01505565 0.03943984 -0.01183866 -0.005342249 -0.01115813 -0.01025845 0.01300803 -0.02772793 -0.01070407 -0.03164362 -0.0005914671 0.002146982 -0.0121601 0.001816803 -0.007476031 -0.01123315 0.04059103 0.0002635908 0.0125038 -0.01728814 0.009340797 0.01347944 -0.001788373 0.01195568 0.009022193 -0.01953497 -0.00322074 0.01043625 0.003903416 -0.01465011 -0.001714896 0.02204499 0.006119162 0.02875589 0.00482788 0.01300051 -0.004386295 -0.01482182 -0.1371464 -0.3377003 -0.5438234 0.0126398 0.009472998 0.02026327 -0.006068889 -0.002320006 -0.05547193 0.2297191 -0.1376232 0.1258244 0.00053772 -0.003234545 -0.007497895 0.0006645587 -6.535905e-06 -0.009752451 0.0231147 -0.0583304 -0.03988219 0.01109243 -0.002467372 -0.01673887 -0.002604737 0.008929761 0.01304342 -0.0004735026 -0.0005669779 0.009544534 0.004506764 0.03406198 -0.03761026 0.01702808 -0.01385463 -0.0007655537 -0.009304252 0.003512223 -0.02107952 0.02353482 0.0002907311 0.02822784 -0.008860938 -0.02755928 0.02143493 0.001924195 0.01103774 -0.01657823 -0.01816366 0.0159052 0.02207194 0.001255011 0.0228112 0.007189716 -0.008486211 -0.0004740636 0.01320771 -0.01412142 -0.002766535 -0.006359047 0.001023449 0.00275203 0.02924482 0.009362239 0.03383486 0.04960231 0.0002431278 0.007751336 0.003063043 0.009953149 0.03173935 -0.0257373 0.00350016 0.007772792 0.009536848 0.001016234 -0.02298914 -0.02830062 0.01365069 0.02980458 0.004547604 0.009807914 0.03794791 0.04092386 0.01271379 -0.01972324 -0.03947096 -0.002692472 0.0103401 0.01005291 0.00591912 0.01142932 -0.02863294 0.01113974 0.006077758 0.0275615 0.008637086 0.008612037 0.01084224 -0.03098953 0.03097367 0.0268071 -0.01692678 0.01825382 -0.0003464995 0.04293088 -0.02669972 -0.003766219 -0.00551052 0.008297401 0.07276884 -0.0141752 -0.001663267 -0.002359706 0.0224106 0.0007256997 0.08440302 -0.09426595 0.05720234 -0.2045361 -0.09281022 -0.02013568 -0.2618116 -0.007177835 0.01394523 -0.005856573 0.001800877 -0.006764393 0.02955325 0.008880444 -0.01580375 -0.01795691 0.002064106 0.02973198 0.04456928 -0.004105016 -0.00430361 -0.008978418 -0.02636215 0.02229552 0.02649382 -0.003416746 0.001258118 -0.0005494198 -0.01340114 0.003035074 -0.030203 -0.004288775 -0.007298388 0.02775972 -0.02095979 -0.02327186 -0.004070415 -0.07591628 0.02936795 -0.09549056 0.00390691 -0.01215431 -0.02847397 -0.01503165 -0.04082844 -0.008551748 0.02406165 0.004763566 0.05279515 -0.01476772 0.04329476 0.04251937 0.003782083 -0.01189799 -0.02984251 0.01702252 0.002442157 -0.02315339 0.01060128 -0.008510269 3.903078e-05 -0.00916468 0.00867011 -0.001823719 -0.006945472 0.0019887 0.01018041 0.004205421 0.006673886 -0.0264646 -0.04861188 -0.03865864 -0.2952031 0.0456741 -0.009754157 0.04282525 0.008787341 0.007885264 0.01399053 0.02191696 -0.04516006 0.03521525 0.00175358 0.002777422 0.02154886 0.024405 -0.02088237 -0.01310787 0.009613421 -0.008891877 -0.01210105 -0.00486141 -0.0005196146 -0.001683845 0.007889949 -0.005976874 0.0009544324 -0.01228349 0.01400935 -0.009250592 -0.03090395 0.02631698 0.07230463 -0.003249239 -0.007419674 0.04088971 -0.002864245 -0.008045154 0.01105316 0.008451093 -0.004839509 -0.01682315 -0.05067231 -0.008475275 -0.03243858 -0.005878508 -0.004816001 0.001315796 -0.03710967 0.008716928 -0.07101066 0.01231435 -0.02752013 0.02659277 -0.005354275 -0.003555778 0.02922689 -0.004555832 0.01216088 0.02200962 0.006186668 0.04347049 0.04507701 0.001239282 -0.008058414 0.01875834 0.02155106 -0.00876295 0.03339529 0.02011682 -0.02268383 0.03328886 -0.08833821 0.04451633 -0.01110504 -0.007237371 -0.005941421 -0.02144803 -0.01374061 0.003387526 -0.01301337 0.01669326 -0.01294923 0.01301482 0.04191143 -0.003574689 0.07027297 -0.04689967 -0.00877877 -0.0359135 -0.01160036 -0.007675542 -0.02439766 -0.007289603 -0.01496467 -0.004707961 0.02157271 -0.008295944 0.01467557 0.002091792 -0.01396468 -0.01800014 -0.02562007 0.01968575 -0.01194347 -0.01840032 0.004930655 -0.02452165 -0.02729847 0.02515639 0.01898333 -0.00168664 0.00951536 -0.003522064 0.003127553 0.01069292 0.02968065 0.02588602 -0.0107994 0.03266022 0.005223539 -0.005378259 -0.008971347 0.07811493 0.02785263 -0.3932877 0.01246447 0.001304224 0.03357558 -0.001133852 0.007509086 0.02313567 0.001067084 0.0004243461 0.01273087 -0.001591548 -0.005472804 -0.02155425 0.007184629 -0.01621189 -0.01838475 0.2658652 -0.1529487 0.137813 -0.001068227 -0.01052968 0.0008615265 0.003141392 -0.01629062 -0.02277223 0.03156864 0.05067831 -0.05481412 0.006841846 -0.005503861 0.01042717 -0.01203098 0.0006823438 0.01700609 0.01931904 -0.01053127 -0.01721407 -0.1279151 -0.01632586 -0.08614828 0.1078996 -0.07834329 -0.2441828 0.007297576 0.04812025 0.05167086 0.04121285 0.09348774 -0.03471619 0.01709143 -0.009253868 0.01526161 0.01567663 -0.004435539 0.02353805 -0.002228152 0.003874 0.00689339 0.009594832 0.005756103 0.0166145 -0.05071828 -0.006454241 -0.03495631 0.01039192 0.01204081 -0.005899212 0.004514929 0.03866095 -0.1075891 0.03269377 -0.005366877 0.04694766 0.03431252 -0.02292613 0.04047472 -0.04945503 0.03946214 -0.06653962 -0.009553794 -0.06448081 -0.01040757 -0.08341139 0.007647255 0.02151934 0.002086904 0.01036658 0.008906749 0.002619034 0.01513423 0.009175123 -0.004646994 -0.001966769 -0.04864469 0.002700359 0.01533438 -0.02230895 -0.009735227 -0.05302041 0.02478093 -0.002687975 0.02376564 0.005403076 0.008547915 -0.009558337 -0.004970922 -0.08111938 -0.0005809533 -0.01132911 0.001146075 0.01961219 0.02466267 0.01262631 -0.01805695 -0.04006912 0.0001040441 0.01416783 0.01956487 -0.008311223 -0.006014429 -0.003587297 0.04901799 -0.008802808 0.06465187 0.01026607 -0.02687838 -0.01723705 0.006794572 -0.001857553 -0.002334236 -0.006423443 -0.006186591 0.007608273 -0.000825725 -0.003488739 -0.01618903 -0.01263136 -0.04083978 0.02190719 0.005099856 0.002895076 0.0114331 -0.01124698 0.01130124 -0.02818153 -0.004400938 0.007396309 -0.0009456938 0.04310127 0.1458573 -0.458433 -0.01232519 0.005433148 -0.01986207 0.01135736 0.02757832 -0.02182218 -0.008668896 0.002834389 0.01035718 -0.01161366 -0.006243974 -0.02127694 0.0003994224 0.007799784 0.04037543 -0.009594876 -0.0004365164 -0.004751048 0.009055641 -0.001374798 0.011677 -0.00254064 -0.002011679 0.02183265 0.04391772 -0.02497762 0.01255574 0.01488649 -0.01349469 0.02088589 -0.00276114 -0.004486796 0.003414311 0.01620466 -0.01291536 -0.007030952 0.005398915 0.007922174 0.0008142861 -0.007155057 -0.01299351 0.01895071 -0.002578344 0.01151437 0.00629091 -0.06161755 -0.03473555 -0.1023206 0.01379193 0.02871499 0.0039268 -0.007986832 -0.00463219 -0.01718081 0.0251605 0.08713354 -0.55373 -0.002781596 -0.0003813579 0.005403702 0.0004423303 -0.001511956 -0.04357051 -0.0343098 0.03748035 -0.03685289 0.006639831 0.02482776 0.0009382972 0.1205899 -0.0692096 0.05081923 0.004644908 -0.009137776 -0.001315667 0.00114156 -0.006289251 0.01056191 0.005252827 0.005898146 0.0003761286 -0.01138636 0.01146388 -0.02319155 -0.01164091 0.002055515 0.005016339 0.01226518 -0.005440469 0.008365418 -0.01511564 0.001521135 -0.03741465 -0.01351384 -0.00211297 -0.02804491 0.0020644 0.00233675 -0.008088953 -0.006978157 0.001189323 0.004274544 -0.005739159 -0.016577 0.01771282 -0.004273913 -0.0006020031 0.001081017 0.009248596 -0.0007557579 -0.005684233 0.01217506 0.006130114 0.01899878 0.002811652 -0.007465456 0.01997356 -0.0006457041 -0.01309808 -0.0057028 -0.01059988 -0.03081897 -0.02167917 0.01646529 0.01324807 0.0516183 -0.07697966 0.05995875 -0.00486765 0.003207904 0.008913666 0.02024949 -0.001272384 -0.008873481 0.001954743 0.007164752 -0.005825732 0.00178514 0.001247015 -0.006577045 -0.01820141 -0.01433371 -0.0005462709 -0.07364722 0.003887058 -0.001613017 0.004309678 0.01151099 0.008083101 0.001199719 0.1028312 -0.05789975 -0.1197097 0.006243114 0.002455218 0.01438121 -0.004892107 0.006959133 -0.006680048 -0.00172783 -0.008232637 -0.0139156 0.01222646 0.003090781 0.006881134 -0.004924334 -0.0060727 -0.004415869 0.04146919 -0.03736966 -0.007298498 -0.0010668 -0.00500006 0.00728218 -0.00949451 0.0003999845 -0.01577404 0.003434528 -0.01080864 -0.02989535 0.01160048 0.004990766 0.01190809 0.01895613 -0.005914086 0.002835752 0.02151213 -0.02177786 0.02830119 -0.02252926 0.03555374 -0.01888167 -0.002068385 -0.0136545 -0.004776568 0.01147735 0.02975414 -0.01498331 -0.007993162 -0.02545291 0.02098363 -0.005253627 -0.00745891 -0.01116095 0.01388821 -0.01175651 0.02073151 -0.008359917 0.009881014 -0.0282686 0.006711651 -0.0007463734 -0.02892496 -0.1142505 -0.06575531 -0.1400776 0.003782731 0.01415939 0.02032951 -0.004602383 0.01174237 0.02942124 0.003292427 -0.004371328 -0.004722818 -0.03362729 0.03419331 -0.03496392 -0.00804152 0.001415141 0.01122518 0.01366752 0.001246236 -0.003182074 -0.0439482 0.04519516 0.0495892 -0.001308493 -0.009538569 0.007862543 -0.05939039 0.1007018 -0.1518433 0.01193747 -0.02775965 0.02853371 0.01206838 0.02722931 0.03193915 -0.007378689 0.008490786 0.02757327 0.002396275 0.01123497 0.001750854 -0.007811188 -0.001316948 0.001320184 0.006022152 0.0165251 -0.06474679 -0.0144105 0.005058458 0.01603641 0.002732493 0.01015832 0.02380174 -0.001060169 -0.003104499 -0.006638712 0.004517351 0.003829952 -0.01568521 0.007134602 -0.0003795902 -0.001932538 -0.02298499 0.03275955 0.03309128 0.003461905 0.01355795 0.01215361 -0.1105281 -0.06309048 -0.122368 0.003089808 0.00580921 -0.02073699 0.00209152 0.005685092 -0.02950706 -0.009163018 0.007018294 -0.01130198 -0.008064073 -0.008265143 0.0003256658 -0.01967973 0.01208135 -0.01662217 -0.08292758 0.063209 -0.0004628124 -0.00252629 0.02915167 -0.03198047 0.007489864 -0.009265303 -0.03013574 0.002241467 0.01860181 0.01879844 -0.0006676572 0.001681851 -0.02838718 0.0711432 0.06521346 -0.1167546 0.001843591 0.001476685 0.02976782 -0.00335386 -0.01110491 0.02666995 0.007278776 0.008955144 -0.03659097 -0.0009456831 -0.002785698 -0.005834415 0.02350624 -0.04467055 0.04870287 -0.01049276 -0.002140789 0.01449941 -0.0168268 0.001648925 -0.003872751 -0.001380488 0.02343455 0.007583291 0.04634752 -0.05372375 0.01621704 0.05721155 0.01102286 -0.008970874 0.004178826 -0.004414238 -0.001137695 -0.01406215 0.0008350426 -0.05710487 -0.0271889 0.03929513 -0.04591453 0.00603059 -0.01286137 -0.01639425 -0.006460446 -0.005459484 -0.003550733 -0.0004452686 -0.006426095 0.04350427 -3.488688e-05 0.02215132 0.07015821 -0.0184554 0.007150705 -0.02370163 0.00103004 -0.003604874 0.01612294 -0.008423317 0.002445331 -0.002679235 -0.005279615 0.01410165 0.004487433 -0.0112527 0.004815548 0.02041314 -0.07681181 0.002636338 -0.01535945 0.005760488 0.02177785 0.02673381 0.01210571 -0.00232745 -0.009317654 -0.06542462 -0.05885998 -0.07116075 -0.03025084 0.01364487 0.06540215 -0.002452828 0.02351811 -0.01292724 0.05140144 -0.09880716 0.0556943 0.0881699 0.01578462 -0.5220632 -0.01262525 0.02139035 0.008135871 0.01122631 -0.01650636 -0.02150769 0.02453069 -0.1166373 -0.02489613 -0.00130805 -0.003412368 -0.001346505 0.01064294 0.03641302 0.04200192 -0.006122779 -0.005430827 -0.007315471 -0.3192807 -0.2396944 -0.9005405 -0.006215896 -0.005508112 0.02880717 -0.009760324 0.001571862 0.005645783 0.1890284 -0.1173989 0.09834601 0.2267396 -0.1365058 0.1293068 0.001368005 -0.003922852 -0.02712146 0.04505949 -0.025248 0.09103517 -0.01077461 0.06298603 -0.2759091 -0.08888726 -0.02441678 -0.07184451 0.001195632 0.008150723 0.01530131 -0.005247361 -0.0004132687 0.006460712 0.001197037 -0.009370867 -0.02835074 -0.0008338722 0.008865056 -0.01372576 -0.01755751 0.02897641 -0.009659777 -0.0009024176 -0.01444024 0.003327326 -0.008410621 0.0006655325 0.01008537 -0.001530017 0.002963533 -0.02579135 0.0009686393 0.01133122 0.02101208 -0.02237042 0.03415783 0.03364376 -0.3798651 -0.2622939 -0.83695 0.00894244 0.002162369 0.01279489 0.004503567 -0.006582879 -0.007383741 0.1050938 -0.08215381 0.05720294 -0.02153248 0.008570692 -0.01745712 -0.01585187 -0.001663976 -0.002355221 0.009320814 0.001286142 0.01476619 0.004849462 0.02685813 -0.05645483 -0.1515892 -0.08813791 -0.2193138 -0.002852508 -0.01171844 0.01093996 0.001089842 -0.006016314 -0.007934696 0.0324257 0.05198177 -0.05525392 0.00300694 0.007453287 0.01014596 -0.08429853 0.06403153 0.004608343 0.009074334 -0.006671311 -0.00979058 0.0009076898 -0.009764243 -0.00255572 -0.05286918 -0.02611643 -0.09915005 -0.002889029 -0.0005970671 0.00784837 -0.08729521 0.03128692 -0.01323259 0.01994263 -0.02021512 -0.01853751 -0.001796659 0.001056837 -0.02322239 0.008761715 0.0003411343 -0.002275533 0.005286772 -0.001508802 0.03266716 0.00667543 0.006758021 0.006463286 0.006976476 0.0009393414 0.007836639 -0.0155198 -0.01523347 -0.01894291 0.01509947 -0.00961327 0.001566214 0.09572309 -0.002257502 -0.213338 -0.01784676 0.04304381 0.002554775 -0.005555462 -0.005373623 -0.02622626 -0.007817101 0.01949323 -0.02035365 0.0548391 0.001680473 -0.08418873 0.008495007 -0.01953327 -0.0165632 0.007737551 -0.0008882339 0.003729985 0.002607279 0.03292633 0.03791762 0.00655124 -0.006550064 -0.0112547 -0.09984501 0.04847674 -0.2301534 0.01789721 -0.009986753 0.002065909 -0.003978364 0.003165625 -0.02374235 -0.06690994 -0.05937804 -0.07502181 0.02840577 -0.01047083 0.03736952 -0.028272 -0.00942436 0.04179697 -0.07410681 -0.1079886 -0.1970169 0.01259064 0.03117679 0.04152567 0.004002952 -0.01413832 -0.01874769 0.01715596 -0.02882439 -0.02837321 0.004111376 -0.006989082 -0.003338891 0.0075848 0.01441237 0.01392425 0.003328301 0.008373234 0.002424696 0.001066387 -0.01150477 -0.003383377 0.007387355 0.03805962 0.0447507 0.01477315 9.185553e-05 -0.007086487 -0.02306211 -0.01718307 -0.001604027 -0.09798114 -0.02701516 -0.1731649 -0.002808351 0.007939955 -0.01528969 0.004205626 -0.0013067 -0.01883579 -0.001251135 -0.001404798 -0.02966793 -0.01103264 -0.001885125 -0.004980746 -0.00943258 0.01192409 -0.004576146 0.004983545 0.003161175 -0.01437607 0.06936553 0.06247045 -0.3444706 0.006858778 -0.006808819 0.02798512 -0.0001347451 -0.01996087 0.01737925 -0.009438202 0.00447301 -0.007907159 0.002005078 -0.02412987 -0.03070438 0.01610146 -0.000960037 -0.0003900537 -0.04771761 -0.0204156 0.01683905 -0.01692526 0.02181473 0.02809793 -0.004127921 0.009154993 0.01452185 0.02114696 -0.01037544 -0.0325082 0.002526116 0.007889446 0.02231482 0.002063979 0.007129104 0.01221688 0.009824637 0.002958794 -0.001589498 -0.03272371 -0.02402789 -0.03020385 -0.01190589 0.004723787 0.003032678 0.007203658 0.001804229 -0.03341397 -0.0230646 -0.006627737 -0.0239431 0.008623831 -0.008233413 -0.01122399 0.009736679 0.00269722 -0.007535725 -0.01691177 -0.0007739047 -0.01219939 -0.01534176 -0.02520335 0.05561896 -0.003979591 -0.0003036008 -0.02014865 -0.0002794578 0.01434884 -0.01822787 -0.008717038 0.02003193 -0.02219079 -0.01650563 0.004175002 -0.0144044 0.01378075 -0.003726137 0.07135609 -0.004673089 -0.002813099 0.00456743 -0.01907049 0.01413804 -0.008776131 0.01137857 0.006875334 -0.003524135 -0.005873836 -0.009608813 0.008759671 0.02069457 -0.01826193 -0.05224586 -0.01403903 -0.002961572 0.01375475 -0.02549477 0.009583866 -0.01526358 -0.009993646 0.003700905 -0.01925597 -0.02157822 0.009819105 -0.01737233 0.007744171 0.004506309 -0.01847089 -0.01668793 0.009142661 -0.01524024 -0.04804471 -0.02267044 -0.155747 0.00927316 0.01168041 0.01060833 -0.0008760612 0.008300183 -0.03892068 -0.006085914 -0.01694873 0.05958475 -0.01879719 -0.0002549681 -0.02075286 0.02051174 -0.0035633 -0.07341299 -0.1177684 0.05406523 -0.214914 -0.001270812 -0.004345868 -0.003554321 0.002911993 0.01352111 -0.02168156 0.05711042 -0.01423422 0.05760924 0.004920293 0.009814041 0.030558 0.02561598 -0.02488044 -0.01938798 0.02552656 -0.007543059 0.04297478 0.06733704 0.05944305 -0.1088422 -0.1322301 -0.3270631 -0.5750425 -0.2246813 -0.1507898 -0.3158968 -0.008623924 0.01026155 0.005107333 0.005322488 0.02955651 -0.05217162 -0.007078699 0.003806423 -0.0194215 0.01448129 -0.008844614 -0.003786835 -0.02200333 0.008110862 -0.004576261 0.001535219 0.004066514 -0.02625208 0.0002346714 -0.005416115 -0.001116245 0.003836681 0.002003908 0.02218162 0.008217975 0.005885568 -0.01052062 0.006838754 0.005440645 0.01208595 0.0008826503 -0.01262395 0.01847243 -0.01458003 -0.01043642 0.04103262 -0.02294786 -0.1229805 -0.1147822 0.001644511 0.02260188 -0.003484058 0.007450164 -0.008449258 -0.02664188 0.001758893 0.00216629 -0.01459608 0.04782772 -0.0448199 -0.008910819 -0.01513357 0.01700708 0.05815268 0.00297324 -0.009796787 -0.01511164 0.0093164 0.02760727 -0.0484679 0.02132145 -0.01116008 0.02446103 -0.02055288 0.004895194 -0.01495588 -0.01588733 -0.003758898 -0.01595031 0.004354131 0.01307428 -0.01037637 0.01858759 0.000299736 -0.05719144 -0.006229333 -0.004577238 -0.004597935 0.08783221 0.0703982 -0.1936644 -0.01034672 -0.009002099 0.003054493 -0.001278867 0.005504126 -0.02253928 0.01291223 0.001673039 -0.02669778 -0.00370929 0.02291435 0.0547015 -0.04508918 0.0309708 0.03552034 0.01119451 -0.02049759 0.02574113 -0.006956812 0.002594113 0.001113911 0.006832529 -0.02348252 0.04307251 -0.0004871818 0.009280231 0.01335772 -0.000381052 0.02180571 -0.01609967 0.02132591 -0.01319351 0.01019542 0.002974991 0.001172453 0.003569887 0.01263201 -0.00629833 -0.01048708 -0.005204357 -0.002962001 0.007719249 -0.00700128 -0.007527016 -0.0105816 0.01322581 0.02318478 0.02938528 0.006013304 -0.007317592 -0.009731005 -0.02627729 0.01505322 0.01760448 0.006585744 0.01312709 -0.00735833 0.004590139 -0.004634376 -0.01832992 -0.02004577 0.004692907 -0.006867497 0.004482089 -0.0207504 0.01950837 0.0139368 -0.006246858 -0.0123373 0.007710584 0.0265131 0.02352392 -0.004150468 -0.005511377 -0.02716241 -0.01428645 -0.1293896 -0.133739 -0.02080693 0.03499985 -0.01944479 0.0017148 -0.004918182 0.02605421 -0.002986997 -0.002096064 -0.005410547 -0.006373297 -0.002735982 -0.02871955 -0.008038748 0.003458126 0.01453226 0.01367452 0.008884393 -0.004084702 0.004434102 -0.03034778 -0.03259563 -0.03481925 0.01656373 -0.08218526 3.265264e-05 0.002875024 -0.00876722 -0.008244187 0.007826233 0.0197537 0.02135795 -0.02497255 0.03458548 -0.002712547 0.01246317 0.03032531 -0.003148086 0.003676746 0.007459213 -0.1254264 -0.00184725 -0.06709476 -0.05309134 0.003687408 0.0270611 -0.02754568 0.03815556 -0.02540669 0.005533796 0.01091493 0.007804322 -0.0001895758 0.04693204 0.07726557 0.002215241 0.01952306 0.02119542 0.01652897 -0.01803114 -0.03271902 -0.06520569 -0.08848274 -0.5189025 0.0001046215 0.007148376 -0.001245054 0.00856078 -0.05288274 0.03622559 0.006027572 -0.01946297 -0.0244397 0.002392557 0.02010685 0.02866533 -0.004576344 0.007272836 -0.02136791 -0.1345874 -0.1065298 -0.1580476 0.2279908 -0.1238282 0.103859 -0.2724216 -0.1897728 -0.6948493 -0.01025541 -0.0003827306 -0.04881734 -0.01563199 -0.002378285 -0.02388701 0.01805471 -0.008136218 0.03645394 -0.01432353 -0.07240981 0.0517475 -0.001006323 -0.001874015 0.0125339 -0.03768144 0.01357327 0.06152039 -0.004949182 0.05323682 0.06079104 0.0006351736 -0.00346963 -0.0009774463 -0.000612888 -0.009500211 -0.02808039 -0.04466958 0.03618631 -0.05918554 0.005586464 -0.01334966 -0.03291016 0.03810637 -0.07630165 -0.08321445 -0.004694963 -0.01244608 -0.002205594 0.0008625207 0.01815138 -0.003973632 -0.003547481 0.02091439 0.0041336 -0.006507191 -0.002221342 -0.008233978 -0.01743898 0.03130333 -0.01510222 0.0008962755 -0.0007592546 -0.02597495 -0.008209502 -0.009914661 -0.006490636 0.001849603 0.01832492 0.01749856 -0.01796581 0.0003398099 -0.02131343 0.0065603 -0.005005091 -0.006157248 0.06107 -0.03048058 0.03052755 -0.0021949 -0.005285679 0.005048365 -0.09236762 0.01526146 -0.1435396 -0.01035525 -0.01074616 -0.01834651 0.01184197 -0.01408152 -0.006834873 0.2682452 -0.1504866 0.1356755 -0.009301551 0.006694676 -0.0274059 0.0005357317 -0.004677281 0.004755394 0.007769909 0.0004424156 0.01102784 -0.005983505 0.0085938 0.00675304 0.001370147 -0.0001284665 -0.01070757 0.00479221 0.005777605 0.01516713 0.006035852 -0.01254727 0.01571656 0.03519519 -0.01160649 -0.05396911 0.003329044 -0.001301683 0.004786294 0.007343296 -0.03773662 0.01374132 -0.02841569 -0.07324608 -0.08313616 -0.006872642 0.0005944046 -0.007969947 0.04268255 -0.006632663 0.05567913 -0.07077811 -0.04060064 -0.04115127 -0.005140025 -0.009570496 -0.01914863 0.006349314 -0.008421911 -0.01601158 -0.02865448 -0.03829177 -0.0253948 0.008837055 0.01992686 0.02251601 0.01781518 -0.03070876 0.02718328 0.01966301 0.0001344235 0.04177953 -0.1191816 0.03485186 -0.003076355 -0.001916855 0.002532423 0.003754278 -0.02273209 0.02740876 0.01454176 0.00034578 -0.001711195 -0.005554325 -0.0001632343 -0.003126115 -0.03421144 -0.005214892 -0.005135659 -0.001951835 -0.004568018 -0.001783514 -0.00357123 -0.0004174062 0.00463471 -0.001973846 -0.0102688 -0.008642564 0.003821258 -0.0001631486 0.07144839 -0.2150064 -0.002492614 0.006229438 -0.008728455 -0.003175172 -0.005015751 -0.003562807 0.006392394 0.002293468 0.0006144131 -0.005942467 -0.002809763 0.001199038 -0.01055852 -0.004769724 -0.01848841 0.003494543 0.00828477 0.009536394 0.01489075 0.001493238 0.02431442 -0.0105934 0.001801951 -0.01141304 0.05586373 -0.02743012 0.03419481 0.008661829 0.01063264 0.02127839 -0.002737853 0.005878739 0.007438437 0.001452126 0.04986833 0.04950643 -0.009172201 0.01382508 -0.03593393 0.065135 -0.06605442 0.03522191 0.04231508 -0.01685281 0.03798288 0.005916726 -0.009280195 -0.02738187 -0.00965384 -0.01061846 0.0004602904 0.0006867689 0.00224651 -0.04348821 0.003941667 -0.008794788 -0.03730255 -0.0006454098 -0.002679389 -0.02381108 0.006948866 -0.003633404 -0.007472462 -0.003425534 -0.00604482 -0.008500448 -0.001442022 -0.009683525 0.005818659 0.1264272 -0.06564839 0.07803611 -0.01461277 0.002533201 -0.01332509 -0.005765453 0.004716547 0.02588886 0.01296037 -0.02301568 0.02589169 -0.01040113 0.003555946 -0.00534908 -0.0005642506 -0.02169313 0.002159125 -0.02521625 0.1310166 -0.1809599 -0.06411543 0.04319138 0.04525882 -0.03022937 -0.005824722 -0.02518675 0.009172972 0.006549044 0.02410779 0.0125187 -0.03219944 0.02910073 0.01028783 0.0372958 0.07713804 -0.000325847 0.006885332 -0.03317029 0.005725179 0.02756968 0.02460236 0.008922055 -0.007364072 -0.00736342 -0.01788549 -0.0003287065 -0.01961701 -0.0007383036 0.01791361 -0.02334208 -0.003638826 0.01833871 -0.0230606 -0.07960817 -0.03632703 -0.01388453 0.01185091 0.004039137 -0.01960132 0.005620115 -0.08670034 -0.03756486 0.02703507 -0.02130754 0.003666163 0.006742444 -0.03033574 0.02483677 -0.004105206 -0.003770353 -0.002867213 -0.01103778 -0.009243481 -0.02506978 0.005676656 -0.04495674 0.05602441 0.01279813 0.05111576 -0.03644815 0.00254931 0.01690938 0.01876477 0.002175358 -0.004536547 0.01528691 0.008668218 0.01398016 0.01284213 0.0117612 -0.03765924 -0.001246611 0.0079416 0.008140117 -0.0001016027 0.01380289 -0.04515723 0.0146674 -0.008249212 0.006656498 -0.02401985 0.01774818 -0.1417026 -0.2385919 0.002734635 -0.01128166 0.002790325 0.007642184 -0.0006719249 -0.005165367 0.007166323 0.007400312 -0.03612285 -0.02446655 -0.0654449 -0.07267195 -0.002658357 -0.002066764 -0.004827703 -0.005220476 0.01113155 0.01976329 -0.1040453 -0.0829976 -0.2301723 0.007530313 0.03289782 -0.0340555 0.001073428 0.0007508547 0.0002481351 -0.003094639 0.008716695 0.01392361 -0.02629516 0.01212176 0.01786214 0.003461693 -0.001748778 0.01119861 0.00230686 0.008378914 0.004320771 0.005182215 -0.001394682 0.01623113 -0.009433106 0.001471974 0.006001874 0.1056896 -0.05757685 0.1104273 0.00190248 -0.002685672 0.01495812 -0.005023267 -0.00889072 -0.01054886 0.01121563 -0.007317038 -0.01012831 -0.01550103 0.005642131 -0.01587865 -0.003737878 -0.01086543 -0.04684502 -0.00379562 0.0007557712 -0.002443642 -0.03942778 -0.1106305 -0.1982415 0.03317003 -0.005100358 0.05519439 -0.01180376 -0.0004490427 -0.0005579693 0.008138563 0.02523662 0.03856253 0.006254439 -0.003882775 -0.00410337 -0.01907393 0.01206284 -0.01242069 -0.1229623 -0.02079921 -0.0506886 -0.0006800103 -0.0004201567 0.0294736 -0.006691027 -0.002434766 -0.01480269 0.01050856 -0.004738707 0.001892625 -0.01499499 0.002022391 0.01252932 0.00968278 0.006027354 0.03208615 0.01010571 -0.004352609 0.002621704 0.006827143 -0.008929333 -0.01720492 0.01011625 0.002919512 -0.004694781 0.001793545 0.01441658 0.03601127 -0.1493676 -0.1331182 -0.6346235 0.01027008 -0.002019698 -0.007765978 0.002240919 0.007224722 -0.03116608 -0.0201873 -0.004659396 -0.003730505 -0.009606633 -0.002173796 -0.001390479 0.02935054 -0.0200684 -0.01098557 0.07503287 -0.003943188 -0.03017469 0.002339636 0.003043091 0.02839956 -0.01030079 0.01656456 -0.022774 0.009891454 -0.01289986 -0.006270379 -0.009725537 -0.006039718 0.00222356 -0.04088126 0.00234958 0.02212237 0.0009183926 0.02364685 -0.004188626 0.01008162 0.006207591 -0.01846872 0.001603533 -0.01518304 -0.01449549 0.008179575 0.005292183 -0.001905358 -0.04509645 -0.02018224 -0.06877663 0.0001689983 -0.009389397 0.03211929 -0.005178224 -0.00362663 0.004889132 0.007971734 0.0009585117 0.01782411 0.009523831 -0.00877101 -0.01066514 0.01045794 0.01031125 0.01693401 0.007747621 -0.001195339 -0.01658614 -0.00125081 0.003717497 -0.003749422 -0.281887 -0.209843 -0.819285 0.01009908 0.00963486 0.01607041 0.01152625 -0.006675564 -0.02401229 0.006698307 0.03330948 0.02158722 0.0002624881 0.008781161 0.03954726 0.009184141 0.0009708592 0.01030237 -0.07647767 0.0603005 -0.008119929 0.009252701 -0.009752231 0.02892995 -0.007564421 0.01074427 0.008391836 0.003042745 0.01501663 0.01006534 -0.001529339 0.05237846 0.05512623 -0.002300087 -0.003889913 0.006787938 -0.0003597136 0.01221244 -0.01205639 -0.005730632 -0.007535113 0.001761944 0.01756439 -0.0147511 -0.02396471 0.0004907404 -0.004328809 -0.02784093 -0.004445251 0.007127147 -0.01995493 -0.01143515 -0.004997209 -0.00338735 -0.02638533 0.02293184 -0.01814259 0.0006047529 -0.004263229 0.01561597 0.004135952 0.01625381 0.04843173 -0.01530607 0.003994524 0.01552035 -0.04318658 -0.004369665 -0.04793947 0.003361802 0.01512814 0.01545309 -0.03385002 -0.08297859 -0.03407887 -0.07151422 -0.04870642 -0.30427 0.02726792 -0.01088574 0.03521042 -0.02413346 0.03222133 -0.0237106 0.01092705 -0.0001807603 0.01603127 -0.008368194 -0.04215363 0.06987103 0.003911252 0.005726852 -0.02152863 -0.01054158 0.01408139 0.001439416 0.01079764 -0.01053295 -0.05343056 0.003862445 -0.009086635 0.007499968 -0.009140439 -0.008304294 0.006340959 0.0189416 0.0001350447 -0.06887105 -0.01171408 -0.002861386 -0.01747017 0.005666975 0.001220085 -0.034156 -0.00214192 0.004625613 -0.005729633 0.01396203 -0.003818842 -0.0008938676 -0.0026347 -0.009350505 0.004233287 -0.0007302216 -0.004108989 -0.02357588 0.01065241 0.003129605 -0.007546804 -0.00393157 0.00606032 0.02634799 -0.01108 0.002654711 -0.009037613 -0.01309394 0.004846656 -0.0551992 0.01731755 0.009503214 -0.06485527 0.002970286 -0.0002121812 0.00184954 -0.003601536 0.01278616 -0.02349771 -0.07969787 0.06101756 -0.0007876689 0.004924573 -0.003083955 -0.005866894 0.008482367 0.00531546 0.03184078 0.09050537 0.0447543 -0.4547592 -0.00377676 0.01823566 0.02128021 -0.01873207 0.01710299 0.01614495 -0.005050882 -0.01264429 0.008937896 -0.005159333 -0.003171211 0.0002343887 -0.01480932 -0.003771573 -0.02258329 -0.03207226 -0.002121682 -0.0654058 -0.02945729 0.02186892 -0.01342752 0.008601084 0.02820315 0.06767309 -0.004822574 0.008541064 0.008787357 0.07536093 -0.08147001 -0.1555135 -0.02523279 -0.0233558 -0.01184368 0.02160465 0.02087931 -0.01927515 -0.002438493 0.005801596 0.00676477 -0.01139184 0.0176275 -0.01782745 0.003760547 -0.01009947 0.01100465 -0.02089749 0.0006216374 -0.01591803 -0.005442678 0.005502246 -0.007330458 0.0051133 0.002300266 0.009439834 -0.01532576 0.0115647 0.06269515 -0.01687263 0.01908621 -0.006412174 0.003789459 0.007812332 -0.005996055 -0.03874986 0.01229101 0.06372586 0.007464283 0.003594587 0.005338711 -0.06513446 0.04590213 -0.3822345 0.01463106 0.005669782 0.01877014 -0.006586961 0.006121317 0.01217233 1.570256e-05 -0.005452789 0.008384516 -0.002371587 0.006700534 -0.007971407 -0.003352355 -0.006897504 -0.005357313 -0.004154037 -0.01098696 -0.007084592 -0.007924456 -0.008404788 0.004847438 0.009897351 0.03538318 0.02070418 0.008241888 -0.005490029 0.001770779 -0.00623697 0.01361817 -0.02475385 0.009791594 -0.002491064 0.002392438 -0.03790098 0.03329831 -0.001100007 0.01006694 0.03799325 0.08488704 -0.04970026 0.03122501 0.04120186 -0.01194537 0.01340671 -0.009142405 0.00164966 0.009257028 0.0279809 -0.03293149 0.03072443 -0.02027281 0.003044408 -0.003737541 0.01488393 -0.01006658 -0.01073745 -0.01233506 -0.1224136 0.01451351 -0.03851968 -0.00254755 0.006658155 0.003774521 0.02355047 0.0008636602 0.02786104 0.1991055 -0.1217593 0.1026227 0.006963894 0.02995796 0.02435552 -0.009308394 -0.001800794 -0.005280229 0.1073572 0.02008872 -0.3139749 0.01350664 0.007370193 0.003347603 0.009750109 0.07747146 -0.1011263 0.001929729 0.005357271 -0.006801634 0.06527267 0.02538896 -0.4428036 0.008858213 -0.008855838 -0.01971448 0.001335454 -0.001096407 -0.0028227 -0.003636539 -0.01696586 0.01653814 -0.0001628543 0.005049037 0.01277023 0.0452918 0.02075409 -0.09454969 -0.006151251 0.001917774 -0.004958688 -0.01601448 -0.002091927 -0.01824573 -0.006562169 0.0004469698 -0.003477777 -0.003122698 -0.01280352 0.01423662 -0.007054875 0.001979426 -0.0003661541 -0.01016442 0.004711101 -0.03329832 0.0004821499 -0.01442447 -0.02139198 0.001283683 0.0006253683 -0.02844423 0.02440123 -0.005746305 0.03591578 -0.004834305 -0.00170121 0.004032088 -0.002909142 -0.003789044 0.01952504 0.02010865 -0.00106968 0.08621678 0.008261532 0.001059393 -0.005529146 -0.05268161 -0.06197131 -0.185115 0.009299822 0.001979837 0.004322701 -0.0009036916 0.0147958 -0.0189853 -0.007115587 -0.00209384 -0.06741023 0.01980951 0.008128319 0.02363994 0.006240789 -0.00425766 -0.001855529 -0.0002418789 0.0210989 0.02326222 -0.002919685 0.007220721 -0.02667006 -0.002146467 -0.01287109 0.0008083442 0.0005204719 -0.01530425 -0.0211654 0.005505886 0.007182945 0.02202043 0.01493727 -0.004205236 -0.001847173 0.00508741 -0.009268425 -0.00223575 0.01238041 0.02734108 0.02259106 -0.03535519 0.03879094 -0.03742167 0.04841431 -0.01892809 0.01961092 -0.02011872 0.008813307 -0.0001869789 0.004069139 0.007953216 0.02479706 0.0021821 -0.004207301 -0.003137167 0.006416172 0.03265369 -0.04050621 0.03428159 -0.06034084 -0.03376121 -0.1159984 -0.01546711 -0.08150611 -0.0008028517 0.06082429 -0.3400407 -0.03885605 -0.005262329 0.04196751 0.00939887 0.02997485 -0.1000169 0.001036499 -0.001677856 -0.001661851 -0.08568782 0.01778422 0.02715657 -0.01091497 0.01753564 -0.02224205 -0.01063754 -0.002476763 -0.04344219 0.006934695 0.005252175 0.009539635 0.03441734 0.02588199 -0.6470499 -0.001883551 -0.005395347 -0.01025773 0.00144833 -0.01064728 0.01351474 0.0006456156 -0.0001006647 -0.01719851 0.06920507 0.04722667 -0.3395484 -0.006969222 -0.002395285 0.02649684 0.0023872 0.006497595 0.02308841 -0.03682088 0.03504794 -0.02376503 -0.01762176 0.0002756725 0.01549038 0.004746713 -0.09925126 -0.05163453 -0.03038419 0.03869519 -0.0234184 -0.0007427013 -0.005175567 -0.02693402 0.02170723 -0.04926265 0.03168119 -0.002669978 0.003027147 -0.01472132 -0.1119984 0.03872831 0.005857519 0.01121631 -0.000273792 0.0002232278 0.01275075 0.02723003 0.03245673 -0.01646438 0.002201213 -0.06554244 -0.003565378 0.01131119 0.0004794644 -0.006955143 -0.005375376 0.002448232 -0.2015072 -0.1173066 -0.298871 0.004602857 -0.005221942 0.006510259 0.0001503159 -0.002201356 -0.0403864 0.004534971 -0.01013633 -0.01482519 -0.01205003 -0.003651086 0.002691914 0.01385673 -0.07400054 0.05205005 0.01085856 -0.004679503 -0.0005290871 0.06965605 -0.1410763 -0.2986991 -0.1404078 -0.01786203 -0.07877853 0.006774968 -0.01318526 0.01378528 0.005681623 -0.001664167 -0.002004973 -0.03815975 0.01798142 0.04598803 0.01096147 0.003397454 0.01309559 -0.003418218 0.01297757 0.008945071 -0.003615465 -0.01195468 0.00669019 -0.00576622 -2.587389e-05 0.01786496 0.0022188 0.01115734 -0.008509382 -0.03250006 -0.002684327 -0.02505368 0.002467264 -0.01094229 0.01731146 0.002922945 -0.008781036 -0.009253521 0.02708547 -0.006238965 0.03841522 -0.009490937 0.02488083 0.04587406 -0.007287174 -0.003776472 0.0009984085 -0.06776606 0.06529728 -0.05756561 -0.009358112 -0.007626608 0.0003412822 -0.009868313 0.01705312 0.02586374 -0.06814264 -0.03415046 -0.0618656 0.002701905 -0.003691683 0.01284371 -0.001122385 -0.01334736 0.0196024 0.001282212 0.005042611 -0.01497788 -0.003358516 -0.001929736 -0.00190021 0.01349002 -0.0002398117 0.0003844658 0.01444094 -0.0112074 0.008773531 -0.01178708 0.004930221 0.01941756 -0.01237786 0.01320819 0.01373157 0.002740685 -0.007709974 -0.009996782 -0.002596441 -0.0110698 -0.008506837 -0.005634088 -0.0008136471 -0.001137028 -0.01223026 0.02608365 0.08309598 0.08501408 -0.07245145 0.06828616 -0.00187375 -0.001101076 0.00112169 -0.06239918 -0.0525547 -0.2440759 0.01891702 0.006990141 0.01710469 0.08476333 0.05927858 -0.1506171 0.006261826 -0.005246434 -0.01054319 0.00659984 -0.005102867 -0.04988527 0.01593668 -0.01485219 -0.001627696 0.05427295 -0.03952395 0.02003317 0.01255701 -0.0135499 -0.003807398 -0.02805342 0.01441853 0.01985688 -0.002540353 -0.002126409 0.01125605 0.005200074 0.04210077 0.0576993 0.01086896 0.003379095 0.01588181 0.01398322 0.0107535 0.02724528 0.01736404 -0.01009397 -0.022708 -0.008421417 0.01371101 0.000138496 -0.007413435 -0.007130941 -0.00998241 0.01312894 -0.00838707 -0.01138099 0.004451979 -0.004716787 0.01437039 0.1032446 -0.074972 -0.06057018 7.079216e-05 0.007866791 0.01968724 0.003579174 -0.01206228 -0.0301673 -0.002377081 0.01195105 0.0179243 0.001812269 -0.005492112 -0.01309271 -0.01504141 0.01382033 -0.01745792 0.1091022 -0.06345816 -0.2279885 -0.1518369 0.06699087 -0.1666076 -0.01444424 0.01442271 0.03554884 0.01195714 -0.002882206 -0.01778201 -0.03242082 0.03319513 0.03409428 -0.002687107 0.009255843 0.01435045 -0.008890692 -0.003709194 -0.01726089 -0.02147756 0.1289889 -0.1815308 0.009416215 -0.03013239 0.02629957 0.01683393 -0.0255039 -0.04864964 -0.01616229 0.002846215 -0.0142639 -0.004299324 -0.01326109 -0.001620903 0.009010013 -0.009976378 -0.01863721 0.007692321 -0.005555004 0.009227616 -0.002724923 0.003272662 0.03949058 -0.007277887 -0.003311642 -0.0004764451 0.005060457 0.01585611 0.01659438 0.02614213 0.02787554 0.06716457 0.0001052232 0.005237822 -0.001770585 0.002747797 0.006562794 0.007967734 0.01242341 -0.01204571 -0.01319093 -0.06489374 0.05305517 -0.006299588 -0.01320975 0.01192429 -0.01804752 -0.002558574 -0.005286472 0.0002269754 -0.05228746 -0.05910277 -0.05697743 0.001248613 -0.01383929 -0.001391063 0.005346034 -0.01076759 -0.02523324 -0.01900584 0.002576464 0.007608999 -0.02737565 0.1037637 -0.1847674 0.004306775 -0.001804747 -0.01779315 -0.111235 -0.03489589 -0.09247554 0.04498768 -0.03539515 -0.0157259 -0.02754717 0.01553275 0.02176286 0.01074331 -0.01094627 0.01115625 -0.01564618 0.004792631 -0.01731142 0.0005149157 0.008255256 -0.07137263 0.004300863 -0.009298701 -0.0009728139 -0.1200868 0.03381075 -0.01552549 -0.07093023 0.0567481 -0.00682624 -0.00705441 -0.002201218 0.0003337646 -0.00561669 -0.01276606 -0.003988511 -0.005937747 -0.00562365 -0.0203958 -0.01467383 -0.008175282 0.004106683 0.0235643 -0.006274847 0.003857532 0.0004734215 0.004197193 0.01514126 0.004821496 0.01031286 0.015213 0.006287836 0.001884528 0.00727525 -0.00453286 -0.01379744 0.02621593 -0.003484051 -0.00510285 0.002538807 0.005554224 -0.001656037 0.01127451 -0.002685822 0.01132945 0.01173204 -0.1088767 -0.2824956 -0.3805167 -0.001275413 0.02215992 0.02431139 -0.01454451 0.004382001 -0.01148386 0.01000002 0.02050265 -0.03778752 -0.04555685 -0.03897244 -0.0083706 -0.01080889 0.001669143 0.01873947 -0.02117883 -0.003983146 -0.01909247 0.01110113 -0.004859831 0.000628463 -0.01813883 -0.0004798368 0.01219745 0.06483308 0.03305897 -0.4296009 -0.01175426 0.01199419 0.02523796 0.01096666 -0.009790331 -0.02906603 -0.03011064 0.004651709 0.03738888 -0.01063976 0.001872389 -0.01128179 0.01163928 -0.02261154 -0.02530971 0.01568034 0.0128247 0.02791698 0.00286669 -0.008828811 0.01066016 -0.003662116 -0.005395524 0.01801758 0.003391898 0.02834448 -0.005385852 0.01053514 0.002694061 0.01094854 -0.004181861 0.006105512 0.00855893 -0.009900678 0.002498075 0.0009646425 -0.01609387 -0.005376801 0.002727048 -0.002774575 -0.002495268 0.01897298 -0.01297339 -0.00188617 -0.007020435 -0.003492482 -0.009938307 -0.003366402 0.01429966 -0.002772843 0.005798132 0.004236136 -0.003767919 -0.01496946 -0.01618612 0.03087199 -0.01550877 -0.001565136 0.001972256 0.003948883 0.0105569 -0.02226067 -0.04738881 0.01372871 -0.0003571491 0.0006204406 0.0171921 -0.004475357 -0.001658949 0.01314131 0.007584659 0.01270491 0.00567583 0.006040987 -0.01485913 -0.0001588012 -0.006861564 -0.000849097 0.008904949 0.001652373 0.005478197 0.01413174 0.001399635 0.001581674 0.01373775 0.0007988942 -0.01796844 0.0102307 0.00291267 -0.001994967 -0.01191779 0.01332983 -0.03427493 0.02865679 -0.002092684 0.0449172 0.02204972 -0.01454834 -0.04308656 0.000234325 0.008942392 -0.03704231 0.006142181 0.03376159 -0.04298818 0.003595833 0.009688871 0.00908097 0.01241844 0.0296823 0.03700843 -0.01812663 0.01140029 0.004311793 0.001296394 -0.006523134 0.01078271 -0.03061213 0.04022304 -0.03140078 -0.01106604 0.003074374 -0.01854876 0.009943277 -0.001709148 0.02368585 -0.01147957 0.01241095 -0.0138358 -0.01779512 0.01310952 0.04400477 -0.05622983 -0.204196 -0.4883553 -0.005506623 0.003303973 0.0135277 -0.002697121 -0.0128143 0.02281793 -0.01455265 -0.01054581 0.03202736 -0.0147953 0.01331951 -0.01540624 -1.367135e-05 -0.005400998 0.03682984 0.04120139 0.0001597368 0.02873813 -0.002688948 0.0008988754 0.008496824 -0.01688696 0.007096409 0.001736672 0.004174833 -0.01103918 0.009691277 -0.003448266 -0.003363203 -0.009085185 0.01530769 0.005232947 0.01726379 -0.01547487 0.001796426 -0.02894566 0.01109234 0.004039105 0.02912532 -0.0002396437 0.007883504 0.0190528 -0.005466416 0.007606372 0.01452032 0.008505289 0.006046453 0.02284877 -0.006321344 0.008087203 -0.008384111 -0.0005427334 -0.008494688 -0.004373613 0.0718859 0.04730384 -0.1214807 -0.02210272 0.01616689 -0.08009669 0.04767989 -0.01766599 -2.278482e-05 -0.01053897 0.007414034 -0.007779649 -0.008336611 0.006134294 0.02152456 0.001879272 0.004812246 0.01439127 -9.563798e-05 0.02141777 -0.01189416 0.03640134 0.04143004 -0.4909074 -0.05355123 -0.0360789 0.003753715 0.007935476 -0.01971142 0.02343829 0.004144568 0.002826193 -0.006163298 -0.002233028 0.01807249 0.04224624 -0.002252865 0.009288074 0.0167616 0.02392964 -0.01006872 0.0275753 -0.01350027 0.01484699 -0.01127065 0.02072369 -0.006884379 0.02159038 -0.01883714 -0.04730468 0.01292423 0.002019 -0.006762331 0.01374335 -0.004123222 0.05055455 0.06871884 -0.03552217 0.04375909 -0.03462676 -0.003623046 -0.003952119 -0.01026904 0.02864017 -0.02836954 -0.02093355 -0.002007626 -0.01743014 -0.02253314 0.003771175 -0.003303476 0.01383679 -0.002748075 -0.01616452 0.003111989 0.06300914 -0.01068306 -0.021966 -0.002559218 -0.007277953 0.007725437 -0.001432571 -0.01348557 0.002693065 -0.03736741 0.01336171 0.06282952 0.00930598 -0.00259763 0.004222923 -0.005172342 0.006247122 -0.02230357 -0.001430304 -0.001443382 -0.006252442 -0.1153049 0.003828971 -0.05108567 0.003236285 0.01219624 0.009175589 0.008837435 0.001647156 -0.009860887 -0.1327569 -0.3319587 -0.5111902 0.02361456 -0.0253435 -0.01476127 -0.113831 0.02211338 -0.02684317 -0.1120834 0.0915475 -0.2197824 -0.002744359 0.004412508 0.002392433 0.01069508 0.02113176 0.02489853 0.01300027 0.001546109 -0.001483873 -0.01182029 -0.00832946 -0.02296329 0.007403683 -0.006480509 -0.0339081 0.01997721 -0.01247282 -0.02150218 -0.003233406 0.006614806 0.04520612 0.00325773 0.002238862 0.0158859 0.002062046 -6.864022e-05 -0.0003631031 -0.001274634 -0.009324905 -0.01838512 0.01635118 0.006571271 -0.02376195 0.01256546 0.02954613 0.05918416 -0.02076614 0.0003640429 -0.01380168 -0.009172168 -0.0008967909 -0.007951288 -0.004274384 0.01538012 -0.007239177 -0.00881834 0.01912835 -0.02593165 -0.01920232 -0.001124533 -0.0182296 -0.001058589 0.01628541 -0.01591098 -0.007444378 0.01126795 -0.03052989 -0.04742251 0.04723388 -0.03038551 0.006674562 -0.0005028172 -0.001982472 0.0403478 -0.008476055 0.05482309 -0.003417138 -0.002066119 0.01042289 0.001245376 9.617594e-05 -0.008641205 -0.00717115 0.01152661 -0.02390006 -0.00143034 0.001928298 -0.02662401 -0.004295721 0.004526181 0.01301318 -0.03695748 0.002418289 -0.01690494 -0.003127671 -0.01045172 -0.008428601 0.001450163 -0.01138793 0.004902766 0.001731646 0.01520278 0.01031448 -0.002989713 -0.01365558 -0.004919591 -0.04616407 -0.03699204 -0.08244129 0.002332025 0.0144523 0.08108024 -0.01259347 0.005640881 -0.008848003 0.01195294 0.007107504 0.03034006 -0.001186858 0.005564725 -0.006251327 -0.02047581 0.06029598 -0.08589183 0.01357083 -0.06155265 -0.02152898 -0.0287654 0.03117752 -0.0330717 0.05471487 -0.0240227 0.0225114 0.002273728 -0.004004756 -0.006451356 -0.02921794 0.004816286 0.0384778 0.004742746 -0.002267255 0.03167695 -0.027633 -0.02174781 -0.01544873 -0.004947893 -0.004921241 -0.002981025 0.0347222 -0.008692792 0.03567664 0.001319867 -0.005801486 -0.02850956 -0.06402064 -0.07203313 -0.1206606 -0.005310971 -0.06887722 -0.05467061 0.006010835 -0.01104871 -0.02409535 -0.01588188 0.01729676 -0.01385616 0.2568135 -0.1421093 0.124979 0.04417133 -0.001813196 0.08247075 -0.0006078961 -0.007043336 -0.002796221 -0.008182514 0.0004602877 0.01218379 0.04693356 0.02614193 -0.08683105 -0.003712229 0.004442455 0.002321579 -0.001878008 -0.009799041 -0.01892114 0.006311927 0.03950636 0.0469774 -0.09412108 -0.001215588 -0.05334072 0.04062492 -0.003433419 0.06766918 -6.844802e-05 -0.006573081 -0.0006034961 0.001077697 -0.0037288 -0.01881265 0.00577822 0.004034797 -0.002803206 -0.06405227 0.04273969 -0.07156813 -0.03808899 0.02149621 0.03832357 -0.005285833 -0.0154853 -0.006467412 0.01189906 -0.01647797 -0.05475217 -0.001875821 0.00731043 0.003605508 0.009000558 -0.003626973 -0.02196662 -0.004759401 -0.005830741 0.005222336 0.001692925 0.006843932 -0.02171664 0.0669772 0.003039163 -0.04568157 0.01681827 -0.008950582 -0.007149038 -0.03396238 -0.001589222 0.004338835 0.001869832 -0.006792651 0.02940298 -0.02096941 0.004697849 -0.07698792 0.006330565 -0.009346748 -0.01763876 -0.0163585 0.01023048 -0.005989398 -0.003815244 0.001649694 0.0240124 0.003829208 -0.009526037 -0.008705876 -0.0103703 -0.003499621 -0.0171685 -0.01190456 0.008855842 -0.008640858 0.0242262 -0.01673491 0.02558721 -0.007618587 -0.008287957 -0.00828139 -0.008976888 -0.001227043 0.004219211 -0.0120021 0.006735358 0.02479692 0.01053901 0.00935537 -0.02362875 -0.002603821 -0.0133871 -0.004978822 -0.01064241 -0.0011608 -0.01932272 -0.009502605 -0.03355208 0.03248162 -0.06414305 -0.05211811 -0.2601381 -0.007945437 -0.003709295 -0.0216502 -0.03916823 0.005202284 0.03983686 0.0106749 -0.004513086 -0.02513443 -0.0218634 0.004582908 -0.01321864 -0.01305973 -0.005020459 0.002482262 0.006116592 -0.00330062 -0.04081075 0.008255597 0.001922622 0.02341395 -3.892509e-05 -0.02097297 -0.03106806 -0.02901728 0.03206083 -0.03365082 -0.008567292 -6.261922e-05 -0.02303524 -0.0211749 -0.01512166 -0.1878686 -0.002908486 -0.003958449 0.008916949 0.004328974 0.007925447 0.01759062 0.006026656 -0.0002459286 0.003067405 -0.01673688 0.003207944 0.0003564442 -0.003963518 0.001330523 0.002536849 -0.001690156 -0.003634863 -0.000739756 -0.001911971 -0.01309077 0.009730321 0.0003809971 -0.002625054 -0.0008780984 0.005660188 -0.003697583 -0.006106722 -0.02121806 -0.005503412 -0.07912192 -0.004692607 0.01019144 0.001359981 -0.0431325 0.01474696 -0.01706367 0.01329228 -0.009264041 -0.00245599 0.006495815 -0.01653237 -0.03948325 -0.007137738 -0.002547901 -0.03074199 -0.008502547 -0.006059293 -0.01974858 0.03046166 -0.01668806 0.01268032 -0.002916019 -0.008724239 0.03767761 -0.005086947 -0.001147414 0.003756815 -0.1390739 -0.1663549 -0.2445079 -0.07536509 -0.1216394 -0.1192145 0.01254843 -0.03090846 0.02967741 -0.03146006 -0.004500108 0.04901681 -0.003390025 0.001249258 -0.02189352 -0.01297565 -0.00186081 -0.007122255 -0.02564701 0.05474581 -0.02894572 0.006786533 -0.005867528 0.01056087 0.01880439 -0.01136626 -0.06286496 -0.01084476 -0.004196108 8.164438e-05 -0.01563016 -0.001993462 -0.02173235 0.01232955 -0.01188326 -0.005259368 0.007097267 0.0002649372 -0.01114399 0.003938372 0.008235264 -0.02715911 -0.03472566 0.04312764 -0.03716657 -0.001497143 -0.00500829 -0.01477718 -0.001823313 0.001376955 0.01600959 -0.01307025 -0.000952524 -0.01345694 -0.004549305 0.000820689 -0.005603394 0.02198898 -0.01051144 -0.024334 0.01843321 -0.08653349 -0.0384723 0.00122358 0.01943593 -0.01585875 0.002347183 0.00986754 0.02325481 -0.04529292 -0.1291005 -0.2650542 -0.003835592 -0.007894529 0.003751476 -0.005245473 0.02009686 0.01344863 -0.003431525 0.0008704552 -0.07413282 -0.0007526348 0.001793979 -0.007016203 -0.0003030817 0.008519541 -0.0003007492 0.006564212 0.001581129 0.006220606 0.003274333 0.01645299 0.02177902 0.008127749 0.003788271 0.01143923 -0.045883 -0.00726331 -0.09383076 -0.005206327 0.00248627 -0.02584223 -0.005694251 0.007891947 0.02058257 -0.02393252 -0.02339505 -0.03448268 0.001376484 0.0007243493 0.01287558 -0.006412092 -0.002874044 0.004305941 -0.02970594 0.07589803 -0.04036123 -0.0192278 0.01651024 0.009790906 0.007280346 0.01156579 -0.006582628 -0.003339476 -0.01264366 -0.007075883 -0.0009388658 -0.004468992 0.0121916 0.003694147 0.04442358 0.07287627 0.002030638 -0.008171538 0.02396802 -0.004448033 -0.01207864 -0.02236939 -0.08151361 -0.05328903 -0.07394709 -0.02175139 0.01153518 -0.0091427 0.01115052 0.007204987 0.01065512 -0.03211414 0.01571051 0.03940142 -0.001369403 -0.01720212 -0.0271531 0.02542711 -0.00552134 0.01960765 0.006065112 0.008263933 -0.005101497 -8.686958e-05 0.003323598 -0.008033878 -0.003860767 0.01407393 0.01563978 -0.01908328 0.01440229 0.006717377 -0.0003731954 0.009386959 -0.01957849 0.1219376 -0.02225987 -0.244405 -0.01838177 0.005478093 -0.0110435 -0.01144707 0.009621548 -0.009977533 -0.002027701 0.01050375 -0.004730414 0.002290991 0.002411056 0.02745424 0.01168698 0.0281691 0.03552321 -0.002308271 0.01421316 0.007098549 -0.003517515 0.01278948 0.02440722 -0.02927125 -0.1308143 -0.1768869 -0.009984732 0.01585207 0.05171958 -0.004714915 0.01026116 -0.01724505 -0.004848044 -0.004799269 -0.003505616 -0.005704347 -0.004539484 0.004121819 -0.02986966 0.08236039 -0.06787445 -0.01395085 -0.0009507871 -0.002630102 0.0007313979 -0.00273809 0.01634213 0.1471701 -0.07717079 0.09822983 0.01222985 -0.006522711 0.001066254 0.001875605 0.008887755 -0.01920873 0.01077462 -0.001031233 -0.005297373 -0.001399759 0.006765291 -0.003068547 -0.01625219 -0.001752753 -0.01939454 0.06119519 -0.1361571 -0.342115 0.009680472 0.002111355 0.01272277 0.01555739 -0.01685651 -0.0472374 -0.006365025 -0.006996778 0.01021989 -0.01393393 -0.0005009304 -0.008634779 -0.004470318 -0.01129066 0.01641098 -0.008158103 0.01067668 -0.02865425 -0.1113807 0.04110348 -0.008632557 0.0108907 0.01708809 -0.05510762 -0.09002535 -0.01493038 -0.00777693 0.003513851 -0.004999395 -0.01667194 0.006732659 0.01024727 -0.03339841 -0.01934838 0.007810265 0.001525716 -0.01695358 0.02377697 0.003748332 0.0119452 -0.01164919 -0.005750188 -0.006195437 0.0128255 0.001704571 0.03756923 -0.004225055 -0.007959972 -0.005822986 0.00428756 0.02328523 0.03025367 -0.05080295 0.02925764 -0.01872608 -0.005542684 -0.04302754 0.002439823 -0.01444763 -0.01918004 0.0009731282 0.01050083 0.009950777 -0.002050589 0.03005346 -0.03932473 -0.003083746 0.02272286 0.009978884 0.003981282 -0.008789351 -0.006252191 -0.005009323 0.007905358 0.02066309 -0.006948705 -0.001366192 0.003769563 0.01290644 -0.01565888 -0.002884544 -0.00349405 0.01807812 -0.01721769 0.01143019 0.02930107 0.02350803 -0.002674581 -0.01537693 0.01242012 0.01188505 7.825089e-06 0.00986416 0.04073559 0.03807416 -0.1936157 -0.008360382 0.00630223 0.01746762 0.007414742 0.005677613 -0.02332504 0.007621978 0.02237362 0.03587468 -0.003053948 0.01124515 -0.02584044 -0.007301393 -0.01072991 -0.004150457 -0.007332939 0.004488049 -0.006003763 -0.004322007 -0.01076694 -0.002429795 -0.003204543 0.003399394 0.0019487 -0.01153535 0.005861459 0.02304193 0.005516686 0.005887862 -0.01979087 -0.00390705 -0.004286571 0.00327512 -0.00329598 0.01030318 0.02402698 0.002059378 0.02137954 0.0639967 0.01232555 -0.06463106 -0.01662759 -0.005259594 0.02286336 0.03034086 0.02999645 -0.02061056 0.03814919 -0.004314679 -0.001169417 0.0006319145 -0.04799586 -0.004050236 -0.0182462 0.01312539 0.0158101 0.006570236 0.02005361 -0.009760518 -0.03569975 0.003959269 -0.004103919 -0.009525242 0.007371925 0.003842974 0.01408217 -0.01410702 -0.001234304 -0.0001124619 -0.1219167 -0.3092249 -0.5774465 0.004138936 -0.01373022 -0.02510737 -0.03537085 0.03477928 0.03250586 0.01208993 0.001789712 -0.01797768 -0.004577655 -0.00383425 0.009527463 0.02478812 -0.006798647 0.01133879 -0.003571912 -0.00242167 -0.005590974 0.007162881 0.02378514 0.04332816 -0.008627236 -0.007880704 -0.009369208 0.04740357 0.03116124 -0.08810051 0.006274559 -0.008312225 -0.01333064 -0.002404812 -0.008202735 -0.01709219 0.01339392 -0.0133433 -0.02939186 0.02923967 -0.03096284 0.03918566 -0.03176594 -0.01919647 0.01955782 -0.03175771 0.0402202 -0.03299844 -0.06455792 0.05467274 -0.01595098 0.007879797 0.009140816 0.0150045 -0.02541237 0.01154568 -0.0161121 -0.002711419 0.02301666 0.009197486 -0.01303741 0.01311907 -0.01035609 0.002230335 -0.01154526 0.01182113 0.0005332869 -0.002353296 -0.007648624 -3.885804e-05 0.008866534 0.02419853 0.0005440679 0.02160641 0.01969963 -0.01701093 0.003677351 -0.01371383 -0.09496183 -0.08866145 -0.09536233 -0.003720939 0.00891844 0.001531468 -0.01161617 0.003626114 -0.02422218 -3.050547e-06 0.01333917 0.01444068 -0.00268805 0.006872486 0.009932862 -0.005511205 -0.005169461 -0.01643098 0.01265341 -0.003699927 0.00325856 -0.003890108 0.000674598 0.000712377 0.00288852 0.000208676 0.00957358 -0.01196716 0.02385032 0.03659087 -0.01440419 0.005576352 -0.01194022 0.004268069 -0.002693705 0.01332817 0.06135772 -0.02356922 -0.05780905 -0.005619175 -0.004855769 0.004167878 0.01796431 -0.08540077 -0.03841558 0.004410338 0.006924141 -0.02134803 0.002291635 0.00667158 -0.005939248 0.003854432 0.01793415 -0.003925539 -0.02959915 0.01165876 0.04156258 0.01117836 0.004079094 -0.009277425 -0.04862214 -0.06571832 -0.07762168 0.002000086 -0.01276348 0.01249628 0.007152699 -0.009661965 -0.02518685 -0.01861126 0.005241302 -0.00833129 0.001600063 0.00797078 -0.01983565 -0.001830682 -0.005300246 -0.009061067 0.009281404 0.02125239 0.02181535 0.003560689 -0.002665715 0.006306608 -0.01025839 0.0003465546 -0.00891305 0.01261037 0.004184471 0.01583587 -0.01913058 0.009202993 -0.005651171 0.1783655 -0.0969458 0.08847966 -0.01321482 0.002770796 -0.008041999 0.06479022 -0.05415991 -0.08092232 0.02157624 -0.01149208 0.01856785 -0.04297442 0.1308098 -0.1271012 -0.01397611 -0.003543146 -0.0144974 0.02120933 0.005753087 0.08515849 -0.00287716 0.0002072604 -0.003807134 -0.02035994 0.02186661 -0.008625696 -0.03543487 0.03296144 -0.01518728 0.01053982 0.003407188 -0.003842651 0.05460753 0.003854468 -0.07383936 0.01963572 -0.01311878 0.01537819 0.005287588 -0.009676669 0.0007036636 0.0004383889 0.008700062 0.02305926 -0.006483484 -0.01493288 -0.02412215 0.05918804 -0.02307806 -0.622873 0.1133678 -0.08999993 -0.4677092 0.007348419 0.04888273 -0.04078007 -0.005159236 0.01922345 -0.01879547 0.01111649 0.004773064 0.02255008 0.00765609 -0.007250426 -0.009751785 0.003214267 -0.005590629 0.01517145 -0.0189774 -0.01010364 -0.02515282 -0.003463704 -0.009431308 -0.009561474 -0.004820041 -0.002873318 0.03085645 -0.00604812 -0.003339034 0.002119395 -0.008631255 -0.001135154 -0.04014887 -0.0003677565 -0.01348315 -0.03539007 0.005073213 -0.007744165 0.003010021 -0.006925638 -0.001600446 -0.01531397 0.001842756 0.02281798 -0.01030866 0.006035353 0.01828003 -0.007036774 -0.001417156 -0.001600224 -0.02155764 -0.06826628 0.0547784 0.02112277 0.01466868 -0.01806914 -0.01507317 -0.002860398 0.00042375 0.01745695 0.005478103 0.03243819 -0.04639153 -0.003598284 -0.02284578 0.03842993 0.008722428 0.007590876 0.01430769 -0.0143363 0.01309938 -0.01496613 0.1384704 -0.08369203 0.06278622 0.009134077 0.005701149 -0.01379923 -0.004273097 0.01137323 0.001346857 -0.006019234 -0.00540784 -0.0001391163 0.0643653 0.06450945 -0.1003504 -0.005488101 -0.002579233 -0.01275714 0.04475364 0.02816649 -0.1336562 -0.00691596 0.008134035 -0.02354921 0.01383074 0.04381359 -0.03378846 0.004745927 -0.0110076 -0.02202866 0.0003738818 0.008441502 0.009528221 -0.01134621 -0.003411979 0.003991489 0.0156012 0.007510349 -0.0551293 -0.009069856 -0.05950892 -0.3345648 -0.008948591 -0.002669444 -0.05500742 -0.04901027 0.0933898 -0.00800112 -0.002968285 0.007840324 0.006328338 0.003885545 0.007186529 0.004416798 -0.01208566 0.04918323 -0.08508793 0.006456987 -0.0004900199 -0.0230615 -0.0207237 0.02844449 -0.02086833 0.008682992 0.02427575 0.05150202 -0.0213889 -0.005291152 0.05199397 0.009723287 0.0313576 0.01610196 0.001625795 0.006528913 -0.002597443 -0.005863178 -0.0008053723 0.01318659 -0.006032411 0.001371585 -0.02054298 0.01362507 0.004280685 -0.01038803 -0.02124218 0.0007415341 -0.02005636 0.02401972 -0.0147951 -0.01296602 -0.008507937 0.00606728 -0.02609112 -0.07957172 0.04284044 -0.2084989 -0.003520786 0.001824593 0.004210287 0.009781457 -0.006215935 0.0003306763 -0.002667974 0.01113459 0.01891628 -0.005170591 -0.009269424 -0.004801302 -0.04156034 0.04229313 -0.05160821 -0.01192632 0.001979914 0.01916988 0.02938439 -0.01324681 -0.009001422 -0.01053264 -0.005103758 -0.01481378 0.001280588 0.01247595 0.03920183 -0.01120659 0.0101779 -0.03666968 -0.03432573 0.08604214 -0.0223914 0.006226007 0.01938898 0.07038444 0.0116221 0.003806289 0.004940071 -0.001257404 -0.005689444 -0.008945734 -0.0006648856 -0.003655538 -0.007043283 -0.05475586 0.0456804 -0.002603735 0.01360207 -0.01963224 0.04414339 -0.005525521 -0.002976516 -0.00378112 0.007982787 0.003986241 0.003252433 -0.005462974 -0.001887539 -0.005450725 -0.01689586 0.003563216 -0.0139231 0.02949193 -0.005037798 0.08438344 -0.09598882 -0.06939099 -0.07073845 0.01369247 -0.01367249 -0.02082601 -0.003734257 0.005833602 -0.0143547 -0.01384591 0.005779631 -0.03056547 -0.003066357 -0.003203103 0.01752127 0.01642281 0.0009204877 -0.07536666 0.0006101509 0.004297357 -0.007260936 -0.0008306312 0.01179736 -0.0101991 0.01104442 0.01687611 0.02720083 -0.001815589 0.005223671 -0.01035038 -0.01035452 -0.002786474 -0.01190259 -0.003647219 0.00285615 -0.01129075 -0.0797749 0.0561043 -0.007489144 -0.0009203269 0.002520597 0.02504897 0.01145501 -0.002563393 -0.004797242 0.05191876 0.06374736 -0.07945428 0.009041607 0.0227895 0.01862383 -0.04249373 0.04138139 -0.05832683 -0.01270904 0.01298393 -0.004707395 0.0281621 -0.05665467 -0.008150886 -0.009763785 -0.009357931 0.002970488 -0.07070978 0.04707646 -0.04590395 0.01800196 0.09350155 -0.3069792 -0.008220829 0.02174534 -0.002705577 0.003961757 0.01530303 -0.003670677 0.004660003 0.03607989 -0.5367624 0.06418622 -0.1375431 0.007876148 0.0005208594 0.0128845 -0.0009353263 -0.0212951 -0.009501697 -0.0007583173 -0.001647064 -0.005369605 0.001600293 0.003858272 0.007695426 -0.03136044 -0.0001037116 0.008802297 -0.03695403 -0.002437308 0.006747391 0.008351111 -0.02341967 -0.003189771 -0.0113327 0.002822295 0.01181423 0.02583941 -0.001069564 0.01756587 -0.02381667 0.0192493 -0.1093848 -0.09089459 -0.01986151 0.03541868 -0.02309468 1.509162e-05 0.001280505 0.01060754 -0.008384708 -0.0012305 0.004346278 0.003125091 -0.004061852 -0.02398202 0.08668509 -0.04510889 0.1038615 0.01897418 -0.1020174 -0.05868358 -0.3540284 -0.2285542 -0.6638544 -0.004577986 -0.0006371903 -0.01023034 -0.06567822 0.05524636 0.03425327 -0.003197554 0.01216932 0.02096665 -0.1282412 0.01479496 -0.1641242 0.007512086 0.03215736 -0.02614152 -0.004101142 0.0276406 -0.02818755 0.003769678 -0.01554177 -0.03277513 0.008509669 8.373905e-05 0.02560534 -0.03600939 -0.01846148 -0.01980621 -0.2150826 -0.1292619 -0.2792645 0.01308984 -0.02585683 -0.02343593 0.000955571 0.008389708 0.003595778 0.004790396 -0.01742951 -0.0190401 0.003863898 0.01403934 -0.0008958792 -0.01839881 0.004976878 -0.001454261 -0.003398351 0.002579918 0.005501681 -0.01472291 -7.33285e-05 0.006945745 -0.04341117 -0.03663528 -0.03766128 -0.06832144 0.05439845 -0.001810613 -0.00679459 -0.007863622 0.0008512074 -0.01364729 -0.001457246 -0.007367532 -0.002878952 0.01182298 -0.011119 0.06835461 -0.01600863 -0.09375957 -0.0003320943 0.002782084 0.008114182 -2.314663e-05 -0.002436025 -0.02417529 0.01995701 -0.00801708 0.0130227 0.001949218 0.005334041 0.00826889 0.01483226 -0.005409794 -0.01133406 0.01404193 0.01378376 0.03196574 0.009042308 0.001569076 0.00853222 -0.06770068 0.05397186 0.01267617 0.009566262 -0.003709069 -0.001332852 0.002140813 -0.001719955 -0.01931285 -0.001916632 0.02657238 -0.02676956 -0.002011042 -0.0167235 -0.03398325 0.02297274 -0.002444422 0.04909159 -0.02406651 0.001528269 -0.01757557 0.006655094 0.007122236 0.006364231 -0.02462443 0.008925231 -0.01638887 -0.01199831 -0.0007048025 0.01170062 -0.009307403 -0.01235972 -0.008634656 -0.029114 -0.009039413 0.04196223 -0.003203567 0.004068108 0.02858719 -0.02048195 0.00351881 -0.00152108 0.00760213 -0.003240395 0.02022632 0.003023599 -0.01013015 -0.02671614 0.01543125 -0.01914549 -0.04916954 -0.02886827 0.01633942 0.0291651 -0.08948648 0.05109951 -0.3205463 0.001716648 -0.009711981 -0.02745717 0.04592897 -0.02207405 -0.001503489 -0.001997761 0.004828919 0.00412464 0.003635925 -0.009243587 -0.01403802 0.007775713 -0.0160261 -0.04335222 0.06226826 0.02087185 -0.4872185 -0.002029966 -0.006135918 0.002455716 0.01259185 -0.0166353 -0.05502903 0.004615356 0.01864341 -0.022829 -0.05879439 -0.03528306 -0.02860049 0.09314693 0.1225092 -0.348287 0.001167439 0.04776465 -0.1852198 0.03698156 0.004035037 0.02814727 -0.01889148 0.003175953 -0.01812815 0.01331047 -0.004590898 -0.01681233 -0.0006459574 0.008090168 0.02604398 -0.01878846 -0.05905649 0.04109846 -0.002285551 -0.003430443 0.01625084 -0.006712447 0.01098008 0.02077035 -0.006366819 -0.007860545 -0.02475753 -0.002557009 0.009118412 0.01426884 0.0009775613 0.03030771 -0.03274206 0.007270564 -0.05274618 -0.03274525 0.003531989 -0.002032741 -0.01448468 -0.01315417 -0.009754086 0.00851971 -0.01055812 0.00548771 -0.007307044 1.377659e-05 -0.002220973 -0.03088689 -0.006198499 -0.006093525 -0.0008150982 -0.01595842 0.0002740753 -0.02142698 -0.001500841 -0.005016491 0.002058634 0.005536393 -0.0001409984 0.02169193 0.2535379 -0.1409552 0.1306104 -0.00387166 0.003300179 0.04097601 -0.005513161 -0.004003029 -0.006765063 0.02913662 -0.0291504 0.03962331 0.021304 -0.01983656 -0.01685136 0.01128452 -0.00660078 -0.0133183 -0.01730545 0.0211404 -0.01579101 0.02008071 -0.1378656 -0.278616 -0.03720856 0.01282271 0.06192715 -7.626554e-05 0.007441691 -0.006630312 0.02378024 -0.01360129 -0.04723972 0.0220905 -0.01638882 -0.001446388 -0.003947187 -0.007320578 -0.004181311 0.0006100093 0.007180661 -0.04942925 -0.0009977142 -0.01424876 -0.02988329 0.0033766 -0.02016735 -0.03671761 0.003666411 -0.005399104 -0.01116807 0.01073883 -0.0007002185 -0.004132724 -0.01840721 -0.002610467 -0.01771801 -0.009943616 0.0001346377 0.01306086 -0.00688738 0.003556034 0.01182857 -0.0008432693 0.006368553 0.006207447 -0.1480433 0.04347102 -0.06449862 0.02587685 -0.01233341 -0.05844694 -0.005205336 -0.006069435 0.005317562 0.0003476297 -0.0008706878 -0.005021571 -0.02737576 -0.04416076 -0.02461978 0.01594432 -0.01601549 -0.02250078 0.01166533 -0.003718535 -0.01203956 -0.002316001 0.01223858 0.02943388 0.0007425104 0.0004319773 -0.02487482 0.008959789 -0.009960853 -0.01274508 -0.01029401 -0.009475339 -0.01431387 0.03327359 -0.04259743 0.0543508 -0.01790759 0.004115531 -0.01586734 0.005108905 0.01624838 -0.004865876 -0.01724442 -0.08843704 0.02248579 -0.002862885 0.04153081 0.06734887 -0.03151401 0.04398752 -0.0267649 -0.03869155 0.04286762 -0.03837619 -0.0004644464 -0.0006139575 0.009116118 0.009977249 -0.003590296 -0.02456179 0.02104418 -0.007417917 0.03062715 0.001377594 -0.01196887 -0.03793902 0.004788585 0.004977232 -0.02155165 0.008574452 -0.01359135 0.006122603 0.2199426 -0.1277848 0.1082235 0.00632462 0.01893027 -0.06132597 -0.0007755863 -0.02996375 0.009005652 0.006858711 0.000759951 0.006279764 -0.005714464 -0.009912264 -0.008565837 -0.03985639 0.0403096 -0.03168847 -0.001300983 -0.001708411 0.007068903 0.005130172 0.01220194 0.01136194 -0.006796702 -0.01092016 -0.005534417 -0.006446369 -0.01029713 0.02706033 -0.002021905 -0.004114751 0.00279826 0.005644709 -0.01069266 0.01167427 -0.01514608 -0.002516487 0.0203347 0.01515972 0.0005870649 -0.009171079 -0.001251179 -0.005204586 -0.001685 -0.002154253 0.01163147 0.02919401 0.006487541 -0.01076148 -0.01668366 -0.123938 0.02247155 -0.01933546 0.01398833 -0.0005700839 -0.01568808 0.007622192 -0.008716103 -0.01115972 -0.07463115 -0.04947641 -0.3133906 0.02936819 -0.001120955 0.03716424 -0.071618 -0.09510709 -0.4834214 -0.005067475 0.01318801 0.01090697 -0.02411132 0.007423578 -0.01830548 -0.004738269 0.001174361 0.003034634 0.0009124246 -0.001610318 -0.01030005 -0.001603461 -0.004317336 -0.002519636 0.007505358 -9.378965e-05 0.01057022 -0.005723521 0.002449236 0.007032589 0.008343888 0.007488618 -0.004990916 -0.01680138 0.004351567 0.01242738 -0.01247251 0.01736295 0.004023221 -0.003715306 -0.007542685 0.006989957 0.001827322 0.003518587 0.01275317 -0.001541003 -0.01731721 0.02918325 -0.01675928 0.01938738 -0.02456365 -0.01744045 -0.004145508 -0.07763971 -0.02421134 -0.0193151 0.03080806 -0.002202145 -0.009891944 0.008722373 0.002377332 -0.008417025 0.01168535 0.1539387 -0.08284668 0.07749979 -0.01221053 -0.005384698 0.002375891 0.04356361 -0.02505466 0.09024783 0.0145748 0.00589599 0.03039425 0.006350734 -0.01053822 -0.02503767 0.01388627 -0.01974378 -0.01258774 0.03773959 -0.02992974 0.04166473 0.004622512 0.01307679 -0.005424145 0.01788593 -0.01641784 -0.002560436 -0.01941852 -0.001436802 -0.01875969 -0.001519335 0.01174787 0.02079179 -0.1410123 -0.09165297 -0.4285531 -0.02006585 0.02583514 -0.02210457 0.05844874 0.06141233 -0.0918455 -0.01233736 -0.002128358 0.007112485 -0.0008993964 0.003699871 1.559498e-05 0.01332186 -0.0007576923 -0.01636806 -0.01326645 0.01185898 -0.02324007 -0.009067096 0.001849401 0.02336301 0.08866551 -0.01473436 -0.1679161 -0.005017101 -0.002825066 -0.005586336 0.09133232 0.001265058 -0.1880615 -5.058525e-05 -0.0132999 -0.03765275 -0.01510914 0.006631622 -0.01140968 -0.05547942 0.05078825 -0.0232939 -0.01156087 0.01339743 -0.003464269 0.002122228 0.01251416 0.006834802 -0.0284303 -0.009459071 0.06150372 0.01681545 0.006926976 0.003011541 0.03269954 -0.01042944 0.03880387 -0.0004079188 -0.004001545 0.000688904 0.002170962 -0.0001845228 -0.001545294 -0.01772603 -0.002960487 -0.07938488 0.01373058 -0.003711721 -0.01247927 -0.004357371 -0.004303829 0.007698226 0.006187536 -0.009829041 -0.02627489 -0.05450334 -0.02357349 0.01854625 -0.01969239 0.01526108 -0.008271622 -0.01336055 0.01600131 -0.02715948 -0.06444756 0.03665156 -0.1330306 -0.01375988 -0.01168932 -0.02380427 -0.003234922 -0.001543767 0.009757924 -0.03347398 -0.0361995 -0.02671148 -0.002948548 0.01337865 -0.02865215 -0.003274394 0.00402783 0.005230025 0.05661524 -0.03159548 0.01842365 0.01548909 -0.002068534 -0.01285098 0.004761491 -0.007051421 -0.01419163 0.008311059 -0.004593602 -0.008898248 -0.03928866 -0.009665691 -0.04538787 -0.07467955 -0.04225093 -0.0418262 -0.0351099 0.1366172 -0.2398769 -0.05791296 -0.0342108 -0.6763855 0.08876187 0.01310049 -0.5133154 -0.01312976 -0.06889153 -0.06895851 0.01434344 0.0093359 0.02550494 -0.02689448 0.02469223 -0.03033149 0.002444081 0.01251902 -0.01991905 0.08066338 -0.03604897 0.08105052 -0.01590755 0.004865101 -0.01522208 0.01715301 -0.03473155 0.02866984 -0.001490492 -0.0114096 0.0003113309 0.05438845 0.00804356 -0.05173507 -0.003938753 0.0004381147 -0.002666767 0.00560017 -0.005568307 -0.001981734 -0.001128207 -0.00651738 -0.03015405 -0.006702143 -0.02023019 0.005275159 -0.00406631 -0.01156508 0.01401057 -0.0006361338 0.01383817 -0.01918252 0.007245649 0.0007315708 0.01033876 0.1390278 0.04178527 -0.0916749 -0.004275616 -0.001105519 0.01781709 -0.00495328 0.01080677 -0.00349054 -0.002070799 0.008134657 -0.0009581624 0.01504919 0.008560607 0.02260339 0.03259733 -0.005153298 0.04722666 -0.008761927 -0.001281101 0.009550349 0.013806 0.01893716 0.03294282 0.002514445 0.02405659 0.01048249 -0.0004547904 0.008657454 -0.03983868 -0.01245091 -0.003827292 0.00463915 0.0590457 -0.04345132 -0.1206164 -0.04436174 0.01483471 -0.005553824 -0.01618082 -0.001615289 -0.01369273 0.008500207 -0.01100451 -0.003159246 -0.125651 -0.007117217 -0.07578494 -0.000513284 0.005784854 -0.02464212 -0.004644367 0.01388089 -0.002003877 0.003326778 -0.003780594 0.01432969 -0.008505646 -0.01081532 -0.02645716 0.006874267 -0.07147911 0.01938244 -0.01430449 0.01275815 -0.01541468 0.001471473 0.01192436 0.005796009 -0.006842289 -0.03199089 0.07263213 -0.0009018457 0.005758503 0.005416122 -0.02060651 0.01579045 -0.01096309 -0.00349625 0.001436752 -0.01545266 0.01620507 -0.003562825 0.03361864 0.007528797 -0.01064674 -0.01194302 -0.01685383 -0.0009605492 -0.02205051 0.008334544 0.0007460659 0.01060933 -0.02536943 -0.03613452 -0.004666206 0.03140251 0.05971827 -0.4438502 0.01092003 0.009804571 0.03935453 0.01433745 0.02213554 0.05511412 -0.01691813 0.02208386 0.03132519 0.01400622 0.01285199 -0.05489482 -0.007664259 -0.0240045 0.002210394 -0.005557358 0.0006033314 -0.004743761 0.04790315 0.0278791 -0.1241621 0.02190202 -0.04988908 0.005954257 -0.02337345 0.007541634 -0.01560382 -0.007962391 0.001760427 -0.01109972 0.00163284 -0.007102782 -0.001964009 -0.004858519 0.0005434585 0.002429963 -0.02272352 0.004585385 -0.0181163 -0.05829183 0.01020024 0.02746656 -0.001777797 -0.006237596 -0.007899745 -0.002426572 0.007877755 0.006250256 -0.04305586 0.04069413 0.04034406 0.01317294 0.004478872 0.008626462 -0.01214167 -0.00248301 0.001029295 0.08175377 -0.03724989 0.09128112 -0.006670299 0.006187758 0.02200703 -0.001187093 0.01198509 -0.01229315 0.01681101 -0.005015612 0.03495928 -0.06012613 0.05075963 0.02956622 -0.01810883 0.006895913 -0.01531755 -0.003092031 0.007801266 -0.02126893 0.0009922725 -0.003073582 0.0101722 0.06821233 -0.01423601 0.04963753 0.002283816 0.007184025 -0.03293785 0.005909347 0.03303915 -0.04573639 0.01329955 0.02953577 0.0724461 0.01585378 0.0001510942 0.02446315 0.003972892 -0.002398595 0.01155292 0.002482955 -0.01443772 -0.02912886 -0.003316693 0.01047812 0.00111064 0.0005256389 -0.0110831 -0.01756352 -0.01212062 0.001421265 -0.005989763 -0.005822843 -0.002111449 -0.01753795 -0.00512448 -0.0005207629 -0.01488851 -3.693299e-05 0.004300832 -0.02602793 0.03253181 -0.05429404 0.01410397 -0.01243166 -0.006879561 0.007807155 -0.004005752 -0.01465807 -0.02320391 0.0005995934 -0.002208674 0.005412956 -0.0002281289 -0.006278105 0.009292544 -0.003151025 -0.0002626925 -0.0131568 -0.0008097398 0.02769312 0.08426714 -0.005722489 -0.004200508 -0.0206922 0.000274003 -0.01812939 -0.006850927 -0.06849719 0.04409021 -0.06737898 -0.04337353 0.04088486 -0.06095326 0.003297717 -0.03425438 0.01071261 0.02271292 -0.02551777 -0.01518402 -0.01785054 -0.008558406 -0.02131595 0.01207304 -0.005914623 0.002331522 0.03084199 -0.07881509 -0.1367046 -0.0007415893 -0.01395616 -0.02622552 -0.02347045 0.03998134 -0.02486374 0.00448354 0.00549205 -0.009743399 0.01999962 -0.009384032 0.01563328 -0.00832846 0.004676659 -0.01774354 0.03072269 -0.02858 0.03833383 -0.00513776 0.006715244 -0.002082719 0.001621724 0.005895955 0.02812936 -0.006383482 -0.003062267 -0.02141784 -0.002800319 0.009873355 -0.004775117 -0.1124246 -0.01522596 -0.07918804 0.007823741 -0.008349853 -0.007517411 0.002799035 0.00839157 0.003522941 -0.007135853 0.008204248 -0.002740125 0.01029647 0.008101294 -0.0004891967 -0.005188483 -0.007550368 0.02271406 -0.0003400925 0.006372657 0.004283265 -4.820852e-05 0.01108208 0.01729593 -0.1027739 -0.002071267 -0.0610566 0.0150446 0.000786767 -0.004522845 -0.0008629779 -0.01340332 -0.005947589 -0.0003683674 0.01826789 -0.02061891 -0.009923849 -0.001964517 -0.02884183 0.002268654 -0.0008533857 0.006064755 0.03241551 0.0443851 -0.4762442 0.009268701 0.002116073 0.02002566 0.01248437 -0.01643069 0.008791463 0.00846741 -0.007415702 -0.02621609 0.1088939 -0.1155897 -0.4331612 -0.003539923 -0.008080157 0.004505285 -9.272201e-05 0.006914749 0.03412475 -0.002395626 -0.01381625 -0.03377824 -0.02184254 -0.02004413 -0.002113379 -0.02011029 0.0007970073 -0.001550718 0.01445417 -0.00413081 0.0006627524 -0.01043932 -0.002708877 0.05290372 0.05110239 -0.009360271 0.06365349 0.02277035 -0.01309995 0.01337138 -0.02653894 -0.09572789 -0.03841706 0.01876625 -0.01003906 0.002322976 0.03458817 -0.01812033 0.009763035 -0.00465371 -0.01038458 -0.007190014 -0.006071001 -0.1419716 -0.5617386 0.002419685 0.01022618 0.04291044 -0.05794745 0.01926953 0.03696816 0.002613176 0.07455873 -0.1648497 -0.01929579 -0.008961001 0.02563155 -0.00722149 0.003471237 0.05398046 -0.0077346 -0.002578391 -0.002334523 0.01167902 -0.008742511 0.01291319 0.007152204 0.0006846694 0.01303909 -0.02581346 -0.02774945 -0.04074249 -0.1142679 -0.1951745 -0.2559007 0.01092777 0.007471208 -0.0006430661 -0.01259319 0.01142366 0.01825026 -0.003167224 0.002243889 0.03198952 0.002694941 -0.01329661 -0.0007022275 0.01857641 -0.002028188 0.01337094 -0.01279983 0.008597796 0.002922744 -0.007814698 0.001547266 -0.004856667 -0.005524672 0.005082695 -0.001938968 -0.01601424 -0.002074617 0.02274838 0.04497739 0.001834766 -0.06867179 0.01247723 -0.001871351 -0.01107933 0.0135022 -0.01122304 -0.006559751 -0.016478 0.0179536 0.05684098 0.05591829 0.00977597 0.06455928 -0.01955823 0.009837698 -0.002959068 -0.01236859 0.001368897 -0.01386779 -0.001579893 0.004543226 0.001575635 0.06085082 -0.07560057 -0.1182626 0.03827307 -0.009903457 0.08202763 0.01935279 -0.01357512 0.008773596 0.05017252 0.07029239 -0.2804475 -0.04288159 0.04076232 -0.0622934 -0.004459731 -0.006352331 0.01627337 0.005824325 0.002132821 0.03218577 -0.0093408 -0.008631095 -0.0191062 0.04835585 -0.04606602 0.009543977 0.004096803 0.0003758474 0.006946047 0.01243768 -0.005306831 -0.00640682 -0.01155446 0.009235419 -0.01027787 0.01750912 -0.02200358 0.02883117 -0.0002694163 0.01740552 0.02686923 -0.06746917 -0.03447097 -0.1218898 -0.00664689 -0.01178443 -0.004291183 0.002005179 0.004960585 -0.01975518 -0.01396436 0.001369089 -0.03533941 -0.04341709 0.03852549 -0.05455809 -0.01296087 0.01493798 -0.00979625 -0.02082982 -0.01016431 -0.02643984 0.003513889 -0.008532917 -0.002871867 -0.03280279 -0.0674223 -0.07513907 -0.005441304 -0.005998418 0.003747237 0.006924212 -0.00696745 0.02861928 -0.007669866 0.004793815 0.01801237 0.0004439694 -0.00927213 0.02373459 -0.07409774 -0.07845588 -0.1501192 0.002376155 0.002297694 -0.03022304 0.09413413 -0.09804431 -0.5276044 0.001441326 0.003838474 0.0009811381 -0.01071311 0.00260297 -0.02572764 -0.001689471 -0.002825992 0.0005979026 0.002798066 0.03074423 0.03872471 -0.009239037 -0.00832675 -0.02105552 -0.0143585 0.00284672 0.004055222 0.003286809 0.001026716 0.005607021 -0.2794091 -0.2129696 -0.8427182 -0.04831741 -0.03510566 -0.08373576 0.001415808 -0.002758283 0.004467971 0.008865744 -0.00960823 -0.01303119 -0.01581447 0.00309336 0.01495945 0.01368293 -0.00637304 -0.01251234 -0.08226871 0.06287227 0.01012434 -0.00364191 0.03527867 -0.04440232 -0.0004065293 0.0113762 -0.01234333 0.002453628 0.0005015807 -0.0013282 -0.0206773 0.01522087 -0.01614542 -0.0009591714 0.006931569 0.02512845 0.05563547 -0.1423863 -0.3058827 -0.02724637 0.03830905 -0.02379535 -0.004687022 -0.01350827 0.03767832 0.03523214 0.05417002 -0.7059267 0.006328919 0.01325949 -0.009279701 0.07699982 -0.03844793 -0.07074472 -0.02717288 0.03806133 0.0213436 -0.002049393 -0.001717048 -0.007629312 -0.007043905 0.008482432 -0.002177737 -0.05686345 -0.05305994 -0.04528283 -0.04072131 0.04622487 -0.03429413 -0.1224197 -0.06241079 -0.08696828 0.01338753 0.03290656 -0.02713403 -0.06646638 0.006485062 -0.03493046 0.01787409 -0.01161189 0.02672666 -0.00156499 0.02795664 0.08649357 0.006233585 -0.00935688 0.0364376 -0.002812564 0.009394968 0.0139164 -0.0002234015 -0.02292292 0.007556876 -0.01330867 -0.001510776 0.01647536 -0.01861238 0.03096649 0.03350554 0.01699803 -0.01500306 0.0338281 0.006246131 0.003551749 0.01119165 0.003510077 -0.005159547 0.03701958 0.0168444 -0.01718361 -0.03038626 -0.003515137 -0.01588677 0.01648152 0.01016855 -0.0003843921 0.006976173 0.004012822 0.007925801 0.01335718 -0.008669846 0.02120554 -0.009046699 0.001209479 -0.0108889 -0.005261688 -0.06001809 0.05178583 -0.01584579 -0.00985574 0.005044438 -0.02539171 0.007940087 0.006366538 -0.01404022 -0.1249937 0.0009038077 -0.06162817 -0.05046658 0.04438528 0.0263797 -0.007069848 0.01187322 -0.004552833 0.001354445 0.008549912 0.01222726 0.001107838 0.009585312 0.04009755 -0.006667437 -0.07686599 0.06307338 -0.005780089 -0.001129947 -0.00887183 -0.001370914 0.009805877 -0.007471039 -0.002438863 0.005932279 0.02102641 -0.0307002 -0.004527986 0.05003838 -0.01161897 -0.00280514 -0.002033229 0.00100305 -0.005681097 -0.02745711 -0.01210264 -0.005091645 0.00188819 -0.003440823 -0.005284695 -0.001338317 0.001166143 -0.008892506 0.002065458 0.0062995 0.00233257 0.01514259 0.002800648 0.04134155 0.08293885 -0.01199609 -0.002880886 -0.009767315 0.01710499 0.02662442 0.07358513 -0.006273814 0.01728098 -0.009021672 0.009345723 -0.006622591 -0.02282075 0.01392738 -0.02390466 0.04159021 -0.0109865 -0.0003673601 -0.002095046 0.003781395 -0.007745726 -0.01071134 0.0144312 -0.01046722 -0.0006238287 0.02121799 -0.01638975 0.004888673 0.001387507 0.002686508 0.006669276 0.01747895 -0.01028261 -0.02296219 -0.01561137 0.004885454 -0.01335619 0.009684458 -0.01228574 0.01597382 -0.001114159 0.003941013 -0.001019432 0.006633428 0.007120581 -0.03352273 0.0425824 0.01127631 0.01240234 0.007429816 0.03231234 -0.07912813 -0.008136861 0.00624867 0.01679934 0.02047321 -0.02102479 -0.04081233 -0.003052149 -0.005538134 -0.0121219 0.04269608 -0.01495918 0.01826784 -0.008172899 0.0003442747 0.007402171 -0.001638699 -0.0103747 0.01262143 -0.005725216 0.002371175 -0.01282395 0.02370527 -0.01167549 0.02061754 0.0003186581 -0.0005685537 0.002214448 0.007728577 0.07789221 -0.1446057 0.07376499 0.08468497 -0.1156357 0.1017305 -0.06809623 -0.1762222 0.02484754 -0.01209329 0.007802055 0.01270951 0.02131484 -0.004227082 -0.009107213 0.01555979 0.001550586 -0.07220028 -0.04269652 -0.03598267 -0.02385808 0.02162001 0.05047478 -0.03250133 -0.1196795 -0.4494673 -0.00600492 0.004868149 -0.002515546 -0.001882135 0.003581155 0.004581966 0.04389648 -0.04072922 -0.009500674 0.015767 -0.01141422 -0.01095222 0.02066841 0.05141962 -0.03746825 -0.002004366 -0.004914841 -0.004735707 -0.002502493 -0.007189054 0.006954231 0.004121252 0.01683543 0.02382869 -0.04182557 -0.02663388 0.02076247 0.01189558 0.01955038 -0.03134961 0.06573812 -0.002017945 -0.06910303 -0.004106845 0.01899041 -0.004290923 -0.001732051 0.0009933935 -0.001918287 -0.0254509 0.03327902 0.066383 0.007482138 -0.01258169 -0.01865672 0.009433661 0.0165606 0.03567296 -0.0001629922 -0.01296302 0.0003112564 0.0004811478 -0.0004428121 -0.002850755 0.04608917 0.01808646 0.06307463 -0.001884199 0.05177296 0.05563797 -0.01657021 0.03147967 0.08586155 0.005161778 -0.004947042 -0.008453052 -0.001374539 -0.005039325 -0.001016746 -0.005363933 -0.02090015 0.02885951 -0.02199259 0.00993491 -0.0007583974 0.01525746 0.01675211 0.02887598 0.006756302 -0.004838197 -0.000272044 0.007219766 -0.01724266 0.008049645 -0.05196565 -0.008692082 -0.03766355 0.009931743 -0.01048413 0.02416509 -0.01921797 0.03562533 -0.03690651 -0.002028018 0.01099877 -0.01452702 -0.01250106 0.003619421 0.04252619 -0.00433569 0.009184098 0.008516067 0.01190447 0.005274229 -0.01459452 0.01097789 -0.002656134 -0.01718837 -0.01958871 -0.03275967 -0.2788004 0.004363563 -0.008933339 -0.001385099 0.02320405 -0.03601689 0.04996479 -0.001657523 -0.005565219 -0.001108672 -0.07502772 0.04942211 -0.04007472 0.006154065 -0.007254086 -0.03748926 -0.007542798 -0.01325884 0.01185601 0.00426092 0.02911283 0.01796905 0.058195 -0.02794629 0.04003224 -0.0113982 0.01480365 -0.005098085 -0.007955983 -0.0007537639 -0.002254947 0.0129323 -0.003014883 -0.0002732342 -0.01491437 0.02345097 -0.01141063 0.004617829 -0.009235309 -0.008613451 0.003954184 0.02199757 -0.006325061 0.008018084 0.01981101 0.01881603 -0.01633034 0.02130884 -0.01829951 -0.01591085 0.00151994 -0.01835208 -0.002379756 0.0004712298 0.05033834 -0.008157555 0.009745772 0.0004854733 -0.04905466 -0.02801872 -0.03247751 0.05987718 0.009685948 -0.03447919 0.002844297 0.007518705 -0.02667008 -0.01978008 0.03592321 -0.03406325 0.0003326987 -0.01317324 0.002460682 0.005758502 -0.01723648 -0.01749325 -0.01187517 0.006745592 -0.03618637 0.004664861 -0.007321451 0.002509148 -0.0005720067 0.005511381 0.02671616 -0.02151493 -0.1581637 -0.1116913 0.007603299 -0.004050629 -0.008302807 -0.001083225 -0.02588549 -0.009431644 -0.003007166 -0.007036559 0.01099819 -0.06064394 -0.06869864 -0.1115577 0.001675409 0.0094517 -0.02012253 -0.0009821276 -0.006058468 0.03589407 0.006742027 -0.006953351 -0.0113772 -0.0653407 -0.04916753 -0.1216838 -0.002564732 -0.02164396 -0.02527819 0.01316423 -0.0254872 -0.02292959 0.04966755 -0.00533553 0.07960857 0.0111549 -0.04059096 0.02783892 0.05501387 0.09069683 -0.6155428 0.01681359 -0.0005796886 0.0124049 0.1006069 -0.05623308 -0.1227361 -0.0704258 -0.07066741 -0.4234118 0.0638328 0.08523741 -0.3020914 -0.004279796 0.006766329 0.009454065 0.006732151 -0.01097776 -0.02302445 -0.003744248 -0.01010537 0.004415699 -0.001909468 0.009438092 -0.007984429 -0.0009004804 -0.004446493 -0.02141587 -0.00414041 0.01268817 0.02413853 -0.01151492 0.004671479 -0.009543891 -0.003048941 -0.001812603 -0.004073399 -0.03366222 0.0308467 -0.008564829 -0.01732088 0.01693341 -0.01094945 0.01612772 0.009412174 -0.0738369 -0.001513168 0.00761492 -0.0006175516 0.03047441 -0.01646844 0.01242001 0.008619651 0.005550206 -0.01134006 -0.007947687 0.003848888 0.01447044 -0.006793305 -0.008059042 -0.01902906 -0.0133234 0.02045916 0.007547812 -0.01464691 0.001683431 -0.02411076 0.002273515 -0.004040895 0.01628622 0.01358456 -0.009909892 -0.01477393 -0.04812424 -0.01122211 0.02938256 -0.1446458 0.0006696248 -0.05311722 -0.01444409 0.01313075 -0.01496024 -0.01848868 0.007313683 -0.0157871 -0.008706976 -0.005353332 -0.01322252 0.003647119 0.005037455 -0.0156322 -0.001957956 -0.003757112 0.01895974 0.001745981 0.001559559 -0.006201952 0.0003163223 -0.006002443 -0.005505024 0.04537932 -0.03718322 0.03794036 -0.002679117 -0.01341468 0.01286474 0.0110958 0.02012219 0.02405917 0.008910436 -0.01009064 -0.005467844 0.002734276 0.006234321 0.01124939 -0.01548101 0.006548114 0.01016164 -0.002743996 0.01001733 -0.02373158 0.0009800536 -0.01035521 -0.01470271 -0.01384425 0.0417093 -0.09029083 -0.01469278 0.001192644 -0.03140968 0.02460959 0.009470712 0.08122598 0.03428255 -0.07192623 0.05947736 -0.0674601 -0.04192059 -0.1200419 0.01707205 0.03255354 -0.03535763 -0.1104138 -0.05377049 -0.06500523 -0.008241493 0.02446632 0.0479508 -0.0940515 -0.07494905 -0.1932789 -0.008301735 0.003636744 0.009005711 0.020848 -0.02100367 -0.005821423 0.01091854 -0.07046617 -0.03697252 0.001085647 0.00413323 0.01275028 0.002142039 0.007670909 -0.02823933 0.03294812 0.1029726 -0.2996747 0.0007071928 0.004876933 -0.002437691 -0.03375367 -0.02736388 -0.04762222 0.03087322 0.1180749 -0.3995167 -0.04918313 -0.001885557 0.01145762 -0.02091836 -0.006119089 -0.00248181 0.01899403 -0.03209503 0.03629822 -0.006669353 0.008502639 -0.0003726399 0.007900633 -0.008130571 -0.0002019731 0.03402772 -0.05687088 -0.01263506 -0.004218615 0.0009445847 0.02179143 0.003673193 0.04846107 0.05321478 0.02386119 -0.02810246 0.04810317 0.009561285 -0.01114266 -0.006931446 0.01060549 -0.009750435 -0.01634396 0.008121792 0.0005503894 -0.05162052 5.168049e-05 0.01832417 0.01448955 -0.02362086 0.02181604 -0.0301308 -0.006847869 0.008894684 0.01030193 -0.01787534 0.006529551 -0.009318582 0.003313695 -0.003756955 -0.005597386 0.0495375 0.0120156 0.07213859 -0.007279749 -0.01060956 0.0001266086 -0.006327487 0.01780591 0.01367953 -0.005323976 -0.001215674 -0.02442975 -0.008549228 0.002112141 0.02372627 -0.004818968 0.01609846 -0.02005164 -0.01239549 0.005234366 0.03852091 0.1510244 -0.09173299 0.06973471 0.01161047 0.005846273 -0.01133928 -0.02036869 0.01573971 0.007639402 -0.001031395 -0.009570671 0.007342019 -0.007539287 -0.00481022 0.003514604 0.01185537 0.02340122 0.0279798 0.005617764 0.01740145 0.06117355 0.004053373 -0.02011694 -0.03674294 -0.006986107 -0.005576087 -0.002147182 0.01793216 -0.01687982 -0.05812103 0.1448656 -0.07578988 0.0608798 -0.009993464 0.00332121 -0.008264477 -0.0778478 0.06655957 -0.2906592 -0.05031448 0.0314456 -0.03470594 0.01446126 -0.0007344278 -0.02099663 -0.01564906 0.01413543 -0.01315474 0.007815305 -0.1022625 -0.05941731 0.002487168 0.05240203 0.05259296 -0.00589104 0.006415654 -0.008422974 0.01601814 -0.008865831 0.0331344 0.05936713 0.004732544 -0.02883171 -0.002472367 0.01051541 -0.001012924 0.009954192 0.007859057 -0.004331521 -0.01264152 -0.004977405 -0.02852124 0.004144487 -0.01436611 -0.03849516 -0.0540733 0.1133268 -0.05797743 0.0003983197 0.004694263 -0.0022557 0.01490643 0.03505117 0.05194787 0.004969504 -0.006472825 0.04423031 -0.1693162 -0.3650146 -0.5856346 -0.1167798 0.01865392 -0.01334631 -0.005340762 -0.003991224 -0.001663133 -0.001400016 0.001043338 -0.009226098 0.01332839 -0.01013399 -0.004562334 -0.01179566 0.02011627 0.02901604 0.01367367 0.02692134 -0.02868795 -0.01416843 0.02954373 0.05049161 -0.02271077 0.03008446 -0.02369628 0.002894022 0.01400213 0.02179434 0.08124527 -0.07200202 0.04201704 -0.1151087 0.004473757 -0.3855152 -0.008728623 -0.009938255 -0.0198523 -0.02101947 0.01626001 -0.02640072 -0.007228687 0.001114931 -0.06540418 -0.01848772 0.03689522 0.06701963 0.004134831 0.01931068 0.002056316 -0.01156444 -0.002252022 0.0508605 -0.01005811 0.01082041 0.05059063 -0.006573101 0.01342577 0.04606471 -0.007958893 -0.007639207 -0.01207818 0.005870119 -0.001409594 0.01351942 -0.1212273 -0.01851316 -0.04485098 -0.02435806 0.009190751 -0.001460067 -0.0008491273 -0.01250645 0.01614403 0.008122075 0.04038788 0.04313414 -0.02583544 0.03954701 -0.02391206 -0.02106075 0.004002273 -0.01900914 -0.005332679 -0.003166887 -0.0129768 0.1171289 0.1161707 -0.5517568 -0.03589232 -0.05001232 -0.06853923 -0.02382428 0.01440588 -0.01463177 -0.02907596 0.0001652763 -0.01052416 -0.03328815 -0.1020483 -0.05320512 0.01980363 -0.01262673 0.009337147 -0.01064246 -0.00111058 -0.02894142 -0.06553704 -0.2603379 -0.3322788 0.002795145 0.002852561 0.02004428 -0.007251143 0.01065953 -0.03101496 0.008883182 -0.01094799 0.003217355 0.04485886 -0.03134459 -0.00969988 0.003861024 0.003663726 -0.004906931 0.001521994 0.005401775 0.01613186 -0.004072858 0.003923159 -0.002051241 -0.003828898 -0.009216236 0.001340383 -0.004195287 -0.01358585 -0.004516448 0.01880962 -0.0121948 0.006115251 0.008708585 -0.008039864 -0.0002207561 0.008160893 -0.007832534 -0.02493856 -0.05161427 -0.01211063 -0.1317653 0.1211884 -0.0670936 0.1137119 0.01256929 0.01678617 -0.05766749 -0.004781287 0.003402829 -0.00841515 -0.01507857 0.0006474556 -0.01023919 -0.009675581 -0.000558352 0.002398909 0.005771097 0.004534572 -0.02394328 0.01383976 -0.04323313 -0.003305505 0.03120038 -0.001671456 0.04346044 -0.01064901 -0.002088876 -0.009693946 0.01064429 0.002814995 0.01108617 0.03199657 -0.09478633 -0.001442819 -0.05569992 0.04058097 -0.07471219 0.001441855 -0.008965801 -0.02847488 -0.004868906 0.01110177 -0.01645013 -0.005328814 0.01583143 0.01157777 -0.01117304 0.002412099 -0.04821775 0.005679775 -0.01985148 -0.005132913 -0.04757212 0.04435413 -0.02076353 -0.01174578 0.009351881 -0.01044071 -0.001613852 0.005370202 -0.01915827 -0.001267429 0.01337521 -0.02490431 -0.007018644 -0.005643658 -0.02273078 -0.003279909 0.04507787 -0.05864495 0.01091799 0.00395155 -0.005409769 0.004185994 -0.005275839 -0.03512051 -0.266432 -0.2074126 -0.8408312 -0.008651063 0.01285689 -0.00650354 -0.008748453 0.001765767 0.004192968 0.01324482 -0.02956911 0.03001361 -0.005061019 -0.001851983 -0.01958347 -0.08230712 -0.004704765 -0.06151517 -0.006828311 -0.006826079 0.0208367 -0.01068104 0.01400489 -0.02613578 -0.004962977 -0.009520236 0.01141777 -0.0213644 0.006708901 0.03767981 -0.01398058 -0.001008103 -0.004725694 -0.02133706 0.0002921541 -0.01999775 -0.09872841 0.0003262815 -0.04929471 0.00728504 0.003738623 0.01260331 0.002039951 0.0371684 0.04628412 -0.03060462 0.009401926 0.0431609 -0.008312348 -0.0009094662 -0.006702642 0.002556403 -0.008351929 -0.00951166 -0.005759753 -0.00735826 -0.01248777 0.004871384 -0.009621501 -0.02744819 0.001597353 -0.174723 -0.1462601 0.004728389 -0.02119037 -0.03764756 -0.03566107 0.01376142 0.04824842 0.01387433 0.003703332 0.01225462 -0.008167297 -0.009150712 0.006401525 -0.0103652 0.008336015 -0.0004565259 0.003862909 0.01975604 0.07789374 0.01201573 -0.008018436 -0.007079779 -0.01361544 0.007486736 -0.03340873 -0.008656561 -0.0001355595 0.005614494 -0.01266375 -0.002579151 -0.01895607 0.04735687 0.0035829 0.0303867 0.002331637 -0.003921267 -0.01463044 0.0224143 -0.01970839 -0.0313867 0.00247702 -0.004808066 0.005717197 0.005450257 0.0332278 -0.04716617 -0.01462433 0.004864637 0.01556893 -0.004301715 0.01554252 0.01866299 0.003288409 0.006817166 -0.02052381 -0.008884128 -0.01782775 0.03743388 -0.07733616 0.04782581 -0.352759 0.01047255 -0.006298125 0.003335048 -0.06843173 0.09433964 -0.1118943 -0.04794758 -0.01193065 0.02380579 -0.008338202 0.005424458 -0.01419348 -0.009682257 -0.01034783 0.00934757 0.0009127897 0.0118168 0.03780574 -0.01167404 -0.0007110777 -4.918037e-05 0.01026252 0.02475684 0.02127307 0.2226845 -0.1265869 0.1375374 0.004420652 -0.00223011 -0.004119982 0.00500815 -0.1420537 -0.09468146 -0.002792332 0.03478381 -0.0534865 -0.04236126 0.1257495 -0.1450171 -0.005619157 0.0005105847 0.005332635 0.008791316 -0.005141278 -0.06156517 -0.001121837 -0.001808014 0.01747789 0.04419077 0.01501262 -0.07999588 0.02473637 -0.004408317 0.03813281 -0.004091672 0.02916764 -0.02248654 0.01658877 0.0008483251 -0.02737173 0.002863925 -0.003666896 0.01462665 -0.1516197 0.04241981 -0.07615084 -0.01764428 0.02099099 -0.001304711 -0.02093839 0.02146231 -0.08154581 -0.01701965 0.006442273 -0.01143899 0.003344819 0.01277824 -0.01063055 -0.03163406 -0.001249875 0.0541766 0.003331826 -0.008699592 -0.01326072 -0.01182532 0.02106889 0.01034179 -0.002749346 0.002615158 0.007883978 -0.005013197 0.01060002 0.01607312 -0.009294897 0.01483551 -0.00748733 0.0115077 -0.01006953 -0.00358777 -0.009963866 -0.005186945 -0.01018763 0.002858542 0.001856042 0.02248772 0.0278995 -0.02971441 -0.01842379 -0.01212395 0.01444171 -0.002289853 -0.007320288 0.007624172 0.02571602 -0.06811357 -0.09637824 -0.3135423 0.01143297 -0.00121266 -0.01411506 -0.005737241 -0.001623686 0.006501705 -0.04219733 0.03132078 -0.6546079 -0.002116918 0.008615108 -0.02218443 0.01735411 0.01250384 0.01713625 0.01086363 -0.001369628 -0.02039875 0.01457475 0.005968515 0.03113462 -0.0145734 0.01414663 -0.01283888 0.03215881 0.0718341 -0.03260029 -0.02294514 0.03532335 0.03158038 0.007910104 -0.002184985 -0.02513846 0.01882661 -0.01812708 -0.004378921 0.004180873 -0.002558729 -0.0001495714 -0.008507743 -0.003972901 -0.0131612 -0.005587592 0.00803498 0.02071119 -0.002341011 -0.01343307 0.01209501 0.007785183 0.02477804 -0.04337319 -0.003047544 -0.008345913 0.0008829245 0.001034979 -0.005701272 0.002500081 0.007541601 -0.006679441 -0.03536896 0.005311575 -0.01367943 0.009832934 0.01119315 0.007331278 0.01617824 0.01796949 0.004036069 -0.02470115 0.02044761 0.06247212 -0.0355973 -0.01328376 0.01351435 0.02322799 0.0004603495 -0.01300647 -0.005313029 0.04212662 0.01039341 -0.0523712 0.01906693 0.04257155 -0.03697366 -0.005679145 -0.0005159768 0.008815422 0.02050727 -0.01844208 0.02556335 0.00885988 0.02323612 -0.01481146 0.02511192 0.04932021 -0.2786883 -0.1015464 -0.07204363 -0.4045257 0.003954396 -0.01133184 0.001510628 -0.008656744 -0.003998439 -0.01220369 -0.002905298 0.004835552 0.006973126 0.003334348 -0.0263273 0.0194287 0.02165486 -0.009851808 0.03650061 -0.0003577634 0.01841694 -0.01586596 -0.01296086 -0.002740031 -0.02362796 -0.002741925 0.002481855 0.009208304 -0.001958411 -0.003355818 0.01173107 0.004873477 0.01345819 0.002528221 0.004326277 -0.01277669 -0.01465327 -0.00763436 0.004659217 0.0026133 0.01255795 -0.006949342 -0.01951374 -0.0009915489 -0.005699744 0.008329493 -0.006095036 0.0004894958 0.01051779 0.02688591 0.02939099 0.04163369 -0.02211151 0.0676418 -0.1020406 -0.008927215 -0.06660374 0.06609093 -0.006758373 -0.0001493645 -0.002495618 0.006923412 -0.007117741 0.0005702013 0.01284241 0.00712318 -0.003320533 -0.01172922 0.0257353 0.05866129 -0.01611607 -0.01297529 0.01334706 0.02210082 -0.01904098 -0.04072891 0.01270938 0.00332985 0.006372141 -0.004976579 -0.00126829 0.009107393 -0.07398743 -0.1236093 -0.1197688 0.008555036 0.002416614 0.02292918 -0.0008019204 -0.01055705 -0.003840386 -0.01808865 -0.00307044 -0.01794126 -0.05370088 -0.05357458 -0.04390834 0.03669575 0.02178504 0.01453982 -0.0003345939 0.01564238 0.02674373 0.001175154 -0.002022266 -0.01057597 0.007966969 0.01995539 -0.03748858 -0.02521916 0.02317658 0.02250484 0.005050824 -0.01190711 -0.02818606 -0.001846041 -0.005489498 0.002197907 0.006088734 0.006525859 -0.02480747 0.001044695 -0.004079251 0.02148572 -0.01373191 -0.004035387 -0.01387777 0.002236929 -0.003149047 -0.02599286 0.02188205 -0.008766985 0.01610328 -0.008224647 -0.02770609 0.06459011 -0.0350067 0.005707547 0.0336993 0.009998644 0.009916281 0.08440429 0.009327777 -0.009704798 0.03131672 -0.005089942 -0.002063774 0.004399233 0.009197351 0.01733821 0.03454831 -0.007572665 0.005663332 0.01243784 -0.01403261 0.006208311 0.01369515 -0.02279101 -0.00261908 -0.07655637 -0.02690016 0.0311475 -0.03112882 0.01335343 -0.009286642 -0.01418206 -0.02047748 -0.02491253 -0.02381383 0.005179372 -0.006679798 0.0004701996 -0.01773544 -0.007787567 -0.02055752 -0.004477467 -0.004034963 0.009330389 -0.006474625 -0.01157396 -0.001260747 -0.0004635933 -0.01378826 -0.027068 -0.3018066 -0.2130186 -0.7609669 -0.2166057 -0.1740088 -0.7525105 0.007386536 0.005645595 -0.01126688 0.004784707 0.01610545 0.04570271 0.001822632 -0.0007870829 0.009617792 -0.01404895 0.001877735 -0.03538658 0.01309252 0.02171385 0.01394601 -0.001864571 -0.0261975 0.0007694447 -0.005660824 -0.007775042 0.001709738 -0.0769703 0.06048382 0.01693547 0.006897349 0.01229589 0.03598773 -0.05332137 0.1007046 -0.1793052 0.0007629697 0.002271479 -0.01395539 -0.004499029 -0.005731751 0.009859207 -0.009434335 0.03305191 -0.04226875 0.02539529 -0.01011551 0.03751684 -0.01176605 -0.002038958 0.006940265 0.009253366 -0.01087618 -0.005676718 -0.003496047 -0.01013168 0.005370834 0.004349996 -0.002963552 -0.008933234 -0.09786813 -0.0386256 -0.09021976 -0.002237569 0.0114534 0.02174588 -0.00301877 -0.0124456 -0.006754807 0.009480715 -0.01098031 0.02722523 0.02463544 -0.01293472 -0.01069903 -0.007362566 0.02332196 0.01802491 -0.173536 -0.1063663 -0.1979166 0.007978264 0.004824701 -0.01708902 -0.01431678 0.07130121 -0.1862773 0.0002777581 0.0225553 -0.006084963 -0.003787696 -0.01042976 -0.006461977 -0.004518594 0.01557497 0.07632153 -0.002647873 -0.006905926 -0.004899214 0.007933553 -0.006084332 0.01319271 -0.001372791 -0.006567176 -0.002429876 -0.0001304741 0.009846801 -0.01114738 -0.002169838 -0.01702201 0.01649622 -0.006866842 -0.004525699 -0.0200282 -0.01584906 0.01624997 0.0155375 -0.02705389 0.009938382 -0.01845078 0.01973113 -0.008481238 -0.00798416 0.008311186 -0.009005064 -0.015847 -0.001457469 -0.003067981 -0.007349924 -0.0146584 0.0005240907 -0.001432871 -0.005910523 -0.007382637 -0.0005652597 -0.009879615 -0.00900075 -0.01431361 0.0203137 -0.0055004 0.03442517 0.006116257 -0.004583827 -0.01914674 0.006180626 0.01791211 -0.01311141 -0.003079 -0.0009798006 0.003340264 0.01573379 0.001610013 0.008620088 -0.01708178 -0.006126903 0.001527403 0.01030634 -0.02017074 0.02567414 0.05027321 0.007367713 0.02291555 -0.02266649 -0.007180139 -0.02410515 -0.003887768 0.02395784 0.06476041 0.007415843 -0.007310267 -0.03498519 -0.009056319 -0.01830138 0.0007632421 -0.003841623 -0.004935853 -0.006161883 0.002311055 -0.003537359 -0.01698157 0.00888386 0.004216056 0.01564258 -0.004706669 0.03802139 -0.002053278 -0.01650088 -0.06156355 0.04634243 0.01523988 -0.002630798 0.03209872 0.007089753 0.00617883 -0.02084958 0.003107947 -0.002723464 0.005850409 0.01967368 -0.007599367 -0.04074852 0.02980594 -0.002387106 0.03261342 -0.003797199 0.02280464 0.06426736 -0.01218768 0.007571921 -0.01516285 -0.0143818 0.006071208 0.01345582 0.07135649 0.08719227 -0.1036075 0.0001813513 -0.03283117 0.021808 -0.005067542 0.01569108 0.05975591 0.02009784 0.01062701 0.0838401 -0.002334926 0.01850678 0.0409041 -0.1788649 -0.2780871 -0.4408934 0.0113708 0.004228234 -0.01830281 0.008421365 -0.002192613 0.02450696 -0.038833 0.009339381 0.05886496 0.0006119167 0.007627562 0.007036251 0.1036583 -0.05585325 -0.1309519 -0.008349206 0.003174942 -0.01008566 0.004202562 0.00624944 -0.004181399 -0.02644433 0.02774908 0.01235076 0.07759289 0.05334136 -0.1301708 0.1903321 -0.103667 0.1192221 0.003042032 0.01547672 0.002609796 0.04877024 -0.009710075 0.002724319 0.02779165 -0.002449553 0.02854175 -0.01906803 0.03516752 -0.03191373 -0.01132392 0.01864883 -0.002833619 0.01333557 -0.01051929 -0.01317065 -0.0156885 0.0015886 -0.01213044 0.006742785 -0.002217535 0.009864264 0.006068271 0.006652623 -0.02071492 -0.0245668 -0.004176682 0.03666867 0.05154933 0.1440929 -0.4678802 -0.07066149 -0.2615358 -0.3854958 -0.006917089 0.007734232 -0.0067881 -0.0546463 0.05001076 0.04537198 0.005212624 -0.004717592 -0.01046812 0.009877246 -0.01018679 -0.01264326 0.02209404 -0.007404812 0.01761665 0.005209983 0.01137747 0.03054012 -0.03647578 -0.02683735 -0.04340244 0.0197922 -0.004233492 -0.06463044 -0.0159591 0.01456174 -0.007136556 -0.01034072 0.01973892 0.03082952 -0.007118765 -0.01181262 -0.00255034 0.009477122 0.009640672 -0.02392951 0.01472979 0.001731331 0.01293173 -0.007904626 0.008453229 -0.02761956 0.04364657 -0.02574707 -0.1778908 -0.005565587 -0.01710863 0.03647938 -0.0008272748 -0.001538291 -0.009803112 0.008314833 -0.01644963 -0.01714714 0.178453 -0.09990508 0.126483 0.0007000943 0.0005898281 -0.0467957 -0.01463589 -0.05782141 0.007556233 -0.003832384 -0.0165129 0.01571054 -0.002455074 0.002151021 0.000788142 0.004903593 -0.02087367 0.03375206 -0.008819224 -0.0224726 0.06411762 0.01895456 0.0009172318 0.01852798 -0.009608969 0.003814409 0.02821997 0.0005719536 0.00480021 -0.02683123 -0.3908814 -0.2852002 -0.9848488 0.0191986 0.002388231 0.01621151 -0.1314545 -0.02495764 -0.07231695 -0.004825305 -0.005601957 -0.01808945 0.01551639 -0.01741489 -0.004857547 0.008499451 -0.05376961 0.02337371 0.02589244 -0.01439306 0.0007837722 -0.002796825 -0.005754279 0.010528 -0.006713178 -0.004018812 -0.002203326 0.003621061 0.03293249 0.03767376 0.00347507 0.03385564 0.09121166 0.04148824 -0.02243507 0.0159177 0.02043622 -0.01419086 -0.03336903 0.009585887 -0.01355876 0.02175868 0.08542329 -0.1262776 0.01747382 0.002611001 0.003070857 -0.007240201 0.0002875817 -0.008563597 -0.0008529192 0.004370183 -0.00677973 0.009246607 0.01071744 -0.006350039 0.0137351 0.01491864 -0.01027316 -0.009602278 0.01311071 0.01975657 -0.08545423 -0.004985231 -0.004240943 -0.0005299589 0.003523108 0.009698711 0.00930714 0.02159858 -0.01935212 -0.009088849 0.007310879 -0.009554646 -0.02993087 0.01055655 -0.0347987 0.03291865 -0.0049952 -0.005981207 0.003346951 -0.02671429 0.01429789 0.01578843 0.03362426 0.07279391 -0.2804996 -0.01418177 0.0146599 -0.0118768 0.006643583 0.003606798 0.01136743 -0.1480909 -0.08296651 -0.1799064 -0.00732319 -0.01057556 -0.005131583 0.007916182 -0.1347288 -0.05686991 -0.002309307 0.05311112 -0.07064582 -0.01781716 0.006808773 -0.01531227 0.01919216 -0.01203447 0.03020531 -0.0005302089 -0.00362025 0.0152009 0.0119654 0.0002718103 0.01695019 -0.0006858143 0.008346554 0.02540855 -0.09202352 -0.04332672 -0.05805076 0.01028242 -0.01768401 -0.02111971 0.005432625 -0.00838745 -0.01359012 -0.07834983 0.02960302 -0.09869703 0.008018389 0.02293174 0.01891807 0.0007372131 -0.008112151 -0.007416143 0.02467323 -0.0249783 0.03200559 0.00737289 -0.006500617 0.06626862 -0.01030021 -0.007763298 0.006352254 0.006788616 -0.01814487 -0.01646971 -0.0005230303 0.01462053 0.01900791 -0.01275144 0.007486841 0.004493826 -0.05049981 0.1174052 -0.05810177 0.01049328 0.006014051 -0.02200785 -0.001919139 0.008132309 -0.01083133 0.02006019 -0.005663743 0.03293391 -0.005945622 0.007522853 0.02622957 -0.003890886 -0.001734812 -0.007929954 -0.008566476 0.003311096 -0.01909578 0.01830726 -0.01822732 -0.05135336 0.007068266 0.01241598 -0.05415014 0.005512298 -0.01607343 0.02633423 0.01874131 -0.01006714 -0.03222077 0.09085295 -0.04286738 0.09237015 0.0190116 0.01036841 0.06706501 -0.002795796 -0.008494623 0.009842237 -0.001108642 -0.0166681 0.01457984 -0.01801814 0.02233522 0.01203552 -0.01548442 -0.07031307 0.04838914 -0.004760675 -0.00261639 -0.01401432 0.0007749093 -0.008642586 -0.002325452 0.005073861 -0.001751652 0.01318797 -0.0003544907 0.009298559 0.0143764 0.009198543 0.03516918 -0.02826362 -0.01143106 -0.0003786347 0.008500759 0.0007418883 0.004664512 0.01424971 -0.006182992 0.003512192 -0.002060789 -0.02931978 0.05030976 0.01443191 0.004518306 0.002147415 -0.02296349 -0.006268646 -0.0004166606 -0.02369473 0.01247398 0.019297 -0.08456954 -0.00420488 0.01193507 -0.00372948 -0.002204045 -0.002652329 0.001283261 0.03430936 -0.05861057 -0.03955122 0.007022564 0.004209179 0.01631266 0.01512848 -0.003445396 0.03660538 0.01049229 0.006143071 -0.01780565 0.1733411 -0.09474776 0.07725286 0.01157007 0.00880721 0.009893716 0.001520027 0.006103359 0.02478634 0.004010384 0.01272539 0.0113819 -0.01614047 -0.003589436 -0.01592692 -0.008877885 -0.006099265 -0.003686181 -0.004365979 -0.002921298 -0.009258377 0.06862627 -0.06069896 0.07088362 -0.008873068 -0.009388659 -0.01818428 -0.003242876 0.001956518 -0.01609263 -0.02436051 0.02502204 -0.03048433 0.01213686 -0.0311741 -0.03455191 -0.01903762 -0.0009582917 -0.004967402 -0.01158928 0.01427892 -0.03057153 0.0127023 -0.002998956 -0.02305857 0.01240935 -0.003545789 0.001067686 0.00482639 0.01271189 0.02270507 -0.002175483 0.004001312 0.01056511 0.009596139 0.01217449 0.02363513 0.008637387 0.006302528 -0.01647265 0.002148461 0.02022465 -0.01412445 0.00100679 -0.00382347 -0.008874266 0.0641171 -0.005496692 0.02881412 -0.01112491 -0.0118007 0.005330381 -0.00480961 -0.006892251 -0.006179566 0.01317234 0.03407758 0.05969005 -0.005216978 0.01604977 -0.00112575 0.06204345 -0.0335497 0.09774657 0.00161529 0.0002880656 -0.003215983 -0.08457276 0.06400156 0.001681863 -0.09221566 0.04528487 -0.01153332 0.0002044369 0.00944607 0.02178484 -0.004077638 0.002722677 0.01514224 0.01412208 0.003592459 0.08515806 0.001572591 -0.02048834 -0.03313328 0.01232652 0.01140376 0.006469325 -0.006069961 -0.001472864 -0.002157326 0.002221605 0.02484199 -0.002069422 0.002120663 -0.01565856 -0.01436787 -0.0058491 0.00263242 -0.01627164 -0.003541391 0.01369732 0.02296169 -0.006665905 0.02431993 0.05959598 0.05980807 0.00682918 0.03932062 -0.01472231 0.03130218 -0.01987284 -0.006289787 -0.001370079 -0.006816528 -0.03059398 -0.002648763 -0.01770917 -0.04171605 -0.02897962 -0.05819474 -0.006647326 0.0002180879 -0.005732845 0.003300226 0.005645869 -0.01742046 0.001965188 0.0002288531 0.001244412 -0.001097708 -0.001609851 0.001042456 -0.001033742 -0.003876878 -0.03325189 -0.004348505 0.004313014 0.002106772 0.0005455171 0.02301249 0.02386531 0.0154558 0.01126228 0.02262157 -0.0140936 -0.01179023 -0.02363233 -0.01483198 0.003978321 0.01639245 0.01295655 -0.0009356922 0.01688626 0.00470448 -0.002214883 0.01341072 0.00436103 0.01056856 0.003347085 -0.005571614 -0.009063876 -0.009667805 -0.004132863 -0.00493652 0.00480735 0.001178917 -0.01735913 -0.02001636 -0.003544829 -0.001549125 0.006784665 -0.009653602 0.01334941 -0.006636019 -0.04634694 0.04003174 -0.002692531 0.106026 -0.05830965 0.1096632 0.02685597 -0.0189443 0.02807264 -0.01367543 0.01260661 -0.02569048 -0.001720659 0.001728431 0.008768988 0.001829803 0.001612628 -0.00883904 -0.01069808 0.01818698 -0.01943117 0.04245345 0.08648196 -0.4867133 -0.003966525 0.01331748 -0.02464131 0.005129427 -0.005441955 0.03830364 -0.02660119 0.01127058 -0.08272985 -0.00477771 0.0002570787 0.002536089 -0.005727265 -0.001693746 0.006018859 -0.003902912 -0.004527347 0.009870038 0.02723498 -0.1003032 -0.005024708 -0.006901856 -0.003422903 0.002981096 0.01262788 -0.05420879 0.04183795 -0.03464665 -0.01186092 0.03073027 0.002587192 -0.0106233 0.01775377 0.01466993 -0.02736622 0.02903596 -0.0377489 0.009366052 -0.07186997 -0.08489549 0.05574366 -0.003934399 -0.01532517 -0.03952263 0.02165416 0.004544702 -0.0024395 0.03650545 0.09259155 0.1473273 -0.4400382 -0.001694925 -0.009135181 0.01038189 0.01142035 0.006167652 -0.01814488 -0.005634623 0.01455272 0.008416948 0.0008213562 -0.01020778 -0.01161982 0.002143264 -0.02979645 -0.02895112 -0.01058658 -0.006321076 -0.0006718813 -0.0137164 -0.002948847 0.007797462 -0.4012603 -0.2873333 -0.9604014 0.01917363 -0.01631827 -0.002426817 -0.1157733 0.009276636 -0.05749466 -0.01867652 0.004320264 -0.009296053 0.005126536 -0.01090911 -0.01430752 -0.3666732 -0.2658484 -0.9199561 0.00124446 0.002229724 0.008438596 -0.01140784 0.008175258 0.0006870916 0.02004347 -0.01310663 -0.02477546 0.004627599 0.007204214 -0.03282541 0.004539479 -0.01184035 -0.0196392 -0.01024851 0.008351013 -0.01159591 0.007812027 -0.01707513 0.0201691 -0.001285955 -0.005993526 -0.02132095 -0.004741687 -0.001072878 0.001229041 0.005622672 0.01208202 -0.02129288 0.01414918 0.0039034 0.02174163 -0.02861199 0.001705784 -0.003328278 0.2686405 -0.1532499 0.1406063 -0.03780887 0.01649622 -0.004318732 0.001289975 -0.005723206 -0.01609749 -0.01218755 -0.0001438985 -0.05932608 -0.005817413 -0.003818087 0.003906556 0.001683336 -0.009727455 0.008315646 0.008062113 -0.009902138 0.01916371 0.000632063 -0.006328024 0.0001047375 -0.01441018 -0.000249708 0.00412928 -0.01575668 0.001116793 0.02545297 0.01124916 6.751728e-05 0.02960877 -0.0141695 -0.0008953101 -0.005003518 -0.0004904079 0.01765215 0.002112486 -0.006932981 0.01899192 0.0117297 -0.02575878 -0.01527158 0.003951727 0.02464431 -0.02726245 0.03640513 -0.01786211 0.01041706 -0.01543583 -0.007343623 0.0113631 0.005762347 -0.002312954 0.006785341 0.004512493 -0.003528799 0.004962409 -0.0109191 -0.001676816 0.01523095 -0.02614402 0.006738503 0.02389485 -0.01258192 -0.01680643 0.02472482 0.0446892 -0.01058279 -0.009420749 0.001858153 0.00201061 -0.005459692 -0.002920157 -0.004480944 -0.01174829 0.01437615 -0.0123818 0.04972921 -0.1035086 0.02164725 -0.02196834 -0.003461706 0.001466418 0.005441232 -0.001662339 -0.0008072047 0.02061318 0.01720886 0.02444001 -0.02037776 -0.01893985 -0.06653301 -0.09844607 -0.4881428 0.08379909 0.05541212 -0.1626246 0.01031942 -0.01319293 -0.01453863 -0.005174074 -0.003490457 0.004322902 -0.008094709 0.02185028 -0.0005415147 0.018542 0.01513434 -0.00583782 -0.009657122 -0.009818923 -0.02129642 0.002454445 0.0008885266 -0.009405415 0.01287072 0.004778022 0.0002225684 0.007982919 -0.005956657 0.0004974371 0.005279344 -0.009405266 -0.008553044 -0.008108698 0.01974859 0.06032538 -0.02015484 0.01581769 -0.006603054 0.003774575 -0.008326381 -0.003573277 0.002192444 -0.01138672 0.002514319 0.01909056 -0.006160039 0.02583059 -0.01083487 -0.007705698 -0.0231834 0.02275094 -0.02171437 -0.01207078 -0.0004420127 0.006301213 -0.008526507 0.014623 -0.002798354 0.0348931 0.0002762941 -0.0440114 0.02565057 0.06794008 3.601064e-05 -0.6124147 -0.01199783 0.002423214 -0.006733666 -0.02494257 0.03128878 -0.02697373 -0.0282958 0.03654104 -0.02916254 -0.002910848 -0.01125085 0.009980802 -0.003927335 -0.01007535 -0.001505465 0.009186286 0.005114485 -0.03996154 -0.0243497 0.00920566 -0.01263864 0.002101329 0.01473986 0.02169269 0.01469649 0.03555092 0.06290089 -0.01264192 -0.1627642 -0.5067706 0.002174492 0.009340072 0.01946173 -0.1355204 -0.06885547 -0.119519 0.006692753 -0.008928156 -0.01995935 -0.01280751 -0.007208792 0.01145136 -0.00804927 -0.007650783 -0.009414296 -0.01544346 0.0526952 -0.3904561 -0.0656727 0.05592102 0.03633629 0.006976657 -0.005904414 0.01940482 0.004075665 -0.0123848 0.01092883 0.005032976 0.03015594 0.01576698 -0.001130268 -0.002788786 0.001461999 -0.002405192 0.01680321 0.04957023 0.004140132 0.02145915 -0.01966865 -0.005871973 0.003316181 -0.01726532 -0.03899985 0.0121043 0.0636728 -0.01267475 -0.000131294 -0.01384522 0.008919999 0.03435803 0.04405835 0.01464978 0.004604553 0.03178607 -0.01323939 0.006199708 -0.005825615 -0.002491641 0.004449164 0.006530845 -0.0022729 0.0002755505 0.01388341 -0.002349361 -0.005127337 0.0120576 -0.003885552 -0.002299628 -0.01053178 -0.002771895 0.01093802 0.006317736 -0.001507416 -0.006603835 -0.007079962 -0.01473605 -0.01445629 0.01711254 -0.003909546 -0.0180424 0.003670969 0.008162457 0.01878906 0.02102724 0.004214894 -0.0239576 0.04427864 -0.09481832 0.0030942 -0.01296147 -0.07563666 -0.04135349 -0.03365996 -0.02003343 -0.1337859 -0.270012 -0.003160655 -0.00775433 0.004323059 0.00308786 0.01856974 0.0196051 0.104659 0.00322989 -0.02402833 0.01308194 0.03152052 0.03240971 -0.001685541 0.04538975 -0.1089089 -0.0111514 0.003304366 -0.01826175 -0.0003075446 0.01454054 0.007877589 -0.009613186 -0.0003439178 -0.02272918 -0.009258192 0.0160225 0.008421813 -0.009822208 -0.003463507 -0.0007128259 -0.007025491 0.01380192 0.02241211 0.009458758 -0.0001892865 -0.01420725 -0.004995159 -0.006235495 0.004609481 0.01859552 -0.002900524 0.01177635 0.004561641 -0.0007062143 0.003409267 0.01228911 -0.007924775 -0.003472052 0.1118418 0.01661348 -0.02844178 0.004175298 0.003798416 -0.0195158 -0.001111631 0.004527606 0.0007786611 0.02480435 -0.09886182 -0.4175932 -0.03369081 -0.1054668 -0.0574756 0.007727931 0.008927679 0.07980593 0.000797112 -0.01396101 0.00340882 -0.006077487 0.002261849 -0.01106544 -0.006010044 0.004162012 -0.02045023 -0.01032502 -0.004468258 -0.003760356 0.08906665 -0.0768245 0.05693768 -0.004979521 -0.00376142 -0.003518987 0.001797408 -0.000619931 0.02230055 0.03120559 -0.06210737 -0.0395898 -0.01004634 0.01574867 0.006402415 0.004523917 -0.0415407 -0.001873475 0.04464493 -0.005930673 0.03735118 0.04970447 -0.01969046 0.02005733 0.001186524 -0.005014775 0.001912032 -0.01350547 0.00240944 -0.01241963 0.02298928 -0.02816981 0.0545497 -0.01400292 0.00417706 -0.01572781 0.004636672 -0.01081389 0.01235763 -0.05781289 0.1018837 -0.04080222 0.01869932 0.01457014 0.0489593 -0.01101845 -0.006310707 -0.008507534 -0.008800041 0.008214844 0.04489376 0.008269347 0.001692979 0.003319581 -0.01065632 -0.01008825 0.02293208 -0.0160635 0.02164947 -0.0161052 0.005668026 -0.001478258 0.01788357 -0.01012187 -0.001529286 -0.01636425 0.006366324 -0.00141995 -0.03096469 -0.02201706 0.03411283 0.06435595 0.009284247 0.005468078 -0.008277169 -0.001033645 -0.002611924 0.002191191 0.01343179 -0.00398948 -0.01925625 0.02097781 0.002797196 -0.001126702 -0.0007409821 -0.003794618 0.004960735 0.01713651 -0.004345711 0.02974927 0.005849172 -0.0003053116 -0.02610383 0.040937 0.01773736 0.07486565 0.03930893 0.09483299 -0.2821737 0.002828043 -0.005606989 -0.0340553 0.001693406 0.006907378 -0.05525313 4.667463e-05 -0.006831786 -0.0007208353 0.01281882 0.02348687 -0.03103684 0.03884719 -0.05394449 -0.006485726 0.003253196 -0.01242345 -0.02278627 0.01351123 0.02867341 0.002201417 0.003258009 -0.0003285109 -0.1176053 -0.01033171 0.007113859 -0.008984066 0.004878518 -0.01060049 -0.02459556 -0.005570936 0.001372082 0.008134251 -0.007090013 0.008745056 -4.453865e-05 -0.01322351 -0.0001228479 0.01179736 0.003826458 -0.0004838397 0.0283681 -0.001454584 -0.01305582 -0.0137944 0.000569426 0.01292908 -0.01870976 0.006355551 -0.0144149 -0.0006584628 0.09360649 -0.05207134 -0.1129974 -0.0045508 -0.001043032 -0.01577299 0.01730489 -0.007452987 0.01895398 -0.002434995 0.01268854 0.001413663 0.01587913 -0.002798675 0.03077761 -0.007008861 0.003646573 0.01684904 0.03634513 -0.008708334 0.05049298 0.0001209122 -0.01181735 -0.005250947 0.005414416 0.001457857 0.02465644 -0.001839723 0.0181709 -0.01825358 -0.01251571 -0.02500905 0.01768918 0.01684519 0.02036227 -0.02222475 0.01388847 0.0122134 -0.02593697 -0.001437325 0.01452593 0.03203954 0.02274417 -0.02026901 -0.02843144 -0.0008318028 0.002862139 -0.06553225 0.01520274 0.002608508 -0.01072318 0.003208545 0.01845331 -0.05277811 0.005677715 0.02610632 0.03901625 0.02049566 -0.01019532 -0.03731127 -0.0004948932 0.02287293 -0.01156606 0.0638204 -0.0008070114 0.03477945 0.08868308 -0.04692702 -0.1002393 0.000174359 0.007830221 0.0194644 -0.004521133 0.001535876 0.0113553 -0.005090177 0.01466514 -0.0309125 0.04392726 -0.02891931 0.01270168 0.01030438 -0.0001963786 0.01695376 0.006004248 -0.006006746 -0.007775309 -0.01036168 0.01619979 0.01905898 0.0192604 -0.01676424 -0.002466745 0.0039748 0.01322619 -0.003236244 -0.01901056 0.006995616 0.006261508 0.0008757603 0.01921884 -0.01151296 0.01810573 -0.0006562042 0.02025066 0.01135949 -0.02034112 0.02868098 0.02895117 -0.03929696 -0.02298529 -0.001358863 -0.009942276 0.02123858 0.03061916 -0.009977719 0.03473646 0.001261134 0.01733673 0.001953912 0.003099811 -0.006721871 0.004990802 -0.0004516053 0.01841569 -0.01296972 0.009696666 -0.0005823205 -0.002391442 0.01838907 -0.004580692 0.03465617 -0.003129038 0.007673885 0.02021488 -0.02075769 -0.1167093 -0.3782191 -0.001219403 0.022835 -0.01380613 -0.1182811 -0.0005937441 -0.01843288 0.09577879 -0.1091607 0.01031866 -0.006773285 -0.006278615 -0.001687008 0.004034196 0.02295425 0.0007941732 -0.001227766 0.01005442 -0.02060645 -0.005832202 0.003346674 0.01827941 0.06232701 -0.004538817 0.02364825 -0.0681929 -0.01299424 -0.1589336 -0.001946542 -0.006770294 -0.007344822 0.0003747647 0.01100737 -0.01121513 -0.03471435 0.02802643 0.01449901 0.01228341 0.02627279 0.02675118 0.007126134 0.020174 0.02317134 0.004541241 -0.02136837 0.03650401 0.01227367 0.004557641 0.01202031 0.002563064 -0.002757468 0.004349847 0.007181928 0.000155097 -0.002818546 0.001679562 -0.00569687 0.003383409 0.005767677 0.005374298 -0.06336431 -0.001900088 -0.004217757 0.01932972 0.04304061 0.02018494 0.03201164 0.06842271 -0.01943897 -0.05449119 -0.02265592 -0.02878119 -0.03156234 -0.02089625 0.003992628 -0.02057653 0.00042842 0.05026859 0.05136899 -0.009633236 -0.001417082 -0.01403324 0.006625623 -0.007879015 -0.02343065 0.007854547 -0.005553149 -0.01063735 -0.002196386 0.003438121 0.004804694 0.005744774 0.002570545 0.008493596 0.005614195 -0.01494524 0.01689205 0.0214462 -0.01811846 -0.0454435 0.02147895 0.0176797 -0.07434642 -0.04739061 0.04021784 0.008654096 0.0706107 0.03476444 -0.1206898 0.003327866 0.003731038 -0.004017795 -0.01262105 0.01506424 -0.006019953 0.08825287 -0.008942233 -0.1651581 0.003498227 -0.0282842 -0.004738635 0.01547927 0.000260207 -0.007771612 -0.01399342 0.01507488 -0.008319165 0.002210826 -0.01815058 -0.007672465 0.01746478 0.01071894 0.01638848 0.01233345 -0.001785071 0.02578548 -0.001867007 -0.009327292 0.007874527 8.875551e-05 -0.01488141 0.003843174 0.001312487 -0.006882105 -0.02562669 0.08885942 0.1425777 -0.4963733 -0.007014762 -0.004140913 -0.021618 0.001930953 -0.01592924 -0.02059991 0.09756721 -0.1411394 -0.03898341 -0.004779774 0.0002724027 0.001952888 0.01372253 0.0007447341 -0.006245819 0.02018511 -0.01936814 -0.04620057 0.0007694517 0.01128387 0.0280992 0.004553568 -0.01035043 -0.009190303 -0.02100334 0.008572001 0.001662661 0.01105657 0.0006812263 0.003834971 0.01189041 0.03393471 -0.1697665 -0.001343593 -0.007063769 0.003499643 -0.001323796 0.01163044 0.01613086 0.02743252 -0.0005660075 0.04430947 -0.02610001 0.03535039 -0.01838607 -0.007709663 -0.005357981 -0.004107117 -0.006820723 -0.006689189 0.001528152 -0.01004328 -0.003066622 -0.001377097 0.009352691 0.00193041 0.01598439 -0.02092633 0.01408191 0.005598792 0.003341049 -0.005236905 -0.004584364 0.002845701 0.0003743825 0.02397756 0.00876582 0.02608777 0.02593694 -0.05680082 0.04766903 0.01942024 -0.02089182 0.001647338 -0.01931576 -0.1034304 0.04435822 0.01423309 -0.05314506 -0.05238343 -0.07468496 -0.001348122 0.009200583 0.01541958 -0.01262045 0.01573598 0.01585365 0.006738384 -0.006906332 -0.02834878 -0.02357746 -0.00395 -0.01263121 0.01063509 0.03288987 0.03556621 0.08328951 -0.06697944 -0.01678203 -0.01345452 -0.001333648 -0.008830554 -0.100252 0.02555113 -0.4657838 -0.002457894 0.05141516 0.05883571 -0.03491463 -0.04818232 -0.01792482 0.03741935 0.002615042 0.08176967 0.004738082 0.01634067 0.02625741 0.0002209661 0.004206152 0.003314205 0.001666647 0.05228852 0.05091668 -0.01499677 0.01438987 -0.01547778 0.01097956 0.001435308 -0.01398864 -0.005044695 0.002882957 0.008463391 0.00837088 0.002984544 0.02118842 -0.04376354 -0.02560764 -0.02133393 -0.1440057 0.001538212 -0.05929377 0.004438963 -0.04147482 0.01804948 0.006769695 0.0008589971 0.02723353 -0.01924444 0.01160808 0.0002550343 -0.006588403 -0.008557308 0.009572537 -0.01440804 -0.03211884 -0.02068031 0.001281314 -0.002781356 -0.001690886 0.002472938 -0.02857205 -0.03111607 0.007418942 -0.01086748 -0.01873107 0.003795129 -0.005772149 -0.01085465 0.009980869 -0.009522444 -0.00185918 -0.01531193 -0.002795926 0.01287581 0.01458744 -0.002868008 -0.01372465 0.0243298 -0.007063679 -0.01572409 -0.006500422 0.005658129 -0.005238566 -0.001387659 -0.01052854 -0.0206152 0.1437349 0.03961538 -0.1260722 0.004206457 -0.01616421 -0.03476667 -0.0002588662 0.0008541738 -0.001677356 -0.01073727 0.05959925 -0.141494 0.002707195 -0.009014621 -0.02993517 0.004509092 0.008833958 0.01005452 -0.0061885 -0.002230107 0.00616965 0.008199133 0.006333791 -0.04148952 -0.02177881 0.00943164 -0.006567619 -0.01651148 0.001255633 -0.00288204 -0.01573647 -0.002481775 0.006887157 -0.004201337 -0.0005021187 0.004377098 0.0124607 0.002279716 0.02108984 -0.003772722 0.003421599 0.01789574 0.0008651991 0.03262868 0.09067154 -0.008620508 -0.001973635 9.638163e-05 -0.0006291862 -0.007321265 0.00298974 0.000138924 -0.002466107 -0.03330493 -0.008067958 -0.004008109 -0.02646735 -0.02734931 0.03394208 -0.5077079 -0.003244526 -0.008397318 0.0119902 -0.0008655745 0.007845201 0.01007496 0.007522736 -0.00604801 -0.03515086 -0.02640883 0.01375457 -0.001569807 0.1896917 -0.1023055 0.08522156 0.01784715 -0.01357322 0.0326845 -0.001140173 -0.007775854 -0.004077672 -0.01106442 -0.005036119 -0.009819756 0.001269304 0.007978437 0.02867998 -0.006581313 0.005584166 0.00445683 0.002974652 0.007191114 -0.02470182 0.02078389 0.01013052 -0.009592543 -0.008359216 -0.004192399 8.435639e-05 -0.005991047 0.008074736 0.02265663 -0.0002652439 0.009122573 -0.001530546 0.01342599 -0.009334933 -0.01013475 0.01521323 0.005669961 -0.02677371 0.004595936 0.01222925 0.0316138 0.0033561 0.001363043 -0.02817839 0.01155723 0.0143569 0.01891162 0.009239551 0.00118551 -0.008245415 -0.03155184 -0.06659397 -0.06387807 -0.02214299 -0.0002858079 -0.005443892 0.01846012 0.002258083 0.0155224 0.01286882 -0.009307425 -0.00109475 0.06401885 -0.02648587 0.09025349 -0.002926666 0.01292742 0.0292946 0.0004156423 -0.02132634 -0.003574754 -0.01628632 0.00253628 -0.0185627 0.01566224 -0.003325609 0.03531047 0.005748842 0.01019708 -0.009171049 -0.002674449 -0.007942932 -0.01867309 0.01398598 -0.1075864 -0.1645248 -0.004770841 0.01031741 0.03568195 -0.08346572 -0.04678144 -0.08888938 0.05807259 0.07150979 -0.08617233 0.006745749 0.004276755 0.01183389 0.06721997 -0.0384391 -0.0458435 0.004663192 0.008544326 0.02042437 -0.005787346 -0.009469271 0.01044433 0.001496014 0.0122628 0.006316402 -0.03347153 0.04473666 -0.02963039 0.001542662 -0.01338916 -0.02533853 -0.04158188 0.1098036 -0.07042754 -0.01279887 0.01028825 -0.01327021 -0.003945782 0.01221457 0.02675267 0.01243373 -0.002393591 -0.02712992 -0.007262997 -0.00949024 -0.004096716 -0.001216858 -0.01330691 -0.01633268 0.004104969 -0.001217531 0.001852737 -0.003109078 0.00740546 0.01038398 0.02200921 0.01302832 0.06137804 0.006713126 0.006381951 0.0174223 0.03856022 -0.05446512 -0.03089477 -0.003795035 -0.009104164 0.009976388 -0.00531623 -0.008322343 -0.009459457 0.02172113 -0.003340445 0.0369867 0.0535218 0.05414269 -0.08997405 -0.01082425 0.01094083 0.004407176 0.006928903 0.01174461 0.006981906 -0.001070182 0.0014963 0.008401447 -0.01165012 0.01031474 -0.009729772 -0.08672418 0.05637692 -8.056886e-06 -0.01370544 0.03316232 -0.07056686 0.0005294723 0.01055548 0.007561781 0.01174976 0.01946953 -0.02298795 -0.0103564 -0.001916706 0.003734631 -0.04042657 0.02895858 0.03216234 0.006516081 0.005887231 -0.002083133 -0.1171618 -0.0956039 -0.506628 -0.002904381 0.007066468 -0.003839082 -0.003466602 0.01397126 -0.02829544 0.0003470373 0.007230239 -0.03465026 0.02363514 -0.006301468 0.003797577 -0.0209732 0.0009053295 -0.01993287 0.005213839 0.03131689 0.02266645 0.005272249 0.02365514 0.007901431 -0.01097307 0.002789734 -0.02912105 0.02179105 -0.006563107 0.03020138 0.03864764 -0.1208387 -0.3626471 0.009467144 -0.01434798 0.04530421 0.01104015 0.003460953 0.01485465 0.001849968 0.002973404 0.007099 0.004726228 0.002823802 0.0092856 -0.1518911 -0.07974477 -0.1434017 -0.001293141 0.01760621 -0.02557097 0.0160511 -0.07521725 -0.02692632 -0.01215281 0.01384269 -0.008984811 0.002988343 0.005986515 0.005156782 0.006868389 -0.005491081 -0.02559443 0.01507612 -0.01227987 0.01122002 0.006022282 0.04139043 0.06145583 0.0174097 0.001377359 0.01093595 -0.03109223 -0.0780172 -0.02508692 0.02254954 -0.01624389 -0.04990369 -0.0004904303 0.004212392 -0.05771953 -0.006083597 0.01917192 -0.005181645 0.002409999 -0.005730911 -0.02839948 0.001154401 0.007444611 -0.02471169 0.006003168 -0.01008602 -0.01177249 0.006183275 -0.00794496 0.03560352 0.005004116 0.001617782 -0.01958337 0.03248825 -0.05703493 -0.03555744 0.004619334 -0.009951027 0.002815099 0.01409744 0.02968344 0.004811616 -0.01753668 -0.006019853 0.03747608 0.06133406 0.06165693 -0.3054809 0.02482432 0.08867843 -0.1140542 0.008499779 0.003140757 0.0007612398 -0.006904304 0.005012719 -0.01960913 0.004461509 -0.008954436 -0.03816396 0.003075976 0.003572934 0.0002054768 -0.005024053 0.003801954 0.005622764 -0.003077212 -0.002094643 0.008330607 -0.006152283 -0.001774905 -0.004255704 0.009826504 0.005754955 -0.01080425 -0.00314613 0.01688677 0.04143756 0.003694524 0.007203331 0.01234456 0.05104945 -0.02039209 -0.14995 -0.004676898 0.006076745 0.02648609 -0.001937876 -0.008573235 0.04488917 -0.005008652 0.01909053 -0.01470189 -0.008721422 0.03289155 0.0915487 -0.02741518 0.02502859 -0.01580598 -0.001576673 0.005377842 0.01720826 -0.003262095 0.01534514 0.02502251 -0.02659583 -0.01688876 -0.00948099 -0.008084614 -0.0102171 -0.01768724 -0.001176934 -0.007745977 0.01815869 -0.008966781 -0.005793814 -0.01675108 -0.007394224 0.02149538 -0.01641573 0.0063474 0.006199915 0.02030467 0.02330467 -0.007065523 -0.007892135 -0.005495641 -0.009376695 -0.005292439 -0.009537149 -0.01272425 -0.009673893 -0.007590824 0.01443528 0.00361484 0.01405819 -0.02626907 0.028108 0.01108599 -0.009480847 -0.01569388 -0.001299463 -0.006732399 -0.003820079 0.008130271 0.004218388 0.01235817 0.07441067 -0.1407405 -0.3335568 0.03499994 -0.01741791 0.009166499 0.01108855 0.002476389 0.01090606 0.0176469 0.002187952 0.0830982 0.004398928 -0.007226867 -0.008775025 -0.003605537 -0.000271283 0.005889454 -0.04541195 -0.01113912 -0.1465914 0.04836473 0.06808935 -0.3400973 0.01437692 -0.002907922 0.001039446 0.008953325 -0.01031347 -0.01188011 0.01003492 0.0003935277 -0.008056308 0.004820988 0.01593322 -0.002471005 0.01082613 -0.02241587 0.02526336 -0.008797213 -0.0002016126 0.002481644 -0.04634043 0.04215941 -0.01434819 -0.008385461 0.02178617 -0.003999795 -0.00171698 -0.004607488 0.004675691 0.001253758 -0.008321505 0.02041507 0.001572945 0.004840307 0.01378799 0.01192142 -0.01943097 0.04493984 0.001312878 -0.01012216 -0.003256234 -0.3073989 -0.2213511 -0.806933 0.005029683 -0.005346379 0.00851065 -0.002552848 -0.008423206 0.05161207 0.02121177 0.003495613 0.02679487 0.01676643 -0.009051625 0.03833476 -0.01136571 0.001813492 -0.007581643 0.00151648 -0.01168007 -0.00543367 -0.006624348 -0.01471024 -0.02385575 0.006572631 0.001902247 0.01752833 0.004151185 -0.0004884879 0.02035783 -0.007926984 -0.007370096 -0.008929408 0.2594871 -0.1496594 0.1429048 -0.0115532 -0.002837504 0.006310129 0.005839985 -0.0173657 -0.01572814 -0.004669312 0.001885845 0.01020558 -0.09822835 -0.09273607 -0.2309066 -0.004247367 -0.009790609 -0.02634723 -0.0003920957 0.01666299 -0.01734645 -0.03058958 0.03075536 -0.03434436 0.001028478 0.006386682 0.02884289 0.008278325 0.003697917 0.01296052 -0.009876315 -0.0009468616 0.00748491 -0.01805224 -0.001315006 0.004418024 -0.01105944 -8.435163e-05 0.00384811 0.003952012 0.01933161 0.02218662 0.003088583 -0.01163966 0.003700898 -0.01670367 0.01265715 -0.05626575 0.07906822 -0.04248178 -0.5709783 0.01055042 0.03797249 0.08092579 -0.01321854 -0.00567947 -0.02674702 -0.01152907 0.00810265 -0.008471816 0.09855288 -0.00856558 -0.2397791 -0.01386791 -0.01150549 -0.02291102 0.02008986 -0.002885165 0.03770752 0.04820159 -0.03996578 0.000610237 0.008611023 0.013384 0.01974564 -0.005241008 0.01137444 -0.01280077 0.001547078 -0.009423716 -0.008760768 -0.03711432 0.03575107 -0.02661214 0.01169409 -0.1120156 -0.1677177 -0.008366104 -0.01054671 -0.0001021056 -0.002499174 -0.008174066 -0.02004293 0.003392358 0.003836419 0.0114721 0.001868353 0.005509935 -0.04469779 -0.008806955 -0.004086034 -0.0176024 0.0002678861 -0.001795849 -0.0342322 1.539337e-05 0.00518498 0.02610417 -0.07655481 -0.07244804 -0.5587489 0.01248933 -0.005411511 -0.007155432 1.65822e-06 -0.003199151 -0.03423409 0.02454419 -0.007863276 0.004595109 -0.01106635 -0.006249951 -0.008346318 0.004354854 0.0008221177 0.007248902 0.008337613 0.03710478 0.04835898 0.009566005 0.002057316 0.005980083 0.008456342 0.03387066 0.08538534 -0.003688178 0.004091902 -0.005885384 -0.00655584 0.007602578 0.001976051 -0.03105693 0.01603195 0.03583322 0.001938683 0.005136186 -0.01024523 -0.0281668 -0.006214525 -0.06585007 0.001263019 -0.005844895 -0.02911808 -0.005685761 0.004831405 -0.01258994 -0.004384495 -0.008409107 -0.01057612 -0.0009483057 -0.01279122 -0.01033126 0.0001912718 0.004187934 -0.00427249 0.0003804001 0.02428078 -0.00230928 -0.01365642 0.00848422 -0.03141633 0.02030383 0.0009586998 0.08488178 -0.01784383 0.00382081 -0.01535213 0.01281638 -0.01202094 0.019441 -0.01743653 0.001441078 -0.003880139 0.001970694 0.005380534 0.01326814 -0.009128045 -0.003761247 -0.001684568 -0.00762852 -0.02855689 0.0722328 -0.004375439 -0.007366383 -0.01875372 0.03914952 -0.009388387 0.02864217 -0.06876113 0.05691937 -0.01443938 0.001965516 -0.1369087 -0.06353499 -0.004609964 -0.02191111 0.03005644 0.000399847 0.01201261 0.00993003 -0.004977408 -0.001702989 -0.05318705 -0.01024487 -0.0006990189 0.00122675 -0.1433192 0.00597447 -0.04938006 0.01495755 -0.00892166 0.01364864 -0.0002981829 -0.004632976 0.004905798 0.008360308 0.005971428 -0.01933732 0.02830287 0.02306898 -0.0004137075 0.06312378 0.0006524344 0.0601609 0.003061142 0.01591668 0.0480635 0.002595533 0.01994412 0.01565073 -0.0112517 -0.003318877 -0.01667927 -0.02259956 0.03576914 0.03092596 0.0001541791 -0.01018585 -0.006264373 -0.00530152 0.009015224 0.01837984 0.05197188 -0.005885415 -0.0087094 7.80453e-05 -0.0008400789 -0.006736691 -0.03232494 0.01288341 -0.0168219 -0.01398278 0.001146481 -0.007481358 0.01279611 -0.02012866 0.04465719 0.01734394 0.005281522 -0.07111011 0.005000275 -0.00341923 0.007930604 -0.03077037 -0.003354504 -0.06582551 -0.003599938 -0.01357373 -0.02300701 0.003717181 0.03124869 0.04091022 0.0715085 -0.001991082 -0.004232989 0.002253715 -0.004627915 -0.03216815 -0.008468404 0.01053507 0.002771308 -0.0006791237 -0.006827243 -0.00886594 -0.06187447 -0.02959099 0.007359304 0.07253587 -0.05546195 0.08470001 -0.01577476 0.01086168 0.0008255774 -0.1191456 -0.0883549 -0.4681493 0.007244781 0.03676911 0.04555377 0.002115332 -0.005309974 -0.02027266 -0.005790937 -0.002201099 -0.01995566 -0.03575325 -0.04249732 0.0224843 -0.01280021 0.07088301 -0.5438493 -0.00464335 0.004410462 0.01487498 0.06353758 -0.02342755 0.02894258 0.007245474 -0.02319553 -0.02207537 -0.2949102 -0.1948184 -0.6151172 -0.04721957 0.02397139 -0.08721625 -0.00552456 -0.01447108 -0.02369211 0.04051122 0.01096218 0.01255383 0.009912983 -0.005790368 -0.01210983 0.001691882 -0.005570896 0.004468133 -0.006943412 -0.008705163 -0.004274121 -0.002490244 -0.0002916119 -0.02073348 0.01774735 -0.02369138 0.01828931 -0.01128162 0.002135882 -0.01430821 0.01144889 -0.06772675 0.03108167 -0.3494408 -0.2354991 -0.7363828 0.009568833 -0.009541292 0.0005833665 0.02278967 -0.01348682 -0.02449622 -0.01984402 -0.04867385 -0.01430277 -0.009865355 0.02035903 0.003599272 -0.008291841 0.00212477 -0.01183277 -0.06613743 0.04488247 -0.221001 -0.01630585 0.006189207 -0.0001762184 -0.0005424763 0.02142415 -0.009036354 0.008689895 0.03463171 0.07670751 0.009055074 -0.01198817 0.01402467 0.002474798 -0.001676548 0.0283127 -0.07561938 0.05917316 -0.001362604 -0.007702607 0.0261868 0.057014 0.00130624 0.001841399 -0.02072851 0.01241437 0.0006150847 0.01113103 -0.009072736 0.003143879 -0.02007007 0.02695481 -0.006000662 0.03866488 0.0153424 0.004525012 0.03213828 0.00277285 0.007590292 -0.02905772 0.0585602 0.03609357 -0.4609025 0.006679733 -0.007002494 -0.005265092 -0.02736226 0.03896577 -0.0231777 0.04330902 -0.0195555 0.06446961 -0.007459901 -0.006257145 -0.01960689 0.008053841 -0.006826282 -0.009001595 0.001095053 0.0008609915 -0.04942207 0.01160463 0.02506614 0.02682158 -0.01232374 -0.003693547 0.006779172 0.01387153 -0.01563808 -0.01842557 0.0001866263 -0.002136966 -0.002434901 -0.01971812 0.008423584 0.001537372 0.01068229 -0.008138899 0.03499858 -0.01511023 0.01061081 0.0008064704 -0.0297553 0.009047961 0.05129529 -0.005084108 0.009176631 0.03365289 0.003689871 0.0270559 0.005622157 -0.0803386 0.06215565 0.01242738 -0.02022805 0.004306266 -0.01724562 -0.07679501 -0.05293879 -0.06515548 -0.003121219 0.003057441 0.005653859 -0.01109342 -0.003901813 -0.001278936 0.002827917 -0.002292855 0.02809629 -0.007020473 -0.01079034 0.01244778 -0.0004465855 -0.02394357 0.0155649 -0.00466061 -0.008690967 -0.007475764 -0.01632894 0.002337897 -0.03790357 -0.005437325 -0.008903746 -0.0176319 0.007864527 -0.005281534 -0.0009162342 -0.05764781 0.006238261 -0.0153767 0.08559187 -0.04643185 -0.08895986 0.00394613 0.002922628 0.009850495 0.01053842 0.007807223 0.07747426 -0.03112778 0.0406209 -0.04506993 -0.01090654 0.006744826 -0.006884738 0.01706558 -0.04845383 -0.01770255 -0.001746889 0.01468471 -0.02650674 0.01084129 0.01642036 0.0216011 0.01290157 -0.01128664 0.01485586 -0.01275255 -0.002228333 -0.006239044 0.0212284 -0.005046472 0.01497006 -0.0119832 -0.06559353 -0.06743682 0.04207564 -0.02593371 -0.5217218 -0.009434778 0.01921517 -0.0007469198 0.002955612 0.01197642 0.005968296 0.0008477387 0.01437714 -0.0231978 -0.05922407 0.05252926 0.04023491 -0.002305351 0.002785752 -0.0285372 -0.002091173 0.008635903 0.01125912 -0.007014993 -0.006200908 -0.0005767224 0.02245014 0.0006012415 0.07315226 -0.002681795 -0.00894305 0.01026037 -0.02467452 0.008953163 -0.0165209 0.002418049 3.038917e-05 0.006000997 -0.01020109 0.007009899 -0.01712546 0.03866549 -0.02490268 -0.5284389 0.005863835 -0.02894657 -0.01941096 -0.01033047 -0.002090625 -0.02405052 -0.003962036 0.005224606 0.001399358 -0.04951107 0.007201841 -0.04113119 -0.0008503902 -0.01371684 -0.01189263 -0.09435163 -0.03013875 -0.08085944 -0.02548986 0.008442141 0.05083907 -0.001872103 -0.008712532 0.01544743 0.01303538 -0.002924409 -0.01534559 0.01271944 0.0220545 -0.01211759 0.02101574 -0.009765087 -0.02821398 -0.02985087 0.030737 0.008906622 0.00537299 0.01982193 0.05109573 -0.04302767 -0.01087845 -0.1287334 0.09717955 0.06502783 -0.2259328 0.07252448 -0.001032232 -0.003376006 -0.014904 0.1419659 -0.35326 -0.003285307 -0.003335191 0.00873191 0.05235812 0.08112196 -0.05928193 -0.00606561 -0.003904255 -0.01388395 -0.003183913 0.008741689 -0.0193617 0.009581903 -0.008765085 -0.005320567 0.003856734 0.007651316 0.02336394 -0.001086648 0.01121363 0.01342832 -0.003326077 -0.006027719 0.001607549 -0.005658678 -0.00372513 0.003891186 -0.005352623 -0.007241458 -0.006541695 0.03781621 0.01295463 -0.01762052 -0.004955045 0.009167764 0.005699643 0.00478625 0.01045795 0.005473957 -0.003353089 -0.008973626 0.008127634 -0.004942836 0.011162 0.02287522 0.008646671 0.01838326 0.03700674 -0.02767657 0.01445261 0.05556212 -0.00239494 0.01041498 -0.02028847 0.009408597 0.02417188 0.04543482 0.09520228 0.01034166 -0.2055167 -0.1935209 -0.3681361 -0.5963168 -0.08757272 -0.0656898 -0.394051 -0.06155201 -0.02925931 -0.05263691 0.0003792574 -0.003156029 0.008005218 -0.002252142 0.006124534 -0.01530753 0.02744273 -0.07037907 0.01098067 0.002539199 0.01071934 0.009309893 -0.002882879 0.008337075 0.01580038 -0.0946542 -0.06740337 -0.188004 -0.08930145 -0.04985183 -0.09188695 -0.02360095 0.0002531057 -0.01579811 0.03661317 0.02238597 0.01906746 -0.002468191 -0.009167543 -0.01368782 -0.008938547 0.003596704 -0.008047632 0.001019367 -0.001856886 -0.005357078 0.008651666 0.006293204 -0.01600949 -0.003783233 -0.01102844 0.01042199 -0.006847102 0.01207336 -0.004805016 0.01245016 -0.0005284956 0.01128812 -0.00335177 0.00954833 -0.001772332 0.006736551 -0.01027085 -0.01833164 -0.01909356 -0.000643961 -0.01323671 -0.03937514 0.02714195 0.04022885 -0.005856871 0.003117232 -0.002360757 0.06026275 -0.01079692 -0.02112037 -0.01869 -0.005362798 -0.002064607 -0.0518534 0.0439502 0.02010695 0.01115336 -0.008375795 0.009982561 -0.01057381 -0.00211258 0.002476764 -0.01093237 -0.003120013 -0.0003636917 -0.01768566 0.006030418 -0.006676204 -0.007871676 -0.06721818 -0.04847119 -0.0142474 0.01427915 -0.01218796 0.01406548 0.009892941 -0.004504356 0.01584412 -0.02874103 -0.04212011 -0.02705234 -0.009028763 0.06286283 0.02238332 0.06334534 -0.03592448 0.003542994 0.009438721 -0.009584128 -0.001360729 -0.01452519 0.001892277 0.003927302 -0.009422175 -0.02420823 0.005044092 -0.00921293 0.001038481 0.005568617 -0.01153279 0.01002953 -0.002460856 0.004274098 0.01159288 0.0005566818 -3.962021e-05 -0.0392979 -0.0108292 -0.002347205 -0.01617503 -0.003024347 -0.007629793 0.007057142 0.006523025 -0.0004415865 0.02366499 0.01631495 -0.003000136 0.02416196 -0.0004571504 -0.001596125 -0.01640191 -0.006374411 0.04459433 -0.08455209 -0.01434288 0.005518176 -0.01074842 -0.006135849 0.00488684 0.02387674 -0.008106463 -0.008221552 -0.0005889228 -0.06637852 -0.05673974 -0.0871336 -0.006047926 0.00129112 -0.03284298 0.01338241 -0.01559018 -0.003595433 0.009449556 -0.01223468 0.03318196 -0.02679632 0.02710413 0.01581238 0.01283761 -0.002470558 -0.02254078 0.03773738 -0.008795899 0.051429 -0.002145789 -0.001262493 -0.001641973 0.008841094 0.005905421 0.008483459 -0.02496831 0.008531876 -0.02355542 -0.008569501 0.001972311 -0.01380916 0.01115083 -0.07754662 0.0208598 0.01313407 -0.1033914 -0.08359093 0.01288223 0.02535385 0.02076151 0.00304984 -0.003319949 0.03808675 -0.01488639 -0.001938058 -0.005548961 0.005641554 -0.007090166 0.002283582 -0.006775442 -0.0001494865 -0.003535832 -0.006547715 -0.01225235 0.04005858 -0.1224769 -0.07011838 -0.1510369 0.01590787 0.02278477 -0.1210745 0.009115987 -0.009285064 -0.01241708 0.004406628 -0.01192258 -0.03721388 -0.002156183 0.005823921 -0.006604216 -0.03214733 0.04192612 -0.03747125 -0.01604765 0.002426883 -0.04042835 -0.004537042 0.001758221 0.00599876 0.001851165 0.006532667 -0.01639888 -0.006346598 -0.004651673 0.002075189 0.006433227 0.01070557 0.01263708 -0.09420393 -0.09493021 -0.102755 -0.005147017 0.02261478 -0.01646134 0.006260481 -0.007686097 -0.02824826
        </DataArray>
        <DataArray type="Float32" Name="pressure" NumberOfComponents="1" format="ascii">
          0.05425335 -0.06824221 0.08794238 0.1018323 0.1077752 0.06798548 0.1318924 0.128927 0.09055632 -0.05292908 0.1174934 0.1192668 0.09492076 -0.0621703 -0.05879471 -0.06640119 -0.06812046 0.1079142 0.1292416 -0.1271009 0.1370556 0.1323357 0.09367647 0.1136356 0.1047717 -0.06252206 -0.07190152 -0.07583934 0.04610595 -0.04615634 -0.04690032 0.1006427 0.1230987 0.1060468 0.08792042 0.09282568 0.1063353 0.1088616 0.127049 0.1072205 0.09193189 0.02271271 -0.05774483 0.1048169 0.03466022 0.08988661 0.1284156 -0.06689367 -0.0450592 0.05586957 -0.5348899 0.1186237 0.1145667 -0.01055568 -0.06549056 0.1030801 0.1202656 0.1504179 -0.09183596 0.06819247 0.07858344 0.00649808 0.06148668 0.1290604 -0.04632767 0.1099144 0.127664 0.1085642 -0.09027521 0.1381145 0.02783521 0.1103048 0.04956833 0.01574749 0.1138096 0.1178145 -0.1583731 -0.06538659 0.1242228 0.1292544 0.1235462 -0.08022115 -0.06871546 0.1473197 -0.06622032 0.04740873 0.1486853 0.09962136 0.1563116 0.1395692 0.1099218 0.0587654 -0.05944436 -0.06091936 0.1214625 0.0822184 0.1178249 0.07982694 0.1097324 0.119623 -0.143967 0.02385112 -0.01400418 -0.04756194 0.050107 0.1195064 0.09141585 0.06281304 -0.03471737 -0.019164 0.133426 -0.0672669 0.1112657 -0.08704597 0.1299581 0.07890373 0.09642788 0.1214541 0.1331076 0.1000957 0.1340867 0.00344662 0.1159636 -0.04876896 0.06435005 0.09374824 0.09913233 0.1610105 0.1047261 -0.04086028 -0.05929483 0.09253828 0.04440786 0.1159606 -0.0702626 -0.06988464 -0.08780518 -0.05626749 -0.03179666 -0.07711296 0.07609776 0.143099 -0.3034208 0.01755797 0.05017833 -0.08402321 0.1197257 0.008527721 -0.01113735 -0.1476361 0.08337694 0.07642454 -0.005598787 0.08664408 0.05991109 -0.1944603 -0.0270415 -0.0706182 0.1164639 0.125056 0.1270552 -0.04989241 0.1072185 0.09760814 0.1347836 -0.04852751 0.08133832 0.04652302 0.1074176 -0.175242 -0.06129137 0.06301905 0.09325708 0.1377509 0.1300477 0.1437312 0.123293 0.1031627 0.06715886 0.1018523 -0.09324604 0.06162378 0.02679792 -0.05334304 -0.05260688 0.1070256 0.1154351 0.1280259 0.09786564 0.09884981 0.1260345 -0.06974761 0.1044206 0.1119523 0.128516 0.04070066 0.1362366 0.1000045 -0.08106294 -0.05124814 0.08232015 -0.02574025 0.09174699 0.1092534 0.1142895 0.1182633 0.06396711 -0.1027132 0.09157001 0.1253256 -0.08520015 -0.0253936 0.111436 0.02992313 0.1048516 -0.04494817 0.05743606 0.08913002 0.1215651 0.09051561 0.03200805 0.09511191 0.1200685 0.0937096 0.08865376 0.09636497 0.04762798 0.01623542 0.1280034 0.07258318 -0.02387629 0.0850827 0.09912136 -0.08183803 0.1195196 0.1285124 0.0488725 0.1208634 -0.05754806 -0.1482054 -0.08324872 0.1015478 -0.07049689 0.05423973 0.1070153 -0.3349821 0.125152 0.05071978 0.131284 0.09873887 0.1122823 -0.02333827 0.1557273 0.09192633 -0.1383977 -0.06623487 0.1278314 0.0875985 0.1037834 0.1114797 0.1229817 0.06923731 0.123938 0.1196321 0.1100104 0.1279143 -0.07210528 0.08178272 0.1069482 0.1328079 0.09523846 0.09154176 0.1015513 -0.06151149 0.1123954 0.08478479 0.1059721 0.07536743 0.08946407 0.1087125 0.06484994 0.09982845 0.1281182 -0.07031088 0.1229451 0.1523165 0.1104751 -0.006342195 0.06648235 -0.07522342 0.1316376 0.1327777 0.09396136 0.009274485 0.07530858 -0.1209592 -0.112531 0.1206572 0.08168443 0.1573508 0.06764051 0.1351899 0.06257918 0.08993011 0.08145186 -0.07204816 0.1470332 0.1240454 0.1272454 0.1121766 -0.05243345 -0.5218206 -0.06751119 0.0938121 0.1561883 0.1312054 -0.08956172 -0.4248769 0.1316565 0.07864343 -0.2021862 0.1196717 0.1218049 0.1071276 -0.04879626 0.1049928 0.1232864 -0.1936503 0.09899946 0.1198896 0.1318586 -0.05693321 0.09581462 0.09697395 -0.07799611 0.1352505 0.0899974 0.1148423 -0.09445678 0.1236591 -0.04914976 0.09572206 0.08155888 -0.06709737 0.1271007 -0.0857996 -0.04766215 -0.06204111 0.1149167 0.0506216 0.1020155 0.1045929 0.1057128 -0.04761854 0.1279448 0.0852185 0.07693036 -0.04691427 0.08866449 0.08468703 0.08094662 -0.01695186 0.09811673 -0.07004703 0.09465452 -0.01880825 -0.0142585 0.09622563 0.08256339 0.1382759 0.1139088 0.1002877 -0.05566836 -0.06080809 0.120975 -0.07519328 0.1556251 -0.04606386 -0.04521114 -0.05189425 0.1120075 -0.0414279 0.110858 0.1265939 0.137639 -0.05735459 0.01646972 0.07066809 0.1090648 0.08047066 0.0676953 0.1053773 0.03536139 0.08647981 0.1171976 0.1308717 0.06690256 0.1315104 -0.09062128 0.09189644 0.1254536 -0.05278473 0.1190873 -0.05279844 0.125829 -0.1090582 0.09086861 0.09454469 0.1132306 0.08948004 0.0641707 0.06801526 -0.168544 0.114319 0.005279506 0.06917664 0.1085643 0.07791515 0.07705118 0.122089 -0.05646411 0.112563 0.1277806 0.08203113 0.1306601 -0.05537634 -0.05377431 0.1595369 0.105974 -0.05341928 0.1235111 0.1253348 -0.06827307 -0.05576325 -0.05975928 0.109603 -0.07244982 0.08163361 -0.06158936 0.1201202 0.07100993 0.1201551 0.1156495 0.02136864 0.1192102 -0.05810393 0.08863086 0.08170503 -0.03122834 0.08652943 -0.09026904 0.1526133 0.1136139 0.03680469 0.0770289 0.1606401 -0.06754274 0.1484765 0.08782208 0.1697216 -0.07388943 0.06667332 -0.059718 0.1377411 0.1314923 0.1607081 0.1175041 0.09781246 -0.07432925 0.07013609 0.1121254 0.1210882 0.07679006 0.07550243 -0.0675514 0.06385016 -0.03918091 0.09788841 0.08097383 0.1116286 0.1070314 0.1114467 -0.5019752 -0.1651234 -0.3263579 -0.06375156 0.0990779 0.1158009 -0.05692782 -0.05434776 0.09198129 0.08513987 -0.06991852 -0.05480467 0.07601757 0.1262122 0.0588037 -0.05291222 -0.05153107 0.1162977 0.1151395 0.1122603 0.1314515 -0.07270298 0.1030256 -0.05098419 0.04243126 -0.04685884 0.1186886 -0.04946836 0.08656692 0.06622824 0.1256755 0.08339832 0.1300462 -0.07197389 0.1268493 0.07089343 0.1442989 0.08021581 0.1451337 0.02745259 0.08362537 -0.04505284 -0.03518027 -0.04232412 0.09741972 -0.1240134 0.1015731 0.1012174 0.08049592 0.1253448 -0.05708406 0.06290852 0.08922762 0.1071009 0.1067503 0.1361872 0.1042321 -0.0537699 -0.0879804 0.06003827 0.1239272 0.01022053 0.08915005 0.1278432 0.08902074 -0.008808682 -0.04402845 0.135587 -0.4967799 0.07117272 0.1170843 0.1065242 0.1068301 0.1184261 -0.1465862 0.1105364 0.134744 0.1241741 -0.04934959 0.1295831 -0.07710997 0.1322132 0.07796337 0.1005726 0.1369415 0.09146792 -0.07452448 -0.3966238 0.1244025 0.1329128 -0.1256727 -0.05613153 0.05940194 0.1104917 -0.04573318 0.08430462 0.06354605 0.1476648 -0.05780193 -0.06631968 0.09602974 -0.02735917 0.1211188 0.1167528 -0.04888006 -0.08501837 0.09310322 0.05553473 0.03976883 0.08358046 -0.0592249 0.07362768 -0.03823414 -0.045413 0.1317474 0.09874256 0.08802534 0.02204902 0.1113541 0.09951223 -0.05115831 0.128802 0.109093 0.1339407 0.1145901 -0.0850685 -0.08447219 0.1039113 -0.0663913 0.09854982 0.09208688 0.1416194 0.127811 0.08459155 0.1018812 0.1099965 0.06627902 0.1317155 0.1396343 0.09629026 -0.1036176 0.1023428 0.0680392 0.122872 0.1084674 0.09545393 -0.07021251 0.1088173 -0.07315319 0.1045989 0.1225562 0.1000751 0.08784424 0.08940562 -0.01452824 0.06779459 -0.0720156 0.07245547 0.1106929 0.09042119 0.0169782 0.08520158 0.1490467 0.08616873 0.06115423 0.1308322 0.1143645 -0.06921288 0.1249026 0.1569721 0.07887773 0.133705 -0.07902535 0.06839196 -0.0856952 0.1243449 0.1073201 0.1263803 0.09784341 0.08502021 0.1347503 0.1163088 -0.09008794 0.126943 0.08553432 -0.08197947 0.108986 0.08867735 -0.0525738 0.1324639 0.1194213 -0.07048406 -0.04515192 0.0662212 0.1235111 0.09417773 0.07292368 0.09145722 0.1195014 -0.02629046 -0.4111149 0.1216701 0.1311761 0.08766025 0.09480868 -0.07448824 -0.05258247 -0.05992498 -0.04271746 0.1252072 0.136069 0.1190367 0.1157076 0.09716899 -0.06165149 0.0660646 0.07861544 0.1302936 0.0826659 0.09866899 0.08739252 0.09070052 -0.04048097 0.1061197 0.07083901 -0.05855539 0.1296848 0.09309039 0.1302821 0.1135873 -0.06919193 0.07812402 0.158991 0.0793795 0.09622031 -0.06746867 0.06136717 -0.06966703 0.1120738 0.1267859 -0.114224 0.09794145 0.079535 0.09825484 0.1170074 -0.05197792 0.107687 -0.05500967 0.09810131 -0.05836341 -0.06168182 0.1217121 0.1336002 -0.04604099 -0.0303327 0.08406183 0.1482631 0.1347527 -0.0418599 -0.1984367 0.06771731 0.107599 0.07053448 0.09342828 0.05103111 0.1354178 0.05324925 0.1339022 -0.06695341 0.05278084 -0.05063443 0.1295038 0.1243722 0.1044948 0.1113133 0.1482287 0.1296195 -0.05708014 -0.0246116 0.06556248 0.09929011 0.1019773 0.1055407 0.07510185 0.08125436 0.1403059 0.06941733 -0.05532733 -0.09553515 -0.093464 0.09508348 0.08786483 0.08152499 0.1228779 -0.01226456 0.0777896 -0.08808248 0.09736121 0.08930508 -0.04706027 0.1237515 -0.1344698 0.08272813 0.1005513 -0.06746566 0.1058296 0.1267055 0.1225664 -0.06879842 0.105261 -0.09963725 0.09854463 0.1146321 0.07384205 -0.08284052 -0.06999327 0.07884163 0.04222691 -0.1406032 0.1065213 0.08609509 -0.4686843 0.07871202 -0.06579306 -0.1377559 0.09689184 -0.07814583 -0.05943899 -0.1275403 0.05166843 -0.1369866 0.1569721 0.09854926 0.09056008 -0.0908136 -0.07525747 0.15623 0.06945733 0.119347 0.1153326 0.07896427 -0.05691552 0.0987659 0.09479195 0.1115194 0.115683 0.1116389 0.1153268 0.0792686 0.09302092 0.129002 0.05961416 0.1324642 0.105936 0.06990024 0.1054525 0.114773 -0.04393238 0.1029856 0.1421402 0.1306164 0.09169302 -0.0177177 0.09137652 0.08351237 0.1288025 0.06836156 0.1250129 -0.06800122 0.1102353 0.09999461 0.09878764 -0.1214031 0.1212004 0.09336315 -0.06654333 -0.1475407 0.1035451 -0.02480585 0.072522 0.09181625 -0.1773791 -0.09820274 0.134619 0.1063569 -0.07199719 0.1273087 0.1005975 0.106226 0.1344727 0.1128067 -0.06198465 0.01915643 0.156882 0.08593385 0.1064486 0.1043415 -0.1682735 -0.08653264 0.08162837 0.1039007 -0.03371697 0.1004607 0.109418 0.1043991 0.1150384 0.04537988 0.1001489 0.1133026 -0.07673722 -0.03279447 -0.2108237 0.1178211 0.09537917 0.06202959 -0.06466602 0.07338038 0.1030046 0.09003019 0.09672827 -0.06506285 0.1353726 0.001344917 -0.06997841 0.1130016 -0.07412884 0.1235892 0.1206717 0.08819935 0.08633627 0.09874897 -0.08635719 0.1041092 0.1238711 0.1071423 -0.1578047 0.1412157 0.0501813 -0.0427451 0.1058057 -0.04710097 0.1242386 -0.06428687 0.1476602 0.082753 -0.05736284 0.04473243 -0.07639442 -0.05518299 0.1015359 -0.09776793 -0.05036902 0.1039293 0.1125389 -0.05852872 0.08861187 0.1115908 -0.04382224 -0.05195559 -0.01305845 -0.121595 -0.07860527 0.1268435 0.122613 0.1553086 0.1172726 0.09645213 0.08908343 0.09438873 0.1216682 0.1257609 0.1237821 0.06824891 0.1475227 -0.07779233 -0.0754264 -0.05669725 0.1154711 -0.003446084 0.08362652 0.1255242 0.08068479 0.1350241 -0.03176059 -0.1623307 -0.04712797 0.1231506 0.09254723 0.1624972 -0.07928523 -0.09979799 -0.05599886 -0.05141488 0.07192786 0.1265794 0.1076179 0.1070804 0.08366199 0.1285277 0.08664526 -0.05043587 0.1121009 0.1042953 -0.03769739 -0.4496582 -0.02122051 0.1230133 0.1121835 0.0868968 0.1018532 0.1071278 -0.1083036 -0.09465906 -0.05878944 0.08214352 0.1106146 -0.09508478 0.09677292 0.04453785 0.01909151 0.08764889 -0.03984106 0.0897789 -0.04408465 0.1118732 0.128801 0.1153871 0.02293957 -0.07993462 0.1056527 0.1248455 0.08817314 0.1089921 0.1196326 0.07506603 0.04357331 -0.003792034 0.140532 0.04520674 0.1009322 0.169388 -0.08208826 -0.04687796 0.1365151 0.09351809 0.0972004 -0.05299791 -0.02247784 -0.06171825 0.04197567 0.06367837 0.09943753 0.1190049 -0.07802378 0.1141047 0.09614856 -0.06285205 0.1278685 0.1221163 0.1183776 0.1264624 -0.06913333 0.07565702 -0.05181238 0.1031931 0.09736802 0.06549583 -0.06891152 0.1297303 -0.05956452 0.09883025 0.09253325 0.09237854 0.1353064 -0.04842671 0.09848339 -0.05752101 0.08948511 0.09274989 0.09126492 -0.1237266 0.1093525 0.1223646 0.1444422 0.06806424 0.1032772 0.08278501 0.07355064 -0.01098661 0.07221566 -0.04760316 -0.09061224 0.1051671 -0.09374873 -0.0500868 0.0860922 -0.03168551 -0.09673652 -0.05648125 0.1165778 -0.1213006 0.142663 0.1246623 -0.04888716 0.1150632 -0.06891728 0.1096133 -0.5971954 0.1173912 0.09823816 0.111816 -0.05351627 -0.08555982 0.1498875 0.1062096 0.07818217 -0.1688961 0.1139108 0.06308657 0.06278387 0.1058251 0.06253126 0.1112205 -0.06354152 0.1285373 0.1198615 0.100551 -0.05509474 0.1053065 -0.05587266 0.1126123 -0.07295855 0.08805314 0.08586606 0.1161258 0.07786036 -0.1211406 -0.06350312 0.07753563 0.09967259 0.05634305 0.08504301 -0.04747738 0.08609313 0.03851013 0.1230216 0.08763751 0.1268007 0.07762229 -0.2115601 0.0863333 0.05786371 -0.05276336 0.1355136 0.0982489 -0.01392038 0.1287825 -0.04912005 -0.05717025 0.07515793 0.08688889 0.116663 0.1334569 -0.05309013 0.02590277 0.1524128 0.1034477 -0.5193277 0.1425509 0.06894613 0.09083816 -0.1140474 -0.1271355 0.1385032 0.09275679 -0.06273967 0.07583791 -0.06870404 0.02232957 -0.045105 -0.05589769 0.1052691 0.1185437 0.129624 0.1205215 0.1063458 0.07709159 -0.04498675 0.1256949 0.09905392 0.1158038 -0.0990053 0.05026603 0.1162039 0.1181408 -0.07399679 -0.04465009 0.1199055 -0.04483158 0.1263612 0.1568966 0.09659473 -0.04850636 0.09796036 0.1281921 -0.04608781 -0.04478773 -0.1025712 0.1169504 -0.04580591 -0.08233247 -0.0453683 0.1037711 -0.06974191 -0.05082188 -0.06366628 0.1275618 0.1534266 0.1279143 0.07451053 0.1050702 -0.06336664 -0.04558648 -0.05364322 0.09536999 0.134212 -0.01256765 -0.08295168 0.08594968 0.1219052 0.09063514 -0.0744 -0.103491 0.1040479 0.06278391 0.1290579 0.001137272 0.1056033 0.07988267 0.1079024 0.1377393 -0.06294549 -0.04624244 -0.02826917 -0.05719284 0.09649276 -0.1415616 -0.078817 0.01108327 0.1314657 0.1310312 -0.05223078 0.09842708 0.1145835 -0.07000352 0.08259448 0.1054097 0.08795716 0.1054276 0.1165796 -0.0448865 0.1251264 -0.05757436 0.06511998 0.08077632 0.09689515 0.1041998 0.1408741 -0.07269673 0.1053992 -0.03132461 0.1049109 -0.1052936 0.1233647 0.1494695 -0.05893634 0.09324207 -0.06045775 0.07432568 -0.386666 0.1291438 0.07936807 -0.1406187 0.1358651 0.10735 0.1135137 -0.0625229 -0.01834974 0.0897457 -0.1022013 0.1300702 -0.09824468 0.06795784 -0.08108835 -0.0677253 -0.4476115 -0.04795882 0.09600522 0.1251865 0.106939 0.1196128 0.1086504 0.1242689 0.111356 0.115849 0.08952385 -0.07580271 -0.04796297 -0.06840403 -0.06616591 0.1026619 -0.08970708 0.1260025 -0.1094409 0.07949197 0.06519534 -0.02765119 0.08724571 -0.06572407 0.08198335 0.08971088 -0.04550275 0.09989987 0.1235877 0.129196 0.08092028 0.0970506 -0.008585138 0.1336942 -0.0342283 0.1184602 0.07903609 0.08365725 0.08351262 -0.06578005 0.08607968 0.07312045 -0.07048147 0.07579336 0.1138844 0.1277189 -0.005139384 0.09310393 -0.06497434 -0.06200275 0.1155061 0.06951822 0.08154386 0.09055348 -0.1449312 -0.04294191 -0.05904846 -0.0085035 0.08918089 0.08309449 0.07632477 0.06825846 0.09383574 0.1242818 0.08071953 -0.05161117 -0.06854644 0.1290493 -0.04677133 0.08812858 0.1584473 0.1312157 -0.01956194 -0.04863942 -0.1162231 0.1045816 0.09179063 0.1230667 -0.06906841 0.1252139 -0.1434808 -0.04376165 0.1004928 -0.04070188 0.07904243 0.08528958 -0.1103354 -0.4860151 0.09236547 0.1254378 0.08819763 0.01811393 0.1041613 0.1252964 0.0880651 0.1280527 0.1073779 0.1181215 -0.1762881 0.08025156 0.03544367 -0.09248831 0.1312201 0.0739425 0.1140701 0.09422426 0.09804294 -0.05492487 0.1147342 0.148163 0.1095875 0.08516679 -0.0671652 0.0906799 0.09477248 0.08427926 0.0938146 -0.05724563 0.1191983 0.147227 0.06903706 0.08490004 0.1143708 -0.05527515 0.08592286 0.0840589 0.1346651 -0.1551971 0.1302587 0.08880795 0.09685915 0.1236045 0.09995169 0.08922816 0.09019994 0.1271784 0.1186613 0.06787584 -0.06297971 0.1130973 -0.03234564 0.1069483 -0.0515648 -0.3999536 0.1216249 0.11801 0.1095124 0.03594079 -0.1018569 0.1403325 -0.05605309 0.1138701 0.1155579 -0.170907 0.1255575 0.09015722 0.06868178 -0.04459869 0.0949714 -0.07140206 -0.07178386 -0.05024446 0.1220112 0.09452866 0.1026347 -0.1636228 0.1374915 0.08392244 -0.1509325 0.114817 -0.1497905 0.09687185 0.05569294 -0.1203021 0.1282129 0.1021625 0.1116044 -0.2222366 -0.2021514 -0.1214994 -0.06982102 -0.07015263 0.07181603 0.1202162 -0.06426023 0.106108 0.1170333 -0.08692858 0.1167565 0.1040154 0.1120323 0.07699388 -0.07993098 0.1291242 0.122774 0.08009579 0.1070427 -0.04380695 -0.01365553 -0.08020294 0.1008974 -0.07401802 0.07679126 0.1206205 -0.0532652 0.1084143 0.09891039 0.1098819 0.09186904 -0.09160635 0.06727789 0.09906705 0.07563309 -0.05437556 -0.1193089 0.08726243 0.1101 0.02002212 0.06247468 0.1256111 0.114534 -0.05497627 0.05183635 -0.007864362 0.08480944 0.1124449 0.08227959 0.0931097 0.1070731 0.07540963 -0.1849604 0.0716702 0.1144444 0.1017125 0.09388529 -0.1091693 0.1459192 -0.09054531 -0.1459556 -0.04551561 0.1083191 -0.02072781 0.09510591 0.1267887 0.1203247 0.1005761 0.09671833 -0.07136325 0.1285823 -0.5624868 0.07750612 0.05244324 0.1267649 0.1265927 0.07234415 0.06531076 -0.06070809 0.1593125 -0.1603177 -0.06092118 0.07861584 -0.05232592 0.1239299 0.1111161 0.1308161 0.09131436 0.1078497 0.1489695 0.1294007 -0.5866615 0.1272609 0.1184619 0.09964626 0.02049167 -0.07047017 -0.04224965 0.09155615 -0.06509247 0.09379831 0.1072029 0.1273965 0.1261775 0.1222354 -0.06724131 0.1062616 0.01175092 0.1158245 0.08267073 0.07178009 -0.05776814 0.1211372 -0.07867382 0.08311246 -0.04561417 -0.01622742 0.1123021 0.1048777 0.1361123 0.1300716 0.1529251 -0.08049592 -0.1472904 -0.05825746 -0.1496908 0.07230892 0.05289835 0.1005386 0.1063604 0.1170338 0.1291463 0.1018725 0.1238054 -0.04708247 -0.04773704 0.08497385 0.1105941 0.0827549 -0.0772894 0.1181429 0.06315152 -0.06340662 0.08151025 0.02458732 0.09924138 -0.04718676 0.1019865 0.1348237 -0.08342049 0.1035535 0.1152379 0.1650407 -0.05383512 0.1027656 0.1332908 -0.04516968 0.1193314 0.07661261 -0.04984342 0.08610473 0.1044735 -0.04616279 -0.05600385 0.0885004 0.1202527 0.1231968 0.1069133 0.07849135 0.08877084 0.1246688 0.07902199 0.08404286 0.0872358 0.1048999 -0.02177618 0.121023 0.06152997 0.07287657 0.08381313 0.1009126 -0.008371256 0.1214395 0.1121386 0.09033953 0.08092958 -0.07254019 0.1365304 -0.02773171 0.122357 0.08968861 -0.03296048 0.134771 0.139002 0.07422481 0.125309 0.0833879 0.1299079 -0.09404938 0.07659124 0.0903289 0.09722842 -0.05816264 -0.06582605 0.09712552 0.08805867 -0.04918167 0.07259098 0.1195998 0.107841 -0.0799514 0.09727744 0.1237545 -0.1954553 0.109992 -0.03877047 0.1592304 0.12881 -0.07042088 -0.0844526 0.1084892 -0.1256139 0.07052957 0.123937 0.01240595 0.09918872 0.1127867 -0.01184832 0.1278917 0.1045747 -0.04858331 0.06453132 0.1528982 -0.06638227 0.1034092 0.113129 0.097387 0.1031353 -0.2022803 0.12531 0.1045298 -0.4733273 0.06101374 0.1333719 0.1304243 0.09796432 0.07613384 0.1323734 0.009856453 0.159421 0.0668027 0.1330114 0.07944856 0.1030168 0.08003123 -0.04533645 -0.05363625 0.07892632 -0.087455 -0.04718558 -0.04717326 -0.04870896 0.1632593 0.1324913 0.1060986 0.08886071 0.09661911 0.08663754 0.1036767 0.1309398 -0.04506455 -0.05760454 0.1321181 0.106942 -0.04412628 0.07559849 -0.1643471 0.1046384 0.01403302 -0.07572197 0.02069862 0.09953298 -0.08009902 0.1312746 0.1367083 0.08569329 0.1336905 0.1072982 -0.05445785 -0.07285462 0.1215035 0.1316898 -0.07588411 0.09942054 -0.0687771 -0.07463662 -0.161541 -0.06342892 0.1314042 0.1160518 0.1298313 -0.06847958 0.1145343 -0.1401664 0.125045 0.1209042 0.08263643 0.1268987 -0.05551829 0.1287957 -0.05854047 0.06976987 0.03223573 0.1263484 0.0928349 -0.2154633 0.1053943 -0.1243292 0.07933056 -0.04750449 -0.06872495 -0.06037457 -0.1618597 0.1276882 0.08797182 0.08272476 0.1012307 -0.05929764 0.09398912 -0.09853133 0.1146446 0.1465983 0.1107982 0.01659095 -0.1076782 0.08081051 -0.06793774 -0.1739163 0.1205572 0.1165593 0.1281049 0.102643 -0.08749785 0.1026609 0.1188037 0.07760935 -0.0414068 0.07676145 0.1072762 0.1446007 0.1079665 0.0995317 0.1424179 -0.04673449 -0.08390752 -0.5121819 0.07984439 -0.04592189 0.1139856 -0.1395212 -0.09674516 -0.04276635 0.1497434 -0.164877 0.1016889 0.0960923 0.1027996 0.06682195 0.1023229 0.09974177 -0.07257276 0.1077468 -0.1928187 0.1145161 -0.04163327 0.1322486 0.1156356 0.02314132 0.06964179 0.07472077 0.1096034 -0.0547365 0.1218525 0.09718401 0.1358108 -0.04877366 0.08976685 -0.3284951 -0.08329023 0.1033099 -0.2655628 0.080924 0.09132864 -0.05409257 -0.07658677 0.1532958 0.06903608 0.06516193 0.1285151 -0.04918937 0.09473796 -0.03634379 0.09792389 -0.108622 -0.1827174 0.1132659 -0.09416255 -0.008206483 0.1332813 0.1342047 0.1294357 0.0839144 0.1278088 -0.008279178 0.1197747 0.1120712 0.09068084 -0.05047913 0.09585595 0.1118155 0.07021651 -0.1142632 -0.0516368 0.1289002 0.1219396 0.1199667 0.1349936 0.1010693 0.07738485 -0.1488076 0.06485577 0.1108497 0.09758421 0.07673845 -0.08389595 0.07525493 -0.02772296 -0.05629724 -0.06942502 0.1024642 -0.05558736 0.06565417 0.1206162 -0.1260112 -0.04633137 0.122899 0.08857603 0.1221057 0.08248646 -0.06098732 0.1193733 -0.06348315 0.1095505 -0.07045916 0.09851375 0.09663303 -0.05563821 0.08344859 -0.06058073 -0.05413732 0.1271125 0.08634636 -0.1157737 0.1251075 0.1066525 -0.06000599 0.08052938 0.1119653 -0.07123395 0.1303385 0.1097368 0.1172659 -0.04631473 0.1096688 0.09913611 0.1254561 0.09896729 0.1199019 -0.06544212 -0.0007105767 0.0316389 0.05206923 0.09475394 0.08072433 0.06605751 0.1225368 0.07332429 -0.07415871 -0.04869995 -0.05931839 0.119494 0.1316412 0.07036296 0.1054531 0.08503912 -0.04952262 0.1007662 0.07382815 0.09129721 0.1000624 0.08070992 0.0861582 -0.08164587 0.07853779 -0.04644796 -0.2479244 -0.08191016 0.1029646 -0.05894809 0.09743583 0.1227833 0.1396632 0.1304044 -0.0806797 0.08642335 0.06774426 -0.08225085 -0.07318549 0.01687207 -0.08060276 -0.05312334 0.06657003 0.1104002 -0.009047385 -0.05624345 0.1527159 -0.04610462 0.06373283 0.1031751 0.1111375 0.1242665 0.1153175 0.1100279 0.09412026 -0.1428136 0.1108344 0.1117083 0.1146395 0.0877969 0.02277751 0.1562203 0.1173324 0.1053131 0.1035334 0.1312925 0.08728043 -0.0517708 -0.05454715 0.07079599 -0.06960675 -0.04005319 0.07752082 0.07108959 -0.04214587 0.1184874 0.1015572 0.09501074 0.07899377 0.09890452 0.11303 -0.07026307 -0.1060511 -0.05345256 0.08469614 -0.04621493 0.1292488 0.08102632 0.05934762 0.1361765 0.07691495 -0.02327154 0.125081 0.1195547 -0.04811627 0.1219798 0.1141904 0.1065548 0.1350374 -0.1324779 -0.05141184 -0.05794302 0.1217746 0.1388308 0.1490209 0.1000315 0.1044866 0.09848065 -0.06112156 -0.06875564 -0.4664546 0.09997662 0.1115405 0.1191998 0.1164576 0.1342402 0.1158158 0.01336157 0.126556 0.1140318 0.07973324 0.04050304 -0.03263461 0.1127967 0.1169979 0.07079364 0.09900567 0.01965298 0.1303498 0.09997181 0.07524291 -0.05335424 0.106169 0.08813974 0.09533318 0.1386736 0.08172819 0.1088617 0.08450639 -0.06821526 0.1015883 0.1075817 0.04065536 0.0994271 0.116745 0.05269418 0.1552256 -0.002609998 0.0807422 -0.09061297 0.1061868 -0.09473309 -0.06535351 0.1518224 0.08979983 0.1182618 0.002405122 0.1047042 0.05841293 0.05296019 0.1110091 -0.04699607 0.105717 0.116676 0.1174819 0.121412 0.07449771 0.08637784 0.129675 -0.03748784 0.06840611 -0.07526388 -0.0569378 -0.1144461 -0.0005946009 -0.04795364 0.1244765 0.1246153 0.1010105 0.08579272 0.1135254 0.09387335 0.09295113 -0.0670786 0.07956342 -0.04828195 -0.04594816 -0.05172208 0.05173729 0.1554619 0.1289016 0.1269221 0.1205256 0.08698498 0.07942768 0.06853987 -0.06205429 0.09931306 -0.07233921 0.06401762 -0.04424784 0.09633382 0.1274521 0.1340105 0.03121487 -0.04582266 0.09505296 0.09342685 0.09741119 -0.03970732 0.07816771 0.09999539 0.1103484 0.1572376 -0.04874798 -0.07531129 0.07511032 0.08881911 -0.3472554 0.09883789 0.166695 -0.167566 -0.07287272 0.07713332 0.1024565 -0.0553433 0.08842004 0.1134247 -0.1500236 0.06346823 0.1239164 0.09687777 0.1080739 0.07512497 0.1083923 -0.156323 -0.04787631 -0.1015259 0.07834121 -0.04918246 0.01475783 0.09813562 0.12095 0.07127848 0.06514546 -0.08151616 0.09312918 -0.06045261 0.115518 -0.1500048 -0.09762083 0.1270846 0.1023838 0.07592108 0.08034638 0.09913447 -0.01434419 -0.05042595 -0.5423231 0.07156184 -0.07362884 0.1237608 0.09754057 0.1053263 0.09375856 0.104133 0.09263989 0.1197929 0.1096324 0.1137779 0.1226205 0.0827003 0.1320659 -0.05331223 0.08984488 0.1044985 0.09558471 -0.0730238 -0.1327266 0.09901796 0.1316625 0.0663836 -0.08417851 0.127201 -0.04436649 -0.08542784 0.03486859 0.1503443 0.1293123 -0.06835386 -0.1120827 -0.0481743 0.08087225 -0.04118176 0.08974612 -0.04619023 -0.2441641 0.09819527 0.1151746 0.1098013 0.09603194 -0.05607128 0.1187653 0.0797457 0.10876 0.1685281 0.07998853 0.08342833 0.05878974 0.09237799 0.08135 -0.04548375 -0.09789541 0.04800764 0.1193476 0.1049978 0.07901148 -0.0821135 0.1001643 -0.06535448 0.1027843 -0.1980571 0.1119542 -0.007457068 0.09954741 0.09848099 0.06593469 0.1263204 0.1433991 0.09697169 0.1000591 0.1286935 -0.06670123 0.09391666 0.08482324 0.0834429 -0.1020112 0.1231576 0.04341856 0.06633092 0.07968556 0.08629131 0.131099 0.1304014 0.07771836 0.07990503 0.08446407 0.1268249 -0.06521442 0.1249843 0.07511753 0.1413367 0.06373565 0.099626 -0.0541029 0.09857885 0.07269122 -0.05360306 0.1072741 -0.07114238 0.07722977 0.1416329 0.1084727 0.1468794 -0.05633742 0.1068009 -0.08901209 0.1304676 0.08115637 0.1221813 0.1459384 -0.002022149 0.1106111 0.08019479 0.1081954 0.07536077 0.1154764 -0.04978266 0.02587937 0.1064125 -0.110352 -0.05319684 -0.03086821 0.07821675 0.1272271 0.09250444 0.1152813 -0.09400992 0.1302467 0.1306905 -0.08168159 -0.007179679 -0.03479514 0.1125369 0.0795313 -0.06150866 0.1028624 -0.1980678 -0.1508076 -0.06618428 0.1369361 -0.0318541 0.110736 0.0475623 0.1212344 0.09040788 0.1179764 0.1287718 0.08976205 -0.09205715 0.08832812 0.09278483 0.1235714 0.0951076 0.1044822 0.08768734 -0.06759634 -0.07306471 0.1030976 0.08753809 -0.4165423 0.08101299 0.09520726 0.07618101 0.1163905 0.1025386 0.08645493 0.1274505 0.114635 -0.1191673 0.06521636 -0.06964703 0.1189943 0.09188233 -0.1159384 0.08034605 0.1192218 0.09069934 0.1072015 0.1098383 0.1073439 0.1221983 0.1183908 0.114149 0.07720114 -0.07479039 0.07834179 0.07301237 0.1415104 -0.1645375 -0.04611614 -0.1124919 -0.06631854 0.1032267 -0.08644368 -0.1299758 0.09995195 0.04849799 -0.3903098 -0.06520164 -0.08268435 0.1126143 0.1253579 0.06821257 0.0956418 0.1027805 0.1090555 0.08653712 0.1568838 -0.05321848 -0.07840724 0.1413155 0.0806836 -0.06927669 0.0741622 -0.04898068 0.1467369 0.07835784 0.07067379 0.09004242 0.1084832 0.1520114 0.1007099 0.1043085 0.07002635 -0.09028878 -0.606326 0.03146523 0.05411713 -0.09065595 -0.0471695 0.1049363 0.09136368 0.09728805 0.08253091 -0.0559161 0.1020392 0.07218914 0.09185073 -0.06746327 0.0760042 0.1334308 0.1671505 -0.07031345 -0.07044155 -0.0954781 0.05386871 0.1193985 0.1268552 -0.05459832 0.07384405 0.1201896 -0.06456818 0.06479044 0.1041803 0.09839918 0.1512538 0.1329904 0.1368148 0.08288843 0.1129108 -0.03014305 -0.08292022 0.0124078 0.09413473 0.1450827 -0.04191149 0.1447761 0.09459148 -0.07671381 0.1288151 0.09348577 0.1094189 0.1090194 -0.07239378 -0.04631302 0.08252918 0.1106789 0.05806842 -0.01190722 -0.04765584 0.1023804 0.08689487 -0.06700332 0.08207707 0.09031911 0.08322612 0.07950346 0.1144449 0.03513884 -0.08390287 0.09972349 -0.06512655 0.07968415 0.1026453 -0.1277822 -0.0823649 -0.05540338 0.09862579 0.07163697 -0.05450115 0.1144044 0.1367983 0.1107855 -0.008851852 0.07509524 0.1416265 0.07810916 0.08432865 0.08029757 0.1006486 0.109079 -0.1050606 0.09780011 0.1080666 -0.1627321 0.07177113 0.07957216 0.1290258 0.1389274 -0.05054417 0.09749784 -0.07367809 0.04789734 0.1488415 0.08441807 0.09684122 0.09809069 0.0778481 -0.5552962 -0.06722745 0.08171693 0.07089037 0.1157452 0.1001351 0.1291516 -0.06699971 0.0463285 -0.09042941 0.1189289 -0.06975243 0.0397567 0.04774453 -0.03425336 0.08326562 0.09070969 0.03310072 0.08515354 -0.01837281 0.1010771 0.1125709 0.1367248 0.1297379 0.1155362 0.1271309 0.1087912 -0.06492683 0.09333231 0.04794402 0.1143406 -0.05891969 -0.06869966 -0.06101181 0.1220072 -0.1778529 0.1090257 0.108464 0.0833262 0.1240078 0.1294359 -0.4094248 0.1233014 0.08364882 0.1477116 0.02407724 -0.05214108 0.09605117 0.08838958 0.07787951 0.06658277 -0.1376235 -0.02213685 0.1275003 0.0898714 0.1075851 -0.04720617 -0.05390636 -0.06943236 -0.05904476 0.06550805 0.1350945 0.1323368 0.08271644 0.08975857 -0.06732718 -0.04676675 -0.06195252 0.1019701 0.08323371 0.09379592 -0.4671784 -0.006738958 0.149469 0.09947629 0.1130869 0.1145565 0.06770926 -0.3954506 -0.08299487 -0.1098527 0.07100339 0.0704053 0.06498846 -0.06593102 0.1229725 0.144574 -0.1029729 -0.06795025 -0.05626849 0.08694585 0.128841 -0.06990036 0.1673732 -0.04420104 -0.05771951 0.09563379 -0.07494432 0.1512972 0.08114249 0.1479155 -0.05970728 -0.06090543 -0.06818778 0.1123839 0.1122777 0.1252649 0.08652394 0.07881957 -0.04441326 0.0895623 -0.05119423 0.1209002 0.09143201 -0.1866003 0.1292771 -0.07048892 -0.04535878 0.07952437 0.125561 0.1451809 0.139908 0.01041744 -0.06371607 -0.05974604 -0.04495405 0.1198233 0.0826543 -0.1212844 0.1099654 0.08124027 -0.06222021 0.08787259 0.1182825 0.140472 -0.0560211 -0.05154856 0.1218697 0.1270159 0.1086299 0.01044916 -0.0472793 0.1138131 0.09216747 0.120166 0.154661 0.1224087 0.1621838 0.09217212 0.1270737 -0.1346025 -0.08622607 0.1321732 -0.07058849 -0.05550744 0.1159036 0.09796075 0.09762432 -0.002871823 0.1445246 0.0156326 -0.1352751 -0.05384148 -0.5009503 0.08074006 0.1090787 -0.03565135 0.1241849 0.1076376 0.1204715 0.1016222 0.101256 0.07528413 0.1282768 0.101375 0.06177648 0.0545496 0.08738037 0.06619468 0.05392088 -0.07148243 0.1130815 0.1273288 0.111251 0.09279608 0.1001315 -0.0662697 0.08990557 -0.4634667 0.100739 0.06499112 -0.07194707 0.09599577 0.08807334 0.07350385 0.05704804 0.04080265 0.08841772 -0.08557932 0.07316869 -0.05794422 -0.07140651 0.07372644 0.1227895 0.1323707 -0.04399686 0.08830628 0.1339236 0.1088227 0.07913875 -0.06078169 0.1150591 -0.06271167 -0.07770456 0.144048 0.09893683 -0.05376103 -0.0743145 0.09540687 0.1260764 0.1067422 0.1224788 0.1154876 -0.05414486 0.1142325 0.1303107 0.1082072 -0.05878977 0.1272984 0.07360693 0.1113981 0.1073764 0.09001555 0.06789621 0.1135839 0.09553276 -0.06129326 0.153674 0.1418484 0.03382225 0.01736122 -0.02592647 0.1281072 -0.07733935 -0.05644521 -0.04559022 0.1201706 0.06226314 -0.06899949 -0.05600788 0.05284358 -0.05181543 0.07584956 0.1458022 0.147167 0.07243779 -0.4870054 0.1214903 -0.068384 0.1195117 0.09581941 0.08495421 0.0006399752 0.1104068 0.05907461 -0.05332594 0.1264082 0.1168564 0.08867719 0.08424395 0.06487358 0.1061209 0.1066795 0.09316146 -0.1070367 -0.1715339 0.1309909 -0.09980732 -0.1367682 0.1044515 0.1274706 0.1263887 0.07219123 -0.1550918 0.129862 -0.05204225 0.1582268 -0.238118 0.07940822 0.09192181 0.1404054 0.1114314 -0.06999806 -0.07513137 0.08457053 0.07113171 -0.05551809 0.1278945 0.03397079 0.1666088 -0.008032585 0.09277219 -0.0780711 -0.06936209 0.05640951 0.1017763 -0.0587672 0.1031146 0.0798846 0.06501193 -0.1756537 -0.1474539 0.1182384 0.1205042 -0.06065556 -0.3811805 0.1487214 0.1009892 0.08317371 -0.063026 0.08709018 0.07519859 0.04901154 -0.07945772 -0.0690299 -0.06135264 0.07129598 0.11255 -0.07417143 0.08781375 0.1222542 0.09505809 0.1333783 0.1495291 0.124535 0.1284142 0.02440252 0.112336 0.100917 -0.03356678 0.1491485 0.05040672 -0.03143581 0.1207408 0.1346421 0.08214812 0.1282327 0.09136733 0.02722046 -0.04143359 0.1080487 -0.06966938 0.01409258 0.1036652 0.09652932 0.09294189 0.01929514 0.1013699 -0.3294562 0.1460092 0.0876778 0.1084987 0.1280714 0.066322 0.07948758 0.153262 -0.0566835 0.1163177 0.0951831 0.1337703 -0.06348678 -0.05969066 -0.07497409 0.1286093 -0.05594391 0.1066894 -0.1349577 0.1129161 -0.07060578 0.1012788 0.1296565 0.09626993 0.07849388 0.0997076 0.132628 0.1014464 0.0170734 0.07597752 -0.3536804 0.1077731 0.1495294 0.1098998 0.1333034 0.0194873 0.1073778 0.08687667 -0.0462559 -0.08291931 0.1298275 -0.07877292 0.08295572 0.1370894 0.07653984 0.1125769 -0.07555276 0.1651129 0.1130072 0.121372 0.1527441 0.0968873 -0.07349044 0.1305551 0.09067406 0.1253899 -0.05272253 0.01565062 -0.06204555 -0.05381511 0.1081537 0.1297159 0.1152263 -0.06647459 0.1157386 -0.5036978 -0.03130792 0.1103619 -0.1551914 0.05167374 0.1148324 0.07488932 -0.01963058 0.1219062 0.0645091 -0.1042666 0.10251 -0.0884707 -0.05645938 0.09911435 0.05171902 0.05958115 -0.06987624 -0.06530254 0.1157398 0.07338698 -0.05090415 0.09348968 0.128194 0.08978523 -0.08722925 0.1171018 -0.04847956 0.1082036 -0.07013591 0.1164914 -0.0955614 0.1447728 0.1061326 0.002392035 -0.07013069 0.1134264 -0.04826559 0.1080463 0.09364156 -0.0157142 0.06423506 0.1009058 0.1064585 0.08097447 0.1310583 0.08389927 -0.04944639 0.1018556 0.1192755 -0.007605137 0.1043815 0.02408923 -0.07556029 0.157057 0.0793118 0.09583365 -0.04705626 -0.09893046 0.1121027 -0.06575374 0.1039675 0.05332057 -0.05559157 0.08433762 0.07460049 0.1327951 0.09208203 0.1009254 0.1651409 -0.06868865 -0.08794685 0.0626504 0.06598037 0.1045063 0.09557429 0.03010077 0.1222022 -0.05559666 -0.05019162 0.1523764 -0.05225802 -0.05934748 -0.0880286 0.09438656 0.08398781 0.1170953 0.1268588 0.1152839 0.1155897 -0.06175615 -0.05146733 0.1055724 0.1052069 -0.3924814 0.1071966 0.1027617 0.125947 0.07582296 0.12482 0.1619715 0.1023468 -0.04879458 0.1011166 -0.07161078 -0.01599414 -0.06197444 0.1205844 0.08922863 0.1293089 0.08657692 0.08131657 -0.06282258 0.08122443 0.09709574 -0.1924758 0.1341898 0.09712303 -0.06921331 0.1393659 0.09654589 0.07360002 0.06525388 -0.163917 0.1202858 -0.05607177 0.09898847 0.0873135 -0.05559303 -0.04427301 -0.04983592 0.1048762 0.1137044 0.1328474 -0.06014178 -0.1136461 -0.08662497 -0.06448637 0.07664632 -0.1926162 -0.2660415 0.1027182 0.09916498 0.08769141 0.08746715 0.1032596 -0.04804889 0.08057725 0.01136114 -0.05128916 0.09614998 0.1245056 0.09133988 -0.07797939 0.1274707 0.109701 0.1115459 -0.0637216 0.1493853 0.08834726 0.06413599 0.006848902 0.08406754 -0.06497793 -0.03897611 0.1060487 0.1084798 0.09265261 0.08508422 0.08221732 0.02361029 -0.06144548 0.1030152 0.005227953 -0.05266843 0.1210626 -0.05560803 0.08449464 0.1202599 -0.1122188 0.1004413 -0.044256 -0.05053275 0.109646 0.09476248 -0.06135463 -0.04642826 0.1279778 0.09278437 0.08854048 0.09058116 0.1128125 0.1100157 0.1249939 0.1273911 0.1209232 -0.001873208 0.1401002 0.122485 0.05812585 -0.1835474 -0.04556807 0.09590885 0.1551257 0.01608165 0.07451474 0.1059382 0.08031763 0.02359014 0.1232027 -0.1479828 0.08870746 0.1400421 -0.6013137 -0.07507232 0.1492823 0.11926 -0.07862918 0.1074691 0.1331504 0.01496822 0.1025092 -0.1340122 0.1287774 0.103627 0.1093668 0.1537892 0.07477606 0.1349281 0.09427074 0.1642169 0.1044715 0.1191705 0.01327713 -0.05978982 0.05976561 0.1275661 0.1182314 0.09886779 0.08829783 0.0998934 -0.05587237 0.1008471 0.1108114 0.03486804 -0.1169567 0.06852544 0.07957457 -0.1851192 0.1336168 0.1334891 0.08498193 0.09171317 -0.06109213 0.09665652 0.04093409 0.03476644 0.08400725 0.1060356 0.1251102 -0.08163619 0.07290255 -0.04698575 0.1122929 0.1041485 0.07471008 0.07084613 0.1281634 0.1064489 0.1100623 -0.1434874 0.04984713 0.1244957 0.1053979 0.1329242 0.1095299 -0.05582947 0.06181796 0.08038487 -0.06224867 0.07869192 0.1489752 -0.06849543 -0.06881164 0.1146079 0.1189781 -0.1632845 0.08622549 0.1151233 0.05887316 -0.1789478 -0.05055517 0.08053172 0.06404218 0.05505499 0.07169557 0.1136952 0.07372214 0.1009469 0.1242201 -0.05057486 0.08610455 0.07061462 0.1118121 -0.1589943 0.0460116 0.1090507 -0.04588031 0.1229143 0.129673 0.07504686 0.08278269 0.03488113 -0.1286124 0.1256265 -0.07314105 0.07652034 -0.09334233 0.121619 -0.1010288 0.07518172 -0.056169 0.09165548 0.09766503 -0.08297189 0.01617702 0.1298623 0.136918 -0.06961965 0.1230168 0.1239375 -0.04430826 0.1145879 -0.05609259 -0.04385209 -0.07856159 -0.08735898 -0.09585406 0.1240311 0.1082406 0.05370249 0.1003201 0.1374359 0.07697392 0.1106461 0.06042536 0.07462741 -0.05023322 0.1008548 -0.06945533 0.09728184 0.1266349 0.08582933 0.1083464 0.08590212 0.07875095 0.1214537 0.1513511 -0.04681836 -0.1451275 0.1181577 -0.05984006 -0.1932269 0.08083576 0.1274029 0.1046528 0.1687714 0.0963597 -0.06497292 -0.07124199 0.1249223 0.1181463 -0.1377973 0.1046005 -0.05376996 0.08797861 0.09564589 0.1341104 -0.5003789 0.1332857 0.1031652 0.1002277 0.07653251 -0.0303451 0.07853395 0.07756571 0.1330049 0.06731127 -0.1337496 -0.06967487 0.03373815 -0.3194055 0.1421541 0.08046626 0.1364804 0.1505092 0.09823357 -0.1077292 0.06134035 -0.5246412 -0.05722248 0.1089479 -0.06130147 0.1436154 0.08005837 -0.1386162 0.1106563 0.1273009 0.1487891 0.06491961 0.1017178 0.0641117 -0.04150248 0.05987965 0.02177615 -0.09204096 0.03234504 -0.1855363 0.08740314 0.1341324 0.1094221 0.08462606 -0.08116502 0.08727831 -0.04836117 0.03741999 0.08926497 0.07554737 -0.4935556 0.09743291 0.1237392 -0.07797938 0.07398687 0.1155268 0.1311237 -0.149992 -0.08270966 -0.04462823 0.1200026 0.07159516 -0.08406676 0.06781511 0.111009 0.1126115 -0.07350647 0.1098124 -0.07916084 0.1551471 -0.03209163 -0.05130199 0.1045877 0.1359894 -0.06311653 -0.04889625 0.07711132 0.1123526 0.1041164 0.08919603 -0.04937931 0.07541543 0.1237536 -0.08063722 -0.06009198 -0.08638225 0.1228475 0.0729664 0.1004971 0.03185998 0.09796897 0.1299824 0.07498139 0.1016301 0.1172374 0.1171934 0.04263724 -0.002940005 0.07248214 0.08220018 0.1264071 -0.07719238 0.03639776 -0.08168688 0.07651933 0.1376626 0.0955982 -0.08198201 -0.01021792 -0.06220425 0.06333514 0.07514577 0.06517867 0.108304 -0.05072205 0.06334671 -0.5189602 0.09667869 -0.07289871 0.1261865 0.07784224 0.1265217 0.1299458 -0.078767 -0.0613077 0.07765235 0.07002163 0.1213374 0.1421911 0.08242472 -0.4464671 0.08236239 -0.08475744 0.1239574 0.1000086 0.09473381 0.1467397 -0.02833758 -0.04675518 -0.0739048 0.08853027 0.130045 0.1204757 -0.1554503 -0.0693952 0.08852702 -0.01681174 0.1018874 -0.06788009 0.07419385 0.08038215 0.08562324 0.1056002 0.1194302 0.07037649 0.1303863 0.115392 0.09744342 0.1241061 0.1402897 0.1013646 0.1228146 -0.03748756 -0.06069798 0.09541369 -0.0703224 0.09796155 0.1158561 -0.07247799 0.1203381 0.1260216 0.0812683 0.1356307 0.12018 0.04760047 0.1079269 0.1681412 -0.0950127 -0.06514772 -0.05815186 -0.2877974 0.08850358 0.1158737 0.129604 -0.05952363 0.1088072 -0.005868001 0.1076178 0.1393014 0.1193952 -0.0542262 0.119139 -0.08212206 0.1351507 0.1521505 0.126517 -0.1905637 0.1064861 0.1120897 0.1104362 -0.06244077 0.07822914 0.09669986 -0.06450519 0.114712 -0.1662292 0.1076846 0.0841214 0.07178006 0.08178423 0.1075406 -0.09066544 0.09786963 0.1338513 0.1042106 0.1430927 0.1484096 -0.04510217 -0.1049042 0.08835226 0.1008544 0.1126851 -0.03397909 -0.04512024 0.08707171 0.07248161 0.125529 -0.4104605 -0.1334968 0.0922657 0.1278123 -0.2486426 0.07879194 -0.05988365 0.1272529 0.08699079 0.106211 -0.06341165 0.122357 0.1324096 0.09966656 -0.004590502 0.1038366 0.1251087 0.06714129 -0.05494074 0.01163294 0.09809485 0.0001826381 -0.1572082 0.07449317 -0.1537722 0.06978653 0.08913948 0.07286888 0.1311005 0.08328455 0.1306111 -0.06628904 -0.1192212 0.1438402 0.1191375 0.103008 -0.06873944 0.1373006 0.09684391 0.1196653 0.1031342 0.06541097 0.1150975 0.09602799 0.1106745 -0.04379323 0.1481249 0.1294744 0.04646388 0.07679394 0.101284 0.111114 0.1215683 0.02824979 0.1326357 0.1260193 -0.08106641 -0.1085773 0.09560044 0.1050696 0.1205244 -0.05726125 0.1238192 -0.04767765 0.1077704 0.08286 0.06297696 -0.08343951 0.08033318 -0.05445086 -0.06815461 0.09778719 0.1187358 0.06499893 0.1166774 0.1259822 -0.3965803 0.06267756 -0.06673017 0.1110115 0.09037049 0.01737009 0.08810039 -0.05046438 0.1256148 0.1038533 0.102713 -0.07083616 0.1186721 0.0994013 0.0189267 0.1271824 0.1318735 0.1454541 0.0956241 -0.1557635 -0.5843178 0.1192519 0.09520217 0.1110022 -0.005675779 0.111324 0.1312916 0.1223376 0.08527672 0.08264408 0.1034032 0.07705329 -0.07356013 0.09216181 0.1101927 -0.09147307 0.1093433 0.05038903 -0.04887309 0.1426042 -0.4924718 0.03690691 0.09377071 -0.04900562 0.0988456 0.134294 0.1684366 0.1014372 0.1097882 -0.06153106 -0.07415412 0.07026771 0.0907882 0.09789047 0.1259916 -0.05260353 0.09626323 0.1132715 0.009525817 0.1066827 0.1107618 0.05385208 -0.06839484 0.01721837 0.1017437 -0.04473549 0.03930523 0.1293172 -0.003533624 -0.2028515 0.1144848 0.09991065 0.118014 -0.05482516 0.1200449 -0.02867908 0.128596 -0.02840159 0.08645947 0.1046079 0.1330771 -0.1346663 -0.0567648 -0.05528757 0.1357715 0.08801573 0.06836215 0.1141836 0.1310721 0.00607363 0.1175929 0.1236446 0.1427824 -0.05154533 -0.05566452 0.09327357 -0.03513832 -0.05282405 -0.03597157 0.1096139 -0.1676521 -0.4721698 -0.08552453 0.1222861 0.1297658 0.1053896 -0.0869476 0.1508878 0.101864 0.08758529 0.1309059 -0.03938244 -0.4029664 -0.09140527 0.07013037 0.1292521 -0.05506403 -0.04804308 -0.4503487 0.07269727 0.1074877 0.08670661 -0.004452934 -0.04417158 0.1523175 0.09785306 0.09828544 0.08473548 0.05338065 0.1087902 -0.08063962 0.1179652 -0.2002079 0.1331289 0.1127446 0.08892833 0.08665561 -0.04379343 0.08327936 0.08139316 0.1087929 -0.1636766 0.1284258 0.1043938 0.1538842 0.1543028 -0.04287874 -0.04443829 0.07051259 -0.09412677 -0.09186545 0.1175537 -0.03618933 -0.06080819 0.08437958 0.142332 -0.05634825 0.1024618 0.05689305 0.07270668 -0.07996734 0.04887066 -0.1581664 0.123895 0.1132888 0.08369038 0.08584718 -0.2121906 0.1175792 0.1001958 0.1115465 -0.06384804 0.06562988 -0.06084316 0.02214685 0.105098 -0.04681127 -0.1037537 0.1511919 0.1210785 -0.2789735 -0.5888561 0.122521 -0.07125337 0.1013172 0.04843951 -0.039753 0.09988856 0.1185665 0.08029584 0.1124708 -0.05723263 0.1008612 0.1217374 0.07684535 0.00616587 0.07205486 -0.06473733 -0.04977281 0.1041921 -0.2962176 -0.04546031 -0.06677709 0.1295923 0.09031466 0.116694 -0.3495902 0.08769858 0.1116986 -0.0658073 0.1463176 0.05253538 0.1376158 0.1386991 0.07076719 0.09088501 -0.2662305 0.1292751 0.1321746 0.1169327 -0.6043509 -0.06999168 -0.07798759 0.1232529 0.1300824 -0.02836872 -0.06559884 0.1149243 -0.01618078 0.105039 -0.07233715 0.1029042 0.07738766 -0.2731653 0.05822825 0.08783171 0.1307361 0.1258747 0.08044645 0.1200768 0.08164073 -0.05295015 0.1267904 0.1053037 -0.04729263 -0.02393397 0.07713382 0.09427945 0.08914699 0.1115889 -0.08614398 0.1306513 0.09088176 0.1143179 -0.06863865 0.1209838 0.102764 0.1002332 0.1019297 0.06551962 0.1072933 0.08225736 -0.232779 0.09007544 0.08932912 0.1237077 0.05425848 0.12941 0.09462439 0.1253738 0.08990593 -0.03941293 -0.07319186 0.07852834 0.06389873 0.06316984 -0.05568234 -0.0515708 -0.04765205 -0.1890213 0.08290961 -0.05447689 -0.04752931 0.1125493 0.1310474 0.09433993 -0.05496048 0.1304156 0.1246605 0.1242608 0.08506536 0.1000021 -0.06948993 0.09876876 0.1346484 0.08196245 0.08100609 -0.069238 -0.1691235 0.126802 0.1473876 0.1143303 -0.001261639 0.0799453 -0.2809292 0.1212752 0.1226364 0.08693855 -0.1107439 0.123054 0.06950456 0.08372523 0.09878678 0.1354555 -0.06550803 0.0884389 0.1170315 0.002648193 0.06552011 -0.06649644 -0.04548073 0.09756744 -0.05157554 0.1640488 0.05941091 -0.05528256 0.1175791 0.1468526 -0.03140816 0.1273729 0.09473792 -0.1663334 0.09490532 0.07190256 -0.06834426 0.09049106 -0.0953534 0.07437965 0.0621649 0.1331431 0.1156677 0.1108825 -0.07105777 0.09471957 0.1193933 -0.01985187 0.1109879 0.07155212 0.08056589 -0.1475685 0.07239301 0.100934 0.07623331 0.09284325 -0.07660934 0.1255755 0.1005258 0.1181322 0.09571534 0.1119752 -0.4120271 0.08811193 -0.05796409 -0.05185061 -0.08570367 0.1243394 0.09483653 0.07956921 0.1253723 -0.0481927 0.1135737 0.03353026 -0.03425458 0.08299685 0.1192901 -0.03051974 0.07989355 -0.1167828 -0.1272238 0.1283067 -0.1075512 0.08544091 -0.04827232 0.06601142 0.1363135 0.1062475 0.08061558 0.1470153 0.08528989 0.1133407 0.110736 0.06073083 -0.1005417 0.1137826 0.08236627 0.07819601 0.08245372 -0.06438359 0.1036343 0.07141237 0.1192152 -0.1950041 0.1187889 0.05795101 -0.07228178 0.1305651 0.115223 -0.02435264 0.1240541 0.1012792 -0.06346231 0.1208977 0.01886395 0.07719368 -0.05110457 0.1346463 -0.08217705 -0.08125149 0.09738579 -0.08607636 0.08559039 -0.05907163 0.09876677 0.140857 0.1344067 0.1173517 0.1057293 0.1214525 0.09519553 0.08492143 -0.05535943 -0.07763033 0.1306483 0.1119832 0.1199163 -0.04872037 0.1143791 -0.07330292 0.114748 0.1058153 0.1082924 0.1262987 -0.07228752 -0.0794054 -0.1333594 0.1469861 -0.155373 0.09886244 0.1038771 -0.0657452 -0.05035374 0.116062 -0.08219306 0.1060763 0.09660815 0.07930045 0.03268183 0.1195999 0.1143882 0.1040377 0.09546284 0.095523 0.08663064 0.1049016 0.09259589 0.11259 0.1009098 -0.5128441 0.1221379 0.128279 0.06861168 0.113486 0.0215292 0.1228363 0.05013386 0.07901812 -0.1377312 -0.05264458 0.09868799 0.08512303 0.1216885 -0.0659496 0.1102983 0.1243006 0.0672868 -0.08615802 -0.05659477 0.1083762 0.1085778 0.09108718 0.1263451 0.1211825 0.07179581 0.1071725 -0.1102629 0.1291096 -0.06394218 -0.008377155 -0.04773228 0.09131349 0.1071327 -0.07065376 0.06241513 0.1252906 -0.06989136 0.01694371 -0.3862659 -0.04693678 0.046626 0.07236999 -0.08750951 0.05883576 -0.171668 0.06476486 0.07819137 0.1234927 0.1287811 0.08996307 0.1089495 0.09155847 0.09027929 0.06798425 0.1697007 -0.05586051 0.09466408 -0.1056523 0.1228473 -0.05545492 0.1020231 0.1112696 0.0957083 -0.05622728 0.1159513 0.1237414 0.09643947 0.1399283 0.1040101 0.1142852 0.0898718 0.1147014 0.1018819 0.1067708 0.08990391 -0.07023899 0.07735641 0.1137889 0.115282 0.07889415 0.13857 0.1583393 0.09791756 0.09865534 0.1041629 0.07417171 0.08741655 0.1109808 -0.5106952 0.09846201 0.06911013 0.09972569 -0.0375076 0.114274 -0.04691862 0.09429374 0.09754777 -0.03550004 0.0003620685 0.1300661 0.1284449 0.1241322 0.1288937 0.08934988 0.1593086 0.1227244 0.08664319 -0.0443937 -0.07128739 0.1128128 0.101502 0.042902 -0.06156277 0.09156344 0.121919 -0.05733764 0.07636865 0.09459978 0.08609985 -0.07159981 0.1029424 -0.3229789 -0.2000934 -0.1624771 0.1322845 -0.05584341 0.1123245 0.127066 0.1470142 0.1108356 0.1040204 0.1097555 -0.1417519 -0.01438617 0.1248846 0.05174068 -0.04584136 0.1006444 0.1291802 0.1293635 0.0757313 -0.05199566 -0.08393334 0.02514582 0.1268993 -0.04896369 0.1233846 0.02162259 0.1277778 -0.6003962 -0.2028315 0.1137872 -0.04898577 -0.05759695 0.1208405 -0.144935 -0.0447407 0.1251104 -0.05467113 -0.06357376 0.1228393 0.1049066 0.01286573 0.114761 0.1159774 0.1057162 0.1137335 0.1046778 -0.04387999 0.09299304 -0.07522413 -0.0522526 0.1173554 -0.05097224 -0.05326807 0.1248676 0.1133988 -0.4391506 0.08062617 0.1299577 -0.07797799 0.09839797 0.09090374 0.1112034 -0.4298279 0.05161986 -0.01499146 -0.07342205 0.1016357 0.08383412 0.09621119 -0.08052713 0.1188141 -0.09348322 0.1061307 0.08921088 0.1101484 0.06568145 0.08884317 -0.08609489 0.06243884 0.1235209 -0.05070468 0.132003 0.120272 -0.05680744 0.1293133 0.1102051 -0.05754775 -0.06251807 -0.01110329 0.1103399 0.06752157 0.1275906 -0.04503645 0.06220756 0.1326476 0.002765382 -0.0562112 0.1312453 0.06397875 0.107946 -0.3987036 -0.07008358 0.1368481 -0.09362232 0.08814109 0.1268324 -0.04570708 0.09988419 0.1394068 0.1295991 0.1461463 0.02662998 0.09921712 0.09891887 0.1132799 0.08944574 -0.07401193 0.09003793 0.1426792 0.07541906 -0.2024172 0.1259924 -0.0346312 0.0387844 0.1158429 0.03546342 0.07947288 -0.0705803 0.1324227 0.003435677 0.0943569 0.07849233 0.03522665 -0.5569645 0.1279956 0.1152656 0.07798781 0.113744 -0.1026882 -0.07108822 -0.1888944 0.1073043 0.1357242 0.1064617 -0.04943359 0.1077774 0.1148804 -0.07480467 -0.05182004 0.0637877 0.08349431 0.1058925 0.1127483 -0.2738349 0.1063924 0.1184981 0.1463208 0.1182121 0.126624 -0.4903525 -0.1007827 -0.09112255 0.1194144 0.06154571 -0.07024068 0.06374884 0.1086152 0.1288391 0.1220166 0.1148247 0.09247597 0.1221444 0.09762039 0.1189116 0.05435652 0.1095797 0.1031359 0.09789977 0.1006768 -0.08587746 0.1688054 0.1128372 0.1007863 0.1115661 0.09617061 0.1256517 0.110373 0.08279581 0.05085001 -0.06535702 -0.02723449 0.0836086 0.1193886 0.1284095 -0.3020009 -0.06889465 0.08289853 0.120996 -0.07127937 0.1351671 0.093911 -0.06402223 -0.06248702 0.1125778 -0.0623314 0.1123804 -0.06149942 0.1095439 0.130299 0.1082347 0.1320695 0.07537494 0.1295039 -0.06978757 0.08043277 0.08165819 0.08385311 -0.06984407 0.1002882 -0.05178871 -0.07534501 0.09510921 0.1101478 0.1286066 0.05407195 0.1006956 -0.01164617 -0.08457588 -0.07084896 -0.05953148 -0.06704873 0.09116552 0.08200703 0.08570106 0.06837635 0.1352834 -0.06266249 -0.09861464 0.1281769 0.026602 0.1060386 -0.05533149 0.1002654 0.1149283 0.126344 0.1149706 -0.374237 0.0999065 0.08804096 0.124569 0.1159983 -0.05636404 0.116366 0.124677 0.1271632 -0.05514722 0.1098508 0.1272933 -0.0272676 0.1259092 0.1138896 0.07211907 0.07990647 0.08725866 -0.04162968 -0.05994871 0.1017291 0.1295868 0.09641364 -0.06636525 0.1123901 0.1273877 -0.07704879 -0.06132192 0.03523231 0.08258019 -0.05875249 0.1188598 0.1066002 0.1219647 -0.07289893 0.1102109 -0.07297245 0.06841153 0.075153 0.1033117 -0.04390856 -0.07412662 0.08770246 0.07843249 0.1006243 0.1188904 -0.03559336 -0.08800996 0.118181 -0.08710423 0.08161093 -0.06926981 0.1222294 -0.0707343 0.08949951 0.1166945 -0.09886785 0.130899 0.1015924 0.08285078 0.127644 0.05466547 0.1078904 -0.03129056 0.06315228 0.07040037 -0.05891917 0.1203367 -0.03925095 -0.03219761 0.07991643 0.1085528 0.1241374 0.0850805 0.1276251 -0.05244835 0.1429526 -0.09550436 -0.06786567 0.1258668 -0.06546921 -0.05460972 -0.09790009 0.1110677 0.1281731 0.09670614 0.06314409 0.09879064 0.1303624 -0.06271175 0.05085107 -0.03722482 0.07403935 0.0846994 0.1342738 -0.04585293 0.1017197 -0.1311107 -0.04732732 0.1147793 0.1215646 -0.06970729 -0.05509191 0.06370449 -0.5853059 0.1026523 -0.06690931 0.08897538 -0.07120628 0.1326021 -0.05538607 -0.09672517 0.1127267 0.09423266 0.1248867 0.08373348 -0.05317401 0.09761829 0.1097009 -0.06788343 -0.0766211 0.07541953 0.08390613 0.1220466 0.1308645 0.01460987 -0.03384963 0.05569874 0.1346041 0.0863898 0.1056779 0.08653873 -0.06881853 0.0878267 -0.5261412 -0.04415889 -0.06929683 0.1266764 -0.05407896 -0.07599268 0.03901168 -0.05111522 0.05972488 -0.06897783 -0.5831395 0.1167378 0.03856843 -0.08257036 0.1249092 -0.08577937 -0.1111377 0.08422772 -0.01958374 0.1239566 0.1222683 0.07768176 0.08008212 0.0767357 0.1081602 0.1093001 0.1300196 0.102756 0.09893848 0.110118 0.08915007 -0.05051905 0.1033473 0.1086672 0.1273564 0.09532117 0.02834138 0.09800262 -0.08351933 0.002278991 0.1416654 0.09887668 0.1030661 0.1187535 0.1220709 0.08202418 0.0774483 0.1077641 0.1152915 0.1139582 0.08620805 0.0953289 0.1625154 0.112283 0.1200327 -0.04733616 0.1138698 0.1638554 0.07096127 0.1095332 0.04807399 0.130979 0.1263769 0.08260335 0.05755026 0.1266146 0.1335147 0.07253829 0.03714087 0.08267368 0.1203875 0.10297 0.1020609 -0.03372718 0.07412454 0.09305701 0.1245425 -0.0566525 0.1288922 0.1453367 0.1001822 -0.1611815 -0.5052416 0.09315678 0.1078422 0.1583488 0.1279369 0.1254458 0.08791297 0.1165989 0.1050883 -0.1676526 0.01653055 0.08706609 0.1412428 -0.06022173 0.1328522 -0.3560861 0.09707811 0.1012741 0.1047099 -0.1097388 0.1167078 -0.04144041 0.1225356 -0.0895305 0.1082008 0.1151983 -0.02953805 -0.1305453 0.07731224 -0.2233026 -0.1513499 0.09026915 0.1302326 0.08769409 0.0581698 -0.01722158 -0.06159926 -0.01658835 0.06777172 0.1255873 0.1263016 -0.1142789 0.09247596 -0.372319 0.0979043 0.0632947 -0.09573305 -0.2828951 0.1099736 -0.1876888 0.1174538 0.1279386 0.1138179 -0.04572026 -0.08833003 0.1058674 -0.06890695 0.1575158 0.1134631 0.1203228 0.1181283 0.110258 0.134201 0.1251248 0.1349799 -0.06898627 0.1485054 0.1061064 0.0986516 -0.06905626 0.1002243 0.1279047 -0.06242893 -0.08205272 0.0952915 0.08699451 0.1069977 0.1130097 0.1311438 0.003028829 0.1026511 0.06582041 0.1024073 -0.2359062 0.106142 0.1349885 0.1132593 -0.08572371 -0.05890223 0.09470942 -0.06871516 0.07309119 0.08141426 0.07679917 0.1084925 0.07191481 0.06434277 0.1069108 0.0950421 -0.1031111 0.1258783 0.1145833 -0.07092546 0.1067127 0.07579645 0.08842666 0.08454015 0.08427718 0.1205111 0.09045675 -0.4026061 0.001534866 0.0767216 0.08603702 -0.2725234 0.1442576 0.07716689 -0.06737089 0.1030854 -0.07728785 0.08835088 -0.05622802 0.1242576 -0.08959804 0.01943065 0.1309759 0.06241754 0.1122995 0.07434344 -0.1088255 -0.05108998 -0.07423751 0.05337873 0.09268704 0.1061282 -0.1721016 0.09664705 -0.08043391 -0.1196553 0.1241511 0.08326823 0.07182369 -0.087688 0.085289 0.1308376 0.04746234 0.10162 -0.2049911 0.06308447 0.1138685 0.1310633 0.1018786 0.06406163 -0.1422443 -0.09094053 0.1279475 0.1018048 0.1259491 -0.119498 0.0786695 0.09468628 0.1044202 -0.08592378 0.0848883 0.1029299 -0.04450939 -0.1019907 0.09909778 -0.0778061 0.1257552 -0.08681133 0.04469836 -0.06701492 0.0154843 0.09676913 0.1013248 0.1168197 0.08756041 0.08552095 -0.06691956 -0.05394607 -0.09057212 0.1160642 -0.07899872 0.1364756 0.08915356 -0.06211189 0.1229132 0.08057142 0.08984736 0.1154321 0.143782 0.08007692 0.1132251 -0.1698384 0.1318194 0.08077771 0.1249026 0.06961776 0.1073143 0.1180798 0.1374061 0.08696191 0.06701177 0.1614394 0.08933841 -0.07971986 -0.1081095 0.1078483 0.08921039 -0.07888903 -0.0649877 -0.03166215 0.08062363 0.04878865 0.08849525 0.08776744 0.06483369 0.1251407 0.08574335 0.1305973 0.0790858 0.1271301 0.1032374 0.093765 -0.3840231 0.06229436 -0.1442029 -0.1221405 0.1241187 0.1048156 0.03460922 -0.05405172 0.1094284 0.1239557 0.1257171 -0.09427053 0.1080842 0.1182686 0.090873 -0.1707929 0.02693916 0.09680259 -0.01411122 -0.05471557 -0.05784133 0.08770253 0.125396 -0.08354785 0.02517423 -0.02275996 -0.05070857 -0.1254376 -0.08657601 0.1289002 0.08597617 0.1001334 0.1136313 0.1334074 0.09458691 0.07804339 0.1031297 -0.09448586 0.1010511 0.1242291 0.1016047 -0.06527654 -0.07081422 0.07917374 -0.007215545 0.1025726 0.1295437 -0.07711546 0.09650594 0.1115535 -0.2365633 0.0801152 -0.08386327 0.1224774 0.1352201 0.1277586 0.1149651 0.09308225 0.0806874 0.08044709 -0.04439312 -0.3151365 0.08771316 0.1125064 -0.04786053 0.1299029 0.06550424 -0.1975359 0.1288754 -0.1357347 0.09658358 0.09296411 -0.1716622 -0.16922 0.09554406 0.09906636 0.08405007 0.147126 0.08523196 0.01324838 0.07856261 -0.0535772 0.1018796 0.08613548 -0.05733191 0.08447032 0.1154737 0.1134527 0.1066802 0.1150547 -0.07224365 0.1328664 -0.1880206 0.1066216 -0.02444332 0.01188455 -0.07191795 -0.05776124 0.1087466 0.1190539 0.02202063 -0.03766319 -0.06741794 0.09659914 -0.06993034 -0.04963437 0.06302653 -0.04356418 0.1521837 0.1211408 0.1043756 0.08519523 0.09057255 0.07806465 0.1285965 0.1298957 -0.0697099 0.1287787 -0.1159975 -0.06432478 -0.0703877 0.0422204 -0.04935231 -0.06761375 0.1063796 0.103971 0.123632 0.05930908 -0.02096467 0.04948393 -0.06813256 0.05517621 0.07501445 0.111869 0.1281041 -0.05846955 0.08040536 0.1184513 0.09801271 0.1169772 -0.0547071 -0.1355208 0.1273518 0.1345449 -0.05179429 -0.08753633 0.07238064 0.125627 0.0680276 0.07763316 0.1020393 0.08402863 0.09078304 0.1362743 0.1285117 0.1158677 -0.08953457 0.1100284 -0.2217967 -0.04830256 0.08882541 -0.08651523 0.07170155 0.08998092 0.09725366 0.01485074 0.1024747 0.05876212 0.1475912 0.1195383 0.1000317 -0.05900036 -0.05432632 0.1268986 -0.08048175 -0.05436215 0.09205814 0.1300578 0.08667653 0.113088 -0.02976032 0.09859156 0.1093033 -0.09117363 0.1305287 0.07483676 0.09964078 0.1290326 0.1045206 0.1054694 0.07335836 -0.05259226 0.1330214 0.0675524 -0.07607601 0.08244406 0.1003644 0.09822891 0.1121254 -0.06387772 0.116859 0.1121346 0.129032 0.1449929 -0.08381298 -0.04402814 0.0985731 -0.01961016 -0.07082801 0.1299573 0.09194525 -0.05858905 0.1280825 0.07079068 -0.03814789 0.1008517 0.05255985 0.1472763 0.1273414 0.1045521 0.07798531 0.1109225 -0.008779248 0.1222745 0.1276972 0.07783999 0.1061855 0.1278521 0.09670488 0.1017844 0.1302786 0.07320101 0.048812 0.1313146 -0.06991086 0.08751422 0.07932682 0.07436456 0.09838676 0.123775 0.07295546 -0.0544877 0.1125023 0.08695608 0.1258913 0.1311723 0.1193647 -0.02934501 0.06667089 0.1370028 0.1145663 0.08920905 0.1121497 0.1099199 0.1235904 0.05629861 0.1188538 0.1091373 0.1103055 0.100248 0.1306647 0.1280386 -0.05620041 -0.1886406 -0.05229745 0.1349661 0.1265158 -0.07037839 0.09884314 0.07586218 0.1289847 0.134831 -0.05775308 -0.1744633 0.1013304 -0.4514123 0.1188803 -0.04887183 0.120262 0.1222697 0.1172338 -0.06934651 0.09383637 -0.02302412 -0.1505776 0.1204229 0.06446549 0.09440003 0.07035688 0.07429787 -0.03608586 0.1182383 0.1548325 0.009003999 0.1091027 -0.0704042 -0.08978762 0.06628891 -0.07215295 0.1352537 0.1216624 -0.05448593 -0.08156826 0.1202557 0.1010282 0.09130002 0.09795464 0.1361081 0.1220906 0.1024015 0.04942765 0.1273055 0.04282673 0.1347484 0.1013495 0.125177 0.1086907 -0.1530908 0.1334251 0.08479065 0.1282749 -0.09439927 0.1283627 0.07194254 0.1043301 0.09869307 0.1147272 0.1021996 0.1317851 0.08719254 -0.02575804 -0.07660887 -0.002258593 0.08575512 0.09743541 0.08529554 -0.09141574 -0.06139399 0.1224765 0.09575736 0.06567207 0.1006356 0.08925289 0.129738 -0.07780139 -0.1219719 -0.04643586 0.1258399 -0.05647897 0.1302813 -0.1976147 0.09994697 0.106924 0.1037941 -0.09324868 -0.05806233 0.1287639 0.08941665 0.06164943 0.1243257 0.1301815 -0.09218975 0.02760548 -0.06001272 0.08979458 0.07760599 0.1217509 -0.08602375 0.1054085 0.08675248 0.1239937 0.147386 0.09387434 0.06524296 0.1238483 0.1075342 0.1338743 -0.07452862 0.06444872 0.121451 -0.1067117 0.1059882 0.08824962 0.1201883 0.0975771 0.09734044 0.02098915 0.09301294 0.1029237 0.10619 0.08303025 0.09817596 0.1309813 -0.04142414 0.07576818 0.116467 0.1282606 0.1083489 -0.1291058 0.09807716 0.1199325 0.1174644 0.0616383 0.1142431 0.08934133 0.09770571 0.1680389 -0.5693234 0.1205664 0.05763087 0.115569 -0.04383427 -0.07632461 -0.0109247 -0.07975633 0.1229484 0.02067399 0.06279548 0.0765707 0.08781087 0.05951524 0.1272018 -0.217713 0.1332329 -0.06698915 -0.07612848 0.09232484 0.1485747 0.1272807 -0.08776814 0.09759483 -0.05554843 0.09949771 -0.04670153 0.06976672 -0.09374798 0.1166461 0.1232134 -0.04588437 -0.154573 -0.05394798 0.09551743 -0.01351989 0.1380022 0.1222399 0.1128366 0.1225448 -0.01031955 -0.5007228 -0.06706923 -0.1311321 0.1084165 0.09854554 -0.04854089 0.1164752 0.1504891 0.1084259 0.1074027 -0.06676 -0.37185 0.08659766 0.1050195 0.01929523 -0.05982436 -0.05836004 0.0814625 0.1322 -0.1650305 0.08860776 0.08719102 0.1519305 0.008503381 0.1054556 -0.05679248 0.1217588 -0.05545666 0.1221776 -0.04005063 0.1571548 0.1119788 0.08981932 -0.1428633 0.08912231 0.1338383 0.1023434 0.08287318 0.1171858 -0.2816357 0.122659 -0.04313614 0.1130434 0.09500843 0.1181749 0.1239168 0.08616994 0.1166521 -0.04545534 0.07854894 0.09000063 0.06651518 0.1333109 0.007892546 0.09815332 -0.05045296 0.1305999 0.1234883 -0.1179298 0.02052613 0.1124336 0.1314504 0.1245623 0.03353336 -0.1471721 -0.1081802 -0.0786761 0.06537934 -0.06594124 0.1230654 -0.05510257 0.1576389 0.1300381 0.07897217 -0.06596085 -0.0732535 0.1050135 0.07480557 -0.08702986 0.08797854 0.09890027 0.1256284 0.1328661 -0.0306318 0.0800431 0.1036484 -0.07868281 0.1278486 0.08409984 0.09629221 0.07497339 0.08438328 0.09760713 0.06829044 -0.4239118 -0.04643575 -0.05439343 0.07943048 0.09719831 0.09691273 0.09104633 0.1199348 0.09717971 0.0318492 0.1312959 -0.1038806 0.1272957 -0.04554281 0.08414337 0.1195901 0.08407199 -0.06330228 0.1340857 0.06609862 0.1195264 0.05887843 0.1237846 0.01346769 0.1122299 0.1474085 0.07704946 0.1070811 -0.05568047 -0.05302326 0.1433985 -0.06149618 0.1296034 0.06293141 -0.05817349 -0.1045724 -0.06435783 0.104294 -0.04552535 0.1136437 -0.0451016 -0.04143509 0.137673 0.1215229 0.06711666 0.1351405 0.08930682 -0.04058455 0.08802861 0.1298679 -0.0553796 0.109031 0.08954546 -0.07387128 0.1529816 0.06336059 0.1038241 0.1079467 0.1153725 -0.05752692 0.1256252 0.08720148 0.1017769 0.1308952 0.1229806 0.1343018 0.08910675 0.07487579 0.1264071 0.1118785 0.1494633 0.1258645 0.1075083 0.1040142 0.1314529 0.1086903 0.1220332 0.1127965 0.05009941 0.08766187 0.0370665 0.06113257 -0.05892548 0.1255049 0.1083772 0.1012111 -0.05577677 0.07746645 0.09323549 0.1442273 0.07934243 0.1109396 0.109725 0.1013841 -0.01561987 0.1133412 0.1186455 0.1200986 -0.01536735 -0.06187155 0.06276273 0.1236691 0.1035162 0.1232396 0.1312745 0.1203351 0.07503698 -0.05057893 -0.06546222 -0.05638323 -0.07591001 0.09230402 0.1105733 0.08600138 0.1059657 -0.05412254 0.1158364 -0.05723602 0.09715962 0.1224282 0.1363568 -0.1004677 0.1608734 0.1002208 0.1540343 0.1009248 0.09845077 -0.05320435 0.07681885 -0.03564218 0.01116996 0.05962391 0.09048957 0.08969608 0.1552499 0.05547572 0.1585007 0.1272739 0.1235851 -0.03505886 -0.1136017 0.123109 0.08625094 0.153463 0.06745369 0.0929116 -0.1208371 0.108866 0.120844 0.1256391 -0.04535386 -0.07959796 0.07035268 0.1099128 0.1007508 0.06330811 0.09908054 0.1258162 0.06708171 0.1106751 0.1006848 0.1158898 -0.1193348 -0.0866013 0.154435 0.1454483 0.1568178 0.06227244 0.08233853 -0.08064647 0.1017881 0.1340677 0.1063179 0.1016041 0.1186269 0.120276 0.1297049 -0.0425108 -0.06194485 -0.04182994 0.1176632 0.06401393 0.1168462 0.0985646 0.1075562 0.09140185 -0.02821701 -0.08267965 -0.3012324 -0.04383847 0.1118019 0.1019267 0.09624457 -0.07170455 -0.1258127 0.09966336 -0.06283854 0.1242243 0.06815884 0.1270162 0.02376405 0.1487359 0.005635921 -0.07471193 -0.04687901 0.1278842 0.1093566 0.08712075 0.1045051 0.1165389 0.1217933 -0.153813 -0.07649628 0.1049922 0.0586644 0.1398016 -0.04524262 -0.06938086 0.08694576 -0.04286755 -0.20078 -0.04405636 -0.06542655 0.1059195 -0.05656793 0.08492155 -0.5770255 0.1071192 0.1287499 0.1127873 0.07043108 -0.04719328 0.08091672 0.07133082 -0.05609296 0.07583433 -0.04865521 0.06377401 -0.05133729 -0.2950321 0.06479041 0.1229881 -0.1915669 -0.1802677 0.1297361 -0.07877456 -0.06768981 -0.07264004 -0.07475756 0.1148343 0.09282465 0.01397131 -0.04805713 0.1007687 0.1130523 0.07290637 -0.08527452 0.00635324 -0.07387321 0.06476968 0.06466836 -0.08408803 0.1323194 0.1167739 0.1293983 0.115254 0.1300917 0.09915341 0.07460716 -0.1745846 0.09696255 0.115534 0.07575349 -0.0511173 0.04773838 0.1066588 0.1120407 -0.09573796 0.1007224 -0.07225264 -0.007066613 0.07179273 -0.07559974 0.1068955 0.1303144 0.1106387 0.1316651 0.1074854 0.111219 -0.03792892 0.09716111 0.1109217 0.1652325 0.1296808 -0.08692648 -0.07232548 -0.1793967 0.1279151 0.07452957 0.05603292 -0.03952754 0.1056477 -0.05104552 -0.0163031 0.105982 0.123635 0.07492523 0.08350425 0.09260066 0.1280214 0.01776897 0.1066083 0.1281826 -0.06028264 0.1235172 0.06719421 -0.07516804 0.1019965 0.120145 -0.06758998 0.1044397 0.06686775 0.1200529 0.09098396 0.1101868 0.08142052 0.08583866 0.1217206 0.08293381 0.08483569 0.1300574 0.09594045 -0.0940429 0.07457002 0.07891259 -0.05462657 0.1388483 -0.09474725 0.08002096 0.1301987 0.06311008 0.1279853 0.07820924 0.07854633 -0.03341879 -0.04914295 -0.05289288 0.1314503 0.1280188 -0.009135228 0.1294088 0.1567829 -0.6225575 0.06605966 -0.02558101 0.1073209 0.0679744 0.06800567 -0.003835499 0.09190516 0.09893642 0.1232614 0.08446698 0.08767211 0.09744942 -0.004301805 0.1258824 -0.08621663 0.09109548 0.06372534 0.07833552 0.1310338 0.1212891 -0.08846834 0.1275758 0.05805376 0.1245177 0.09103931 0.07161566 0.06625098 -0.05484238 -0.05596708 -0.009589899 0.1274872 -0.06168948 -0.04817354 -0.0617628 -0.04397381 0.08582803 0.09637575 0.1291021 0.1065057 -0.06751311 0.1234132 0.1192641 0.07501294 0.1020883 0.1247199 0.09955788 0.1057635 -0.08348043 -0.05435 0.09013935 0.004406692 -0.1316516 0.1104156 0.1014969 -0.05775318 0.08260954 -0.0509164 0.110227 0.1220465 0.1063832 0.06701738 0.109333 0.104731 0.09293253 0.10972 -0.3188358 -0.04526697 -0.1443444 -0.005012184 -0.04249622 0.07250876 0.1013105 -0.2145852 0.06544778 0.09041381 -0.06996882 0.09999132 -0.04793782 0.1120346 0.1480316 0.125926 0.08300152 0.1193989 0.01722724 -0.2813748 0.0849497 0.09217765 -0.04238853 0.02104917 -0.08680485 0.09514866 -0.04533983 0.07870844 -0.1037632 0.1192924 0.1234978 0.02537388 0.115504 0.08892691 0.1074223 0.07913459 0.1265023 0.1261547 0.09202935 -0.007609669 0.08760817 0.06702738 -0.03097649 0.08752407 0.1081334 -0.1017091 -0.08150124 0.1099048 -0.05753352 0.07204738 0.0859996 0.1239806 0.1113499 0.0901103 0.1201581 0.1513358 0.08877778 0.1259504 0.1020447 -0.3472418 -0.0612293 -0.04910608 -0.01874633 0.09953921 0.06262233 -0.05770085 0.1185628 -0.04896915 -0.1670881 -0.06979691 0.1331916 -0.3166914 -0.05955379 -0.1366003 0.0980268 0.1011645 -0.05718013 0.08689328 0.06753737 0.07343606 0.08618689 0.1114652 0.1334291 -0.08631857 0.08014851 0.1289302 0.1529212 0.1306295 0.1217068 0.07778828 -0.1038715 0.1405576 0.08071529 -0.08423394 -0.08211838 0.08442143 0.06920154 0.07909689 -0.1049102 0.08811324 0.09534716 -0.05703083 -0.07430022 0.1101009 0.1075654 0.1221723 0.1214507 0.1282633 0.07759806 0.08848343 0.07972732 -0.0543205 -0.1612884 0.09365536 0.1346741 -0.4909599 -0.01856609 -0.001859212 0.0706772 -0.05347572 0.09248169 0.1103003 0.09147817 0.1011909 0.01059381 0.06356199 -0.05201724 -0.04640526 0.09323505 0.1224196 0.1549538 0.1265475 -0.07006181 0.06310269 0.0758683 0.1461875 -0.1224709 0.1190531 -0.002770992 -0.1111289 0.09335154 0.1242535 -0.08750647 -0.04405615 -0.09813354 0.07249017 0.1542789 0.1112629 -0.08156797 0.1302311 0.0952621 0.07212632 -0.05299412 -0.09725646 0.1486551 -0.07901478 0.1309541 -0.07783644 -0.06002162 0.0944222 -0.05333031 0.07239174 0.09771852 -0.05246594 -0.03520239 0.09794869 0.0817544 0.09762946 0.1069157 0.07420801 0.06840117 -0.128627 -0.05111754 -0.0475647 0.0797922 0.1023016 0.09865847 0.08623755 0.07537687 0.1294471 -0.02977616 -0.07172234 0.01670048 0.07936367 0.1202761 0.08619936 0.07009254 -0.1070046 0.132615 0.1179512 0.1223873 -0.04566134 0.06608753 -0.08297293 -0.05580742 0.07911702 0.1130608 -0.07025578 0.07369729 0.113794 0.1294729 0.08738731 0.08748318 0.08483683 0.07586995 0.07188714 0.08655358 -0.07009699 0.03162189 0.08076525 -0.06957993 0.05273785 0.1229382 0.08135702 0.1139651 0.05731719 0.111051 0.0816342 0.1484712 0.06315874 -0.09139821 -0.07595187 0.07951114 0.13405 0.1022354 0.08227485 -0.02439954 -0.07494213 -0.01139225 0.106326 0.1460536 -0.060059 0.122143 0.1248547 -0.0944877 0.1364153 -0.1573918 0.1179087 -0.06793551 0.09288066 0.1244459 -0.0693569 -0.133185 0.1124156 -0.06310408 0.1081371 0.08821554 0.129496 0.03907423 0.1011255 -0.06857608 -0.06702151 0.01147038 0.09880736 0.1165201 -0.05269119 0.08348595 0.1362915 0.09527979 0.1274871 -0.1558601 0.08899153 0.1441416 0.1310664 -0.05587102 0.1091112 0.1096799 0.1433889 0.08718798 0.08455931 -0.1764779 -0.08390621 -0.05529828 -0.05121299 0.1365233 0.1366916 0.1596188 0.1284912 0.1282146 0.1159341 0.1394776 -0.05627509 -0.006023889 0.0995853 0.02169303 -0.07371796 0.1107398 -0.1634635 -0.06084032 0.1110009 -0.05705946 -0.05219286 0.113184 0.07883126 0.1097436 0.07070448 0.03176301 0.0900227 0.0901887 0.07700243 -0.2433439 0.1073022 0.0303742 0.06059447 0.09482227 0.126195 0.1113684 0.03648123 0.1384746 0.09807839 0.1253843 0.1297005 0.06167931 -0.05759706 0.08863448 0.1045793 -0.09466125 -0.1255607 -0.069646 0.09442488 0.09573586 -0.0929193 0.0749933 0.07308371 0.05334591 0.1369638 0.09822772 0.05491797 0.08482486 0.1392758 0.128033 -0.04489014 -0.09883808 0.1479612 0.132795 0.09300178 0.125153 0.1001048 0.08986509 0.1049808 0.07777597 0.1205333 -0.06876481 0.1266012 0.1530323 -0.04378253 -0.0818602 0.06563877 0.09084198 0.07049074 -0.009206448 0.1152064 0.1313058 0.002910077 0.06576374 0.162244 0.06835329 0.1062522 0.1180121 0.1109239 0.0998558 -0.07890864 0.1266791 0.08537437 -0.07092939 0.1181493 -0.04627778 0.1058873 0.1359864 0.0962887 0.1152549 -0.2195369 -0.05057222 -0.06797835 0.09345871 0.09163436 -0.06418393 -0.09356038 -0.04551243 0.1251173 0.1196763 0.09779652 -0.1183079 -0.02212516 -0.3041972 -0.1246066 0.1511027 0.1390273 -0.05606539 -0.04766928 0.1039037 -0.0812037 0.08787715 0.07380781 0.106172 0.09702054 0.09520017 0.1121129 0.07136133 0.1203231 -0.3532056 0.08939175 -0.3698034 0.1190648 -0.05365239 0.08493263 0.08255773 0.06126853 -0.1343548 0.1020558 0.1272388 -0.06761753 0.1127983 0.1119181 0.0723646 0.1261095 0.1435507 0.08709266 0.1324867 0.1068646 -0.1434546 0.1198338 -0.06474137 0.08361372 -0.06100245 -0.05493577 -0.01431648 0.08358259 -0.1970275 0.1509097 0.06810375 0.08515012 -0.1352845 0.09335221 0.1256819 -0.04536338 -0.04465273 0.05541227 0.08887748 0.09418912 0.1035119 0.0724844 0.1197022 0.1048092 0.1114168 0.1077379 0.117557 0.09766413 0.1014429 0.1076237 0.08793261 0.07632457 0.1164654 0.05201747 0.1497494 -0.05248499 -0.1516608 0.1267769 0.1297603 -0.088667 0.1174113 0.126196 0.1145324 0.101481 0.1376951 0.08679173 0.1249173 0.1585922 -0.065318 0.07881759 0.1180316 -0.0551605 0.135952 0.1082419 0.1005355 0.1458156 0.1132672 -0.06057138 -0.0312497 0.1044272 0.1084189 0.08036169 0.08697594 0.1022648 0.09722374 0.1233011 -0.1589846 0.109961 -0.06067989 -0.07076714 0.1234442 -0.07096081 -0.1566678 -0.1492082 -0.102989 0.1393497 0.08920541 0.1635657 0.07827515 0.06732706 0.1137723 -0.04629504 0.1211973 0.09987871 0.009884525 0.08438578 -0.09489655 0.1229414 -0.06373999 -0.03430172 0.08224637 0.07705109 0.0895248 0.08779316 0.1481212 0.06635408 -0.07878902 0.1338229 -0.09318715 0.06131322 0.1086789 0.08282003 0.1001729 0.09792756 0.1281594 0.0402273 0.1137803 0.06751933 0.07580057 -0.07985193 0.1163694 -0.08385509 0.1314521 0.1212001 0.1004112 0.1104247 0.06528127 0.08727029 0.1123525 -0.09404816 0.1131895 -0.07780766 0.08250357 -0.06575806 -0.1358844 -0.04374389 0.110873 0.1059933 -0.05655406 0.06662583 -0.05453727 0.01022054 0.111112 0.09739652 -0.06803269 0.05711718 -0.4533693 0.09219253 0.09873913 0.07088026 0.09372447 0.08921275 -0.164946 0.1098337 0.1302195 0.01520475 0.1053925 -0.06371442 0.06177278 -0.1098586 -0.4992855 0.1345475 -0.07177055 -0.06697534 0.1069257 0.1078118 0.06965759 -0.1346349 -0.0521092 0.1506907 -0.0681233 0.1067785 -0.05829993 -0.03818128 -0.07828815 0.08487877 0.1037369 -0.05326748 0.1248694 0.1680142 -0.04669712 0.05747075 -0.1198806 0.06076333 0.049449 -0.03069814 0.07594875 -0.06687846 0.09031863 -0.05984246 -0.07789294 0.09991316 0.09843804 0.1064066 0.1192427 0.07832257 -0.1343338 -0.04615956 -0.001599105 0.08274911 -0.04401826 0.04271729 0.08034592 0.1259343 0.1070319 -0.155354 0.127572 -0.05938236 0.1233028 0.06347765 0.09637425 0.08783782 0.08613887 0.1018189 0.09695705 -0.4629938 0.0548684 0.09702495 -0.08296461 0.07625338 -0.1586491 0.1154814 0.06540933 0.09475721 0.1304406 -0.05895499 -0.06285977 -0.05617674 -0.04662863 0.09642914 0.05740903 0.1025837 0.1148736 0.07914943 0.08019685 0.06441832 -0.06650061 0.1035268 0.09852008 -0.124955 -0.05483767 -0.06901533 0.0985858 0.1309296 -0.05328485 0.1097326 0.08341189 -0.3158179 0.07794388 0.07756267 0.08226819 0.1316702 -0.06761771 -0.04119042 0.06587693 0.08131292 -0.03708082 0.06709107 0.1055298 0.1189895 -0.05569124 -0.06888982 0.1098262 0.1668207 -0.0689116 -0.07081445 0.1344466 -0.007103594 0.09823366 0.1087741 0.1269716 0.1138102 -0.08277607 -0.08272118 -0.05450772 -0.09504274 0.1377358 -0.2229986 0.1342556 0.08552989 -0.08437093 -0.05276463 0.1240711 0.0911073 -0.05478902 0.08335764 -0.06284233 -0.006632719 0.1114231 0.07605059 0.1044933 0.09721437 0.1410154 0.1417675 0.1295402 -0.07458133 0.1270049 -0.1231312 -0.0302912 0.09528078 0.0662619 -0.05060101 -0.01159819 0.110706 0.1220038 0.1055144 0.0919428 -0.04310149 -0.06696883 -0.06087266 -0.04614788 -0.1355568 0.1001776 0.07951088 -0.05457312 -0.05494371 0.09666899 0.06949241 0.09993559 0.04460284 -0.05264539 0.07781561 0.1116001 -0.05516361 -0.05298442 -0.1273468 0.0663128 0.06139183 -0.0935074 0.07188635 -0.05366632 -0.09285486 -0.4583738 0.1131044 0.08449602 0.1093468 0.08164901 0.1102661 0.1233671 0.01885504 0.1204532 0.0825287 -0.1481313 -0.1492001 -0.06004196 -0.09927364 -0.2900299 -0.1121665 0.1070046 0.1260515 0.08636661 0.1152018 -0.1362836 0.1112333 0.08651426 0.1244977 -0.03098004 0.07865153 0.0228122 0.08085252 0.07520643 -0.1330483 0.1290537 0.08485658 0.1185816 0.0963417 0.08508625 0.1099076 -0.06875809 0.0148162 0.09652254 -0.116185 0.1261711 0.1219486 -0.01234443 -0.04846925 -0.1022389 -0.05258578 -0.04897105 0.07746139 0.1291223 0.1356421 0.03465404 -0.1411219 0.1319073 -0.189275 -0.0615039 0.1380974 0.1298345 0.08421079 -0.07012105 0.06251504 0.1268944 0.05723109 -0.1610105 0.1044621 -0.04909784 -0.09381925 -0.06808113 0.09387726 0.04992475 0.08160628 0.09152734 0.09788336 0.04823492 0.09390588 -0.06254219 -0.06409836 0.1351916 -0.05903349 0.09878844 0.02084127 0.1130169 -0.01295066 -0.05474453 -0.0779397 0.06802624 0.09200403 -0.5923659 -0.07774822 0.1031643 0.1318231 0.09548067 -0.04688837 -0.04026916 -0.1653988 0.08390736 0.1400185 -0.05440019 0.1065235 0.08107597 0.09879012 0.06111446 0.08274678 0.07808499 0.1035694 0.1160732 0.1328328 -0.01259295 0.1277815 0.1216961 -0.05116211 0.1069233 -0.07219755 0.08264291 -0.08459415 0.08173598 -0.07177948 0.04190565 0.0881955 0.1051594 -0.04602852 0.1287501 0.1125669 -0.07988774 0.1006677 0.08095355 0.09853137 0.08876383 0.08938389 0.005850983 -0.3942771 0.09004539 0.1230669 -0.07157638 0.0962652 -0.08562752 -0.07121554 -0.002485612 0.04916831 0.01415496 0.08827253 0.09797402 -0.04738066 0.08224285 0.1207932 0.09907989 0.08417633 0.06129521 0.1097537 0.1601517 0.08942046 0.1017513 0.08547039 -0.05343191 0.07103374 0.07250839 -0.08564484 -0.004835313 0.07385945 0.1064262 -0.06805476 0.01809319 0.09130372 0.1226577 0.09149637 0.08692314 -0.2388632 -0.07119358 0.1218981 0.09956688 0.08684722 0.02357664 0.1174674 0.1358891 0.09506501 -0.02022932 -0.05677063 0.1302513 0.1050787 0.07346822 0.1015482 -0.07119948 0.09838463 0.07473347 -0.0678632 0.07544187 0.0693922 0.1105708 0.1062577 0.1038426 0.1027062 0.08435855 0.07016388 -0.05460985 0.1382522 0.1171309 -0.0608125 -0.05359882 -0.05072361 0.09450683 -0.08674762 0.09901874 -0.04228624 0.1142023 0.1263254 0.09341992 -0.1149561 -0.007756945 -0.06145456 0.07436583 0.125858 0.06497218 0.08993021 -0.2777773 0.1303498 -0.04509924 0.08373956 0.1630051 0.1141646 0.03790881 -0.1900135 0.04461064 0.07406504 0.08890433 -0.07347134 0.03712174 0.073713 -0.04666127 0.13808 0.08740515 0.08299531 -0.05877561 -0.02594834 0.1143214 0.1340149 0.1297745 0.1190484 0.07618416 -0.05517637 0.09937115 0.1361031 0.06648202 0.09749711 0.1133152 -0.06968327 0.1040211 -0.01307726 0.0750142 0.06503364 -0.1788589 0.08153792 0.1226935 0.1182543 0.06186904 -0.06794921 0.0790084 0.1337432 -0.0100811 0.1154376 -0.03296647 -0.02337831 0.09086497 -0.07078438 0.1106656 -0.04410791 0.1083181 -0.1069184 0.07522592 0.1278171 0.1037475 -0.08592054 0.0813228 0.09982971 0.08888515 0.09755494 0.1199698 0.1152306 0.09881884 -0.0700817 -0.2246391 0.1062418 0.1271792 0.1335384 0.1174094 0.1037124 0.062618 0.1018532 -0.05357099 -0.1948463 0.09830305 0.124685 0.1209749 -0.05395001 -0.1267858 -0.1869104 0.07264334 -0.07089041 0.09598868 -0.05891549 -0.04014084 0.1530919 -0.06636503 -0.07018563 -0.1863356 0.1314002 0.119632 0.1350995 0.08047719 -0.05086141 -0.2501106 -0.07173855 -0.03819702 -0.05586044 0.1323782 0.1159334 0.1453543 0.09788895 0.1123388 0.1003072 -0.06074905 0.1235912 0.07293432 0.1147683 0.1423931 -0.1507744 0.1278256 0.1225206 -0.04419721 -0.02393738 -0.02203621 0.08560742 0.08097711 0.1221613 -0.02785457 0.1413558 0.1178971 -0.05566533 -0.03436131 0.09020838 -0.04930573 0.1067991 -0.09367911 0.1248441 0.08417293 0.03107633 0.1131692 -0.06807026 0.1318964 -0.06115249 0.1036726 0.06770053 0.1314622 -0.05734637 -0.1329812 0.07633537 -0.06864387 0.09845927 -0.07774264 0.08464903 -0.05945859 -0.03196467 -0.0685052 -0.05170027 0.06490907 0.1113159 0.1024287 -0.08988648 0.0364087 0.1117486 0.09474561 -0.06230288 0.1417696 -0.06218789 0.05777538 0.1160205 0.09273458 0.01788339 0.1130627 0.1007979 0.1200149 0.06482869 -0.08967691 0.09252833 0.1108052 0.1227558 0.05092128 0.07204724 -0.03343442 0.07293545 0.1124505 -0.05555706 0.1327621 0.1194136 -0.05273913 0.1215333 0.1192145 0.1027661 0.07809585 0.1030782 0.09741001 0.02469724 0.07782613 0.01162018 0.08605658 0.04680198 0.1093512 -0.1198342 0.1425256 0.05822399 0.1035249 0.1280738 -0.05899142 0.139259 -0.06879444 0.1406867 -0.04366083 0.1002824 0.07662041 -0.08534978 0.08598027 0.005257042 -0.05803055 -0.02905192 0.02524328 0.1410797 -0.04751529 -0.06816988 -0.06145338 0.1117063 0.06031302 0.1191064 0.06394093 -0.006611916 -0.001002621 -0.07121337 0.08868838 0.1239106 0.1036785 0.1046344 0.1004209 0.1002401 0.0993944 0.1159067 -0.04447271 0.1326499 0.08309641 0.1314633 0.1139784 0.07132656 -0.1275202 0.1097252 0.0874357 -0.5780349 0.09948947 -0.08696081 0.1290084 0.1189639 0.09533482 -0.07069999 0.06709992 0.06091795 0.0803149 0.06915724 0.1004462 -0.05385637 0.1241943 0.124799 0.1338132 0.1297929 -0.03837845 0.06427554 -0.005345817 0.06509925 -0.06570703 -0.04383212 0.1097354 -0.4529985 0.1037681 -0.05404472 0.06538914 0.1100858 -0.0465708 -0.06465625 0.07551317 -0.05927177 0.0967342 0.07385247 -0.0599779 -0.09129257 0.1303888 0.01416288 0.1285482 -0.04275778 -0.08855422 0.07971433 0.1127811 -0.1059652 -0.02430775 0.1106301 -0.1501403 0.09643259 0.08216267 -0.2686206 0.07949059 -0.09564835 0.1275162 -0.4843424 0.1068218 0.1027035 0.1256888 -0.05296805 0.1340013 0.1144482 0.08651391 0.0707012 0.1151629 0.1192442 0.0766384 0.0935509 -0.05124236 -0.06629286 0.07451659 0.08677372 -0.1008542 0.06707323 -0.01017486 0.0700327 0.1219699 0.08894528 0.09729455 0.1014788 0.08393797 0.09944794 0.1094001 0.0931311 -0.05386698 0.06877107 -0.05856048 0.0921911 -0.083841 -0.1930209 0.06943352 0.1303779 -0.04600168 0.1105909 -0.09482456 -0.1136779 -0.353369 -0.02701416 0.1456386 0.04826979 -0.07713693 -0.03945859 -0.04860328 0.06273401 -0.5693386 0.07688374 0.1435384 0.09992003 -0.4228663 0.0880667 0.10934 -0.08949221 0.08753473 0.1342791 -0.123726 0.09872806 -0.03937421 -0.06226336 -0.08362097 0.0687602 0.09980799 -0.05341135 0.1308962 0.1248554 0.06157747 0.1330945 0.09695594 0.1040133 0.08771814 -0.04343676 0.1547592 -0.03006995 -0.09960809 0.1258798 0.1155006 0.04019679 0.1154932 -0.03012833 0.1073019 0.1037904 0.06411207 0.07890061 -0.05583004 0.1279846 -0.1792898 0.08932228 0.103861 -0.02316315 0.107321 0.09608555 -0.1035054 0.1192576 0.1009689 -0.06696751 0.1231997 0.1027911 0.07667787 -0.05225334 0.09934464 0.1005639 -0.06747922 0.06925614 0.07916057 -0.1138575 0.1169014 -0.01422422 0.1158329 -0.05142889 -0.06178502 0.07616167 -0.1473561 -0.07833251 0.06968594 -0.06448375 0.07447594 0.1094242 0.08542599 0.1585952 0.05976758 -0.05697645 0.07583994 0.09466272 0.06349072 -0.2750838 0.1282225 -0.03391863 0.08123336 0.1117804 0.1289158 -0.4920518 -0.3625982 -0.06312701 0.09359017 -0.08829781 0.1286418 0.08071654 -0.2722414 0.1293757 0.1074102 0.1306421 0.1095677 0.0563258 0.1321566 0.1191258 0.0641081 -0.04917968 -0.06176431 0.1073019 0.09626039 -0.04513422 -0.1012937 0.129467 0.09046099 -0.09239556 0.1304026 0.07131522 0.08831374 0.1111523 -0.01421103 -0.102325 -0.09209331 -0.0667792 -0.06912538 0.1280236 0.08989474 0.1120535 -0.09411819 -0.1052706 0.1293929 -0.07012423 0.0773965 0.114487 0.1369947 0.1069127 0.1049743 0.03463908 0.1214229 -0.05218317 0.1003699 0.1074314 0.0617531 0.01926798 0.1268711 0.1016996 -0.084622 0.08563741 0.0754097 0.0943379 0.08780088 -0.4728939 -0.08533413 0.09663281 -0.04131352 -0.0538042 0.08311629 0.1031813 0.1206988 0.1057149 0.09504791 0.1172359 0.08612288 0.07343298 0.1132547 0.1184892 0.1271649 0.1102097 0.08423743 0.125931 -0.05545969 0.1081313 -0.01440891 0.09883817 -0.0460381 0.07157508 0.1062437 0.1134653 0.1171536 0.06897639 0.07948225 0.06288792 -0.050801 -0.07063255 0.1321606 0.1002837 0.1071345 0.06768608 0.08335359 0.1011318 0.1191291 -0.06993016 -0.07008331 0.1165343 0.09328931 -0.0582679 0.04408802 0.08888774 0.1386825 0.09820701 0.1282772 0.165001 0.1039463 -0.05241255 -0.05216311 -0.07050648 -0.06339367 0.1027357 0.03536792 -0.06710155 0.104454 0.105207 0.0966373 0.1247268 0.08454295 -0.01959785 -0.05833532 -0.05136733 0.128736 -0.04708162 0.1511534 0.1195297 -0.4784112 0.07285894 0.138566 0.07857427 0.08159375 -0.0300942 -0.06719768 0.1280458 0.08500686 0.1607166 0.1188625 0.1287556 -0.05591734 -0.06452417 -0.08531382 0.08889526 0.07915124 0.1103167 0.09860922 0.1114081 0.1108793 -0.04629668 -0.06132077 0.1138691 0.0994728 -0.113981 0.03021051 0.1155289 0.05434779 -0.06262369 -0.1036841 -0.4128278 0.09423842 0.0803608 -0.05344773 0.0941317 -0.01212108 0.05959411 -0.05034693 0.1301808 0.1301057 0.07578412 0.07963125 0.1018393 0.08823544 0.117203 0.118135 -0.05204658 0.09935988 0.1204659 0.07284009 -0.09850336 0.1156156 -0.06656134 0.1248952 -0.02021291 0.07562485 -0.05020969 0.1063875 0.07622129 -0.05594521 0.0927266 0.07004402 -0.06918135 0.1153982 -0.09090722 0.1138958 -0.07916989 0.09427688 0.1441699 -0.09121557 -0.07370179 -0.08295258 0.1137562 -0.04205323 -0.0796674 0.09705923 0.1071779 0.1068012 -0.04309862 0.1080022 -0.09485651 0.0699466 0.1260927 -0.185753 -0.06319515 0.1007601 -0.05107645 0.007855229 0.06853165 0.07759221 0.1245962 -0.1243957 -0.06618727 0.1136608 -0.03042249 0.1324064 -0.06668828 -0.001375621 0.1462221 0.07430663 0.07546864 0.07158819 0.09395511 0.1066343 0.0900987 -0.04481126 -0.03575118 0.1431194 -0.05611287 0.1042699 -0.08326786 -0.06157332 0.06997729 0.08195155 0.1272974 0.1282164 0.1346357 -0.05833324 0.08955368 -0.0644795 -0.06915194 0.08286927 0.1653309 -0.01780519 0.0900654 -0.03656953 0.07651421 0.07132456 0.1229668 0.07736031 0.1159442 -0.03499535 -0.07417584 0.08237528 0.08404697 -0.05802119 0.08339395 0.03824535 0.1137657 0.128335 0.1017677 0.1316037 0.05542044 0.06028615 0.110762 0.1166614 0.07224771 0.07903557 -0.02139384 0.04150827 0.1458931 -0.2014258 -0.04933729 0.09516792 0.04107527 0.06418903 0.1333131 -0.03062 -0.04803608 0.128131 0.1195395 0.1050383 0.08127996 0.1236434 0.09597649 0.07901905 0.07698041 0.1165389 -0.1011708 0.1001899 -0.06444308 0.08430127 -0.06035149 0.1396168 0.1030835 -0.06008834 0.0829805 -0.04418141 0.09355961 -0.03936334 0.09000742 -0.02491453 0.1474581 -0.05042806 -0.04095865 0.1347351 -0.02587919 0.07074397 0.08667768 0.129302 0.07010815 -0.05664931 0.09639361 0.1002074 0.09703415 -0.06894469 0.06510993 0.1179044 0.06503682 -0.04486902 -0.09356526 0.1252506 0.07035437 -0.05848502 0.1056417 0.1163456 0.1320176 0.09859057 -0.03102845 0.1012579 0.1240061 -0.1405815 -0.05533881 -0.04596962 0.1109311 0.1124971 0.08050082 -0.02760542 0.08820611 0.03483186 0.07763704 0.04883275 0.08997623 0.1177707 0.09983246 -0.06849217 0.1138444 -0.1757015 0.144912 0.1209974 0.06738483 0.1165309 0.1013213 -0.1260976 0.08223574 0.03874741 0.1161007 0.07458074 0.104813 0.07596207 -0.09150193 0.09770627 -0.08279008 -0.06185331 0.1117582 0.1069388 0.06000099 0.1228329 0.06449856 0.1172197 -0.08378669 -0.04370425 -0.04558908 0.08934196 -0.01982232 -0.05584991 -0.04395365 0.06899888 -0.03799223 0.1248978 0.08623959 0.07247736 0.09284452 0.1220825 0.08263242 0.1492122 0.1038308 0.1075361 0.1119051 -0.06120849 -0.07211778 0.08991494 -0.07017047 0.09408329 -0.05290532 0.1102603 0.06856078 0.09094328 0.04876664 0.1048199 0.01647422 0.1077269 0.1201416 -0.1210207 0.08272804 0.1414433 0.07459298 0.08069465 0.1143471 0.04732201 0.08346829 -0.1517281 0.1560318 0.08114087 0.1280688 0.1292274 0.05974822 0.150702 0.01181003 0.09485134 0.08187784 0.05663208 -0.06706067 0.1240109 -0.07290775 -0.106205 0.0791283 0.1042106 -0.04450615 0.1288134 -0.07194866 0.1019106 -0.03570196 0.08118396 0.128684 0.05265412 0.1078415 -0.05166572 0.08375891 0.1263524 -0.04480758 0.09204245 0.1314257 0.1306609 0.09142172 -0.07946371 0.0900911 -0.06427799 0.117557 0.1029306 0.1058432 0.06605814 -0.05762715 -0.05118858 0.1158238 0.128042 0.1308805 0.06848244 0.0897913 0.1227099 -0.04527423 0.09409041 0.08424007 0.1171393 0.1044424 0.111023 -0.193927 0.1295559 0.0944935 0.08983628 -0.1506679 0.08710832 -0.06999125 0.1097668 0.06478412 -0.09057405 0.1163405 0.08688698 0.08818191 0.1113367 -0.06471314 0.09039093 -0.4606073 -0.2097045 -0.02858782 0.1246366 0.08927381 0.1080715 0.06429394 0.07841577 0.07133833 0.1068044 -0.04699107 -0.05813003 -0.05202032 0.1103705 0.09045964 -0.02086278 0.1196836 -0.03980872 -0.1006432 0.08433733 0.1052386 0.1062407 0.1624779 0.1342421 0.1295121 -0.1544244 0.1104282 0.07300827 0.1177672 0.002967957 0.1113516 0.1407114 0.1318352 -0.01375398 0.07144442 -0.01573973 0.120527 0.09586134 0.04535279 -0.05012517 -0.00877874 0.1073223 0.1317153 0.1515129 0.1128029 -0.06034608 0.05821932 -0.03577187 0.08379075 0.1301436 -0.08166056 -0.04688703 0.08115351 0.09151663 -0.04658001 0.08128227 -0.3138895 0.1264518 -0.06321374 0.1270284 -0.06279755 -0.05506114 -0.06174398 -0.04635927 0.1226869 0.04915534 -0.05152883 0.06333416 -0.07566068 0.1146595 -0.04510706 0.1004863 -0.09614748 0.1013493 0.1092326 0.09950997 0.1307621 0.1074426 -0.1256116 0.05213941 0.08624822 0.1545271 -0.04686002 0.0892638 0.08558752 0.1196219 0.1376662 0.1212811 0.1199436 -0.07421398 0.111322 -0.07605013 0.1057504 0.09873253 0.01573475 0.1037676 -0.05561744 -0.04512212 -0.08946546 -0.07216745 -0.0819275 -0.5233799 -0.04695178 0.1312773 -0.5030158 -0.1382188 0.1085972 0.1365408 0.09713446 0.1174095 0.09986652 0.1248401 0.07614867 -0.03955057 -0.06039237 0.1144154 -0.05482242 0.1334501 -0.05799442 0.09750121 -0.1294934 0.1008703 0.01369696 0.09985027 -0.1217602 0.1274673 -0.2409233 0.1133044 -0.05539098 0.07308685 0.1211917 0.1296811 0.02178964 0.07784107 0.1318478 0.1331467 0.104356 -0.07098856 0.1244224 -0.0644279 -0.1024161 -0.1357031 0.1147218 0.07411254 0.1210132 0.08086438 0.107779 0.09914015 0.1295215 0.1259681 0.06470635 0.1593736 0.1088972 -0.1001332 -0.085856 -0.05710151 -0.1046092 -0.04769249 -0.07262139 0.07384776 0.1354593 0.1035782 0.0861674 0.1146554 0.09448507 -0.08281576 0.08868722 0.1085514 0.08441764 0.0776903 -0.06462564 -0.4419377 0.07636106 -0.05490362 0.09412228 0.08766433 -0.01777231 -0.4967647 0.06791247 0.07457069 0.101459 0.1178055 0.05897957 0.1602806 0.1098638 0.1009996 0.08089746 -0.03833834 0.0410579 0.08909409 0.05536167 0.1153133 0.1287651 -0.0563391 -0.08276205 -0.04761788 0.08628167 0.126101 -0.05613906 0.09320902 0.09049641 0.09020068 0.1223857 -0.1822345 0.1176541 0.1181683 0.1144628 0.08711182 0.1395163 0.07287112 -0.0854037 -0.04531192 0.1137957 0.124132 0.09743233 -0.04773634 0.0960822 0.07121043 -0.02688574 0.08915864 0.06190004 0.0976198 -0.05339534 0.05499046 0.1076097 -0.2847839 -0.003221265 0.0981767 0.08825068 0.1467882 0.08577982 -0.06141588 0.1267304 0.09861346 0.108625 0.1122901 -0.09069738 0.1305156 -0.00696495 -0.03031894 0.1560337 -0.05918418 -0.09107316 0.1147742 0.106609 0.08582433 -0.05375591 0.1420744 0.09086704 -0.1594874 0.09137749 -0.04213156 0.06376009 -0.06871912 -0.09072656 -0.05061631 0.1336978 -0.07157601 0.1206328 0.1308292 0.09281599 0.08805276 0.08158448 -0.06163478 0.1268849 0.05089341 -0.2095378 -0.05587199 0.1069576 -0.05990771 -0.08021155 -0.2355494 0.1085734 0.1021858 0.09233864 0.09801853 0.08089672 0.1181695 0.09017 0.1267355 0.08834125 0.1086619 0.1017803 0.1294271 0.1228793 0.07482418 -0.05459844 -0.03078398 -0.07144442 0.1171546 -0.1947823 0.1231732 -0.09751554 0.09063812 0.06911678 0.1371193 -0.06611182 -0.004770212 0.1408752 0.0904991 0.119746 0.06568608 -0.06193915 0.01234123 0.08541405 0.09761795 -0.05537685 -0.04774099 -0.06026872 -0.1581406 0.0791337 -0.1515665 -0.05034827 0.08472081 -0.1020933 0.1290744 0.08622675 -0.01021756 0.125825 -0.1817691 0.109534 0.08215892 -0.05502062 0.06391939 0.08143899 0.07098073 0.07928803 0.1252724 -0.04231231 -0.2105181 0.07749721 -0.06723596 -0.02134406 0.1175968 0.09268058 -0.08108326 0.1249444 0.1279551 0.08131319 -0.06657039 0.1069518 -0.06847162 -0.4611596 -0.4736453 -0.0949956 0.1467561 -0.07972526 0.1210738 -0.1640818 0.1027955 -0.07101093 0.1099555 0.09192858 0.04965505 0.08660736 0.1428256 0.155476 0.1060027 0.1222696 0.0623031 0.03084299 0.105301 0.1292413 0.1304024 0.1040934 -0.06858783 -0.05528334 0.1123681 0.07625039 0.09890157 0.0889701 0.08167341 -0.1101548 0.08590627 0.08120082 -0.1147717 0.1214754 0.06438667 0.08021187 0.07980707 -0.0488076 0.1287268 0.1078166 0.005224261 0.0941535 -0.08456057 0.1261794 0.1153025 -0.04434894 0.09634902 0.07694528 -0.0272953 -0.5935069 0.09026165 0.09838934 -0.1633013 0.01074569 0.09646268 0.09230653 0.138753 -0.1242381 0.1050316 0.1009805 0.1128807 0.09186674 0.1289019 -0.02572066 0.08234106 0.1257748 -0.137218 0.06813271 -0.06631039 -0.1530357 -0.04384622 0.1350653 0.1134482 -0.1360885 0.1283255 -0.06151668 0.09171449 -0.06313638 0.09955417 0.1064429 0.1494668 0.08294521 0.1265945 0.07882276 0.1084822 -0.04457986 0.1230033 0.1300411 0.1282418 0.1229575 -0.1230812 -0.07013603 0.09138261 -0.04854786 0.1173775 0.1419557 0.04583015 0.08942349 0.08983446 -0.07187628 -0.05595952 0.1156234 -0.06456105 0.07899628 0.07824684 0.08858278 0.1245895 -0.06991377 0.1274152 0.08011519 -0.04710279 0.1219849 -0.03341279 0.128876 0.08823193 0.07358076 -0.1148556 0.1031182 -0.05207708 -0.03995465 0.08397276 0.1058676 0.1378992 -0.02358953 -0.1234002 -0.05844116 -0.06694494 0.125145 0.0783027 0.06383175 -0.4685034 0.1184512 0.09441655 0.07897004 -0.1480662 0.1016114 0.1257325 0.07406111 0.09926279 0.1166965 0.08911387 0.03883867 -0.06847592 0.1337695 0.1360479 0.07169393 -0.2032729 -0.06583007 -0.418845 0.04551272 -0.01162302 -0.168281 0.08873019 0.01858781 0.08247367 0.1321686 0.06230269 0.1350611 0.05409683 0.07883743 0.08669262 0.1034184 0.1237413 0.1307275 0.08886295 0.1316164 -0.05854254 0.08799265 -0.009898745 0.06190829 0.121236 -0.00483085 -0.0602441 0.1209724 -0.07587752 0.09525495 0.0904748 -0.1383833 0.103365 -0.345439 -0.05620792 0.1035557 0.108121 -0.0449654 -0.08326386 0.134637 0.1250738 -0.04600191 0.1219226 0.05683613 0.111218 -0.07134798 0.1238939 -0.04607341 -0.05774336 0.1281828 0.07945587 0.1006606 -0.09494796 0.09340513 -0.0778854 0.1035833 0.06603254 0.09265242 0.0993647 -0.2936239 0.07721918 0.08519533 0.08440208 0.1194811 -0.04366412 -0.06095546 -0.04837172 0.01851922 0.1068718 -0.04800091 0.1087637 -0.05942293 0.1177212 -0.1271608 -0.03553623 0.1149272 0.1124403 -0.08264182 0.09996797 -0.07773993 -0.05900374 0.09304219 -0.5527395 0.1232449 0.09037778 0.0756428 -0.06180849 -0.04000765 -0.0899656 -0.1071536 0.05211068 -0.004277197 -0.1248316 -0.07079595 0.04493652 0.1255876 0.1283996 -0.0510088 0.08729995 0.0890383 0.1052592 0.136376 0.1239288 0.09177485 0.1219613 0.1028358 0.09673018 -0.04880659 -0.06609066 -0.1019758 0.08448492 0.1095289 -0.1135662 -0.1466497 0.1294272 0.06223439 0.04730009 -0.00140573 0.09306058 0.1127424 0.09831794 -0.031279 0.0701118 0.09985805 0.1156558 0.1137581 0.1095853 -0.06168072 0.1424956 -0.04666258 0.1440186 0.04410208 0.1075087 0.09776834 0.06435391 0.1272442 0.1338019 0.139111 -0.05826484 0.05994263 0.1289733 0.133902 0.09732025 0.1132401 0.1087264 0.1438218 0.1042655 0.08368078 0.1196216 -0.1907354 -0.08204799 -0.07336096 -0.0588801 0.1290004 0.1288138 -0.1489361 -0.06838983 0.03545093 0.1050726 0.08651868 0.06280826 -0.0877066 -0.00337852 0.0332903 0.1309382 0.1243492 -0.08206824 -0.04483381 -0.008468047 0.1012595 0.1057424 0.08645593 0.08058708 0.1319573 0.08523326 -0.05512613 0.04554432 -0.101484 0.09660693 0.1436839 0.1057565 0.1208498 -0.0598502 0.126578 0.05162572 0.1072922 -0.07003058 0.1246386 0.06840217 0.1009223 0.1145321 0.1263002 -0.0198144 0.1313218 -0.05502418 0.113519 0.1169647 0.08006206 0.1152648 0.1173004 0.05982329 0.116843 -0.08241133 -0.07013215 -0.08172923 -0.06047766 0.1246594 0.08027728 -0.0714377 0.128931 0.1301089 -0.046307 -0.05723528 0.04076815 0.07377367 0.09306382 -0.06077423 0.09053558 -0.01832025 0.08935433 0.1249269 0.1184041 0.1031161 -0.103861 0.1111259 0.08654596 -0.05014191 0.1101532 0.1025524 0.08992761 0.08125784 0.09466013 0.1092722 0.1129699 0.1208555 0.1652277 0.1296827 0.0988427 -0.04026724 0.07666031 -0.06300499 -0.08638498 -0.4737512 0.1004501 -0.2908624 0.04144065 0.1328774 0.1340349 0.06974269 0.1060424 0.1297648 0.09854673 -0.06910127 0.09040886 0.09493715 -0.09019718 0.1263167 0.09245143 0.1303452 -0.2017289 0.1099048 -0.05394314 0.1419125 0.1136385 0.1202026 0.08498825 0.1432087 -0.07809911 -0.09661571 0.1282904 -0.05214391 0.1231569 0.1030157 0.08720662 -0.06867711 -0.06430501 -0.07953396 0.1144847 0.08379797 0.05395155 0.11087 -0.05197016 -0.06175743 0.083598 -0.0672223 -0.05726755 -0.06875928 -0.06166039 0.08643566 0.008830061 0.06171593 0.08834168 0.05947257 0.08193948 0.1230607 0.1029238 -0.06263777 0.1034569 -0.4559704 0.1042639 0.1152114 0.1167415 -0.0250812 0.1333574 -0.07086987 0.08912999 0.1022369 -0.09027203 -0.0829117 0.1483514 -0.06888922 0.1243691 0.09892488 0.08147703 0.1189286 -0.07485964 -0.05531927 0.127599 0.05956418 -0.06194263 -0.07036665 -0.03711018 0.07148153 -0.06029416 0.07272618 0.09657566 -0.1537254 0.1142843 0.1017203 0.1199086 0.1232002 0.09749333 -0.07639468 -0.02600097 0.0734468 -0.004993745 -0.1956829 0.1194851 -0.440562 0.04971217 0.153736 0.1278249 0.1297157 0.1347385 0.1017276 -0.07382464 0.1164354 0.1093333 0.1558966 -0.0441757 0.06833833 -0.1085877 0.1048664 0.08345737 0.1608394 0.04631337 -0.1928348 0.0860711 0.1284875 0.08078088 0.09461534 0.00610338 0.0812372 -0.0620011 0.1613096 -0.1312281 -0.3263384 -0.04516665 -0.07668449 0.09226338 -0.06638623 -0.05417939 -0.0430758 0.009790204 0.01367085 0.1109156 0.1091076 -0.08868072 0.06910877 0.1140707 0.1141781 -0.05480639 0.1018101 0.1292007 -0.3567654 -0.01763777 0.1279087 0.1016853 0.08427282 0.1284959 -0.06001854 0.0713518 0.1560852 -0.05632674 0.1204511 -0.09149907 0.1017819 0.1289376 0.1165736 0.1127061 -0.06973916 0.1300727 -0.0657291 0.08004449 -0.02031341 -0.1359642 0.1343156 0.125964 0.1281457 -0.05476179 0.1539712 -0.07541098 -0.07643318 -0.07611522 0.1172286 0.1146126 -0.06167534 0.09134079 0.1223787 -0.1652102 0.07296676 0.1293578 -0.09560448 0.1280055 0.1256826 0.1169544 0.07910257 -0.04335843 0.1160863 -0.05484493 0.0132861 0.1285422 0.05841637 0.1347924 -0.04580779 -0.1141828 0.09218515 0.120906 0.0720611 -0.04814349 0.08428688 0.09300961 -0.1202695 0.1356967 0.1570829 0.05826485 0.1277391 0.08350448 -0.04534083 0.07352272 0.09148911 -0.0249197 -0.004754422 0.1316833 -0.07350117 0.03571367 -0.07697739 0.1523362 -0.04769839 0.08716593 0.122366 0.1072027 0.07071894 0.08728494 0.1338073 0.1036465 -0.05597137 0.1194292 0.1204413 0.1048333 -0.4486778 0.07650667 -0.1478752 -0.009605819 0.1252909 0.1231964 0.0496121 -0.05147662 0.1037586 -0.1604475 0.1107503 -0.07544238 0.1432256 -0.01946539 0.09182832 0.07698743 0.1183764 0.002700376 -0.06639379 -0.08881865 0.1258371 0.07951827 -0.2823603 0.06306878 -0.05954229 0.1284533 -0.06436043 -0.03250137 0.08743467 0.1147874 0.1081159 0.0825028 -0.03743471 0.06741297 0.07935446 0.1569492 -0.07834277 -0.04460898 -0.08412629 -0.0470022 0.110938 0.1252537 -0.50852 0.07112775 0.09075995 0.07500887 0.09100408 0.1287234 -0.01598297 0.07974885 0.1105529 0.08448172 0.04275961 0.1252474 -0.03816586 0.1145266 0.1033768 -0.06887559 0.1153321 -0.01168167 0.09912795 0.1599495 0.08281761 -0.02127032 -0.08582173 -0.06620613 0.09565376 -0.001081952 -0.04880742 0.1221408 0.0956824 0.1588597 0.05850637 0.111245 0.09031489 0.1272785 0.1254318 -0.07142639 0.1205744 0.08630081 -0.05282805 0.08299275 -0.05841336 -0.07769825 0.1015575 0.1015552 0.06620277 -0.0500926 -0.05862917 0.1424817 0.03274158 0.09170691 0.1111156 0.08443665 0.07728159 0.08940312 0.1239936 -0.05535066 0.1161734 0.06494538 0.116994 0.08484542 0.09087428 -0.090037 -0.05498198 0.09597161 -0.06821792 0.1020599 0.05528753 0.06760118 -0.06015977 0.1550726 0.06325967 0.08878236 -0.05891319 0.1302999 0.07774398 -0.00106436 -0.0810354 0.1302984 0.1225719 0.1396413 0.104741 0.08836211 -0.05994339 -0.06946288 0.1501166 -0.133973 0.06661035 0.07646335 0.08009335 -0.0705492 0.1253328 0.03834086 0.01528841 0.1391949 0.05089844 0.0941783 -0.04616033 0.08594178 -0.0449023 0.1137167 -0.1079061 0.01360139 -0.2669172 -0.06628574 0.09288128 -0.0571663 -0.06967691 0.08586545 0.05414281 0.102208 0.07438183 -0.1011939 0.1271243 -0.06855443 0.1351325 0.08748128 0.1149064 0.02953186 0.09868943 0.1592894 0.07276363 -0.06315318 -0.06966741 -0.06709674 0.1224013 -0.07013495 0.1159993 0.1239169 -0.04475272 -0.07623789 0.1269166 0.1209626 0.1054834 0.09822052 -0.06682224 0.1175479 0.1118267 0.1102418 0.06916499 -0.05374635 0.06653576 0.1318281 0.1155343 0.1165775 0.106779 0.07814995 0.08078589 -0.061486 0.1467656 0.1108453 -0.02461165 0.08361019 -0.05931044 0.04567372 0.1162788 0.1106695 0.08445422 0.09125766 -0.08255901 0.08006709 -0.04610558 -0.05207288 -0.07689009 -0.04906258 -0.003841404 -0.06963546 0.08195741 0.03886826 0.1152448 0.1215869 -0.04052065 -0.01475495 -0.3351625 0.134231 0.129521 -0.1633186 -0.02943974 -0.1718595 -0.01490258 -0.04925213 -0.08349638 -0.1138376 -0.04591028 0.09288149 0.1110091 0.129428 0.109676 -0.003603525 -0.159895 0.0668819 0.1206992 -0.1131718 0.097459 0.09875911 0.128978 0.08959984 0.1018685 0.08716358 0.1284042 0.09457919 0.1160159 0.1060073 0.09932595 -0.05594357 0.06706005 -0.04611782 0.1007364 0.08733099 -0.1533563 0.09643345 0.09609652 0.125996 0.1313413 0.09282615 0.06719916 0.1231879 0.08603108 0.1221347 0.01529875 0.09122027 -0.0947546 0.07724783 0.08599337 0.1143282 0.1141112 0.1209515 0.07213593 0.1281586 0.08131329 -0.2027678 0.1350273 0.1302477 -0.1778924 0.1249425 0.1126973 0.1346976 0.1053975 0.08755334 0.1387032 0.06334336 0.0853708 0.08753525 0.09495379 0.1204933 0.07013253 -0.06731753 -0.3217428 0.1279432 0.1365753 0.07845097 0.1352663 0.101721 -0.05400904 0.1282255 0.1094676 0.06406707 -0.1847484 -0.0376072 -0.09063622 -0.05066133 0.09199884 -0.2077092 0.1067133 -0.0689447 0.1177114 -0.07303866 -0.0703031 -0.06080586 -0.03038556 -0.08395171 -0.07645799 0.1138398 0.1515207 0.08666124 0.1301366 -0.06221393 0.08718368 0.07984744 0.09507291 0.09563591 0.1424741 -0.1550759 -0.07201502 0.1101738 0.1301064 -0.1659756 0.03858401 0.1291292 -0.06328936 0.1191867 -0.02602153 -0.01404986 0.1147407 0.1081725 0.1312417 0.07959355 0.1141223 0.08226661 0.1384288 0.0658969 -0.05950739 -0.09394959 0.06893124 0.1150058 0.1132014 -0.1662008 0.1531271 -0.05488776 0.1003734 0.08964831 -0.06586849 0.1270982 -0.1051718 -0.0450065 0.1251679 -0.07260796 0.09597638 0.07473496 0.05881847 0.07887778 -0.08688463 0.1086695 0.1063584 0.09816808 0.1107063 0.1249018 -0.06623589 -0.05515851 0.108327 0.1120872 -0.0617904 0.1183077 -0.1113704 0.1310758 -0.1230144 -0.09336416 -0.03212135 0.09875797 -0.1000703 -0.03138208 0.1196848 0.07448735 0.1177891 -0.0612017 0.1276967 -0.07250407 -0.08024885 -0.05575511 -0.05533873 0.0926409 0.07778597 0.1016478 -0.05804208 0.1117512 0.1318592 0.1028838 0.1492269 0.1324597 0.08440518 0.1010451 0.07793786 -0.05727195 0.112004 0.07872099 0.06593747 -0.04778712 0.0828589 0.08846173 -0.05259861 0.128438 -0.09378239 -0.1314131 0.1272907 0.1219329 0.1591831 -0.06862031 -0.04934624 -0.4191838 0.07144411 0.1574244 -0.06649781 0.120414 0.09246129 0.1225937 0.1137801 -0.05785675 -0.04459293 0.02357434 -0.07493307 0.1354 -0.08624688 -0.07820509 0.09643652 0.1597555 -0.04777964 0.1152227 0.11402 0.1184874 0.0841488 0.0949124 0.07633368 0.0855494 0.01562431 0.1416463 -0.1778094 0.1046229 0.1310781 0.0223819 0.06507245 0.1045932 0.05803694 0.1007701 0.07652745 -0.04611783 0.1352272 0.09941678 0.09328877 0.1061342 0.09907742 0.1005175 -0.1682762 -0.1087359 -0.06338633 -0.05465414 0.1186606 0.1335013 0.1024258 0.08623575 -0.06471395 0.08780594 0.1183769 0.08441427 0.1300301 -0.03964489 0.1355618 0.1162145 -0.08063027 -0.03629749 -0.0240316 0.111461 -0.06113715 -0.01095118 -0.08402945 -0.07109363 0.1135212 0.1055451 -0.08206932 0.09322456 0.1307182 0.02370806 0.1147876 0.02663482 0.1277982 0.1410514 0.1236299 -0.04616658 0.09076086 -0.04492829 -0.0150008 -0.04927826 0.04190458 -0.05894135 -0.1380777 0.06626455 0.1005641 0.1225967 0.08421035 -0.04410066 0.1025006 0.125007 0.1163037 0.1091512 -0.5308124 0.1119299 -0.06540273 -0.06583362 0.1089853 -0.07021265 0.002004482 0.106997 -0.03653825 0.0758645 -0.3519712 0.09743455 0.0633693 0.08747731 0.1158049 0.1348289 -0.4036007 -0.1111213 0.1315366 0.1233418 0.07896717 0.1166654 -0.07988022 -0.05434274 0.1383277 -0.0438806 0.1086034 0.1436831 0.09217695 0.1195253 0.107978 0.08008486 0.1045015 0.09014647 0.1268985 -0.06702014 0.09334851 0.09964691 0.07406234 0.09371988 -0.1378188 0.1012196 -0.06554723 0.1151951 0.06686541 0.08890457 0.09927918 0.1539641 -0.05315454 -0.02348127 0.08180567 0.1092757 0.0674989 0.09903498 0.07983959 0.09598365 0.1312339 0.1099686 0.08231963 0.0880719 0.138589 0.09648193 -0.2836725 0.08419383 -0.1112649 0.1100549 -0.06279065 -0.04796339 0.08949744 -0.1234644 0.1098538 0.1418845 -0.09553055 -0.04072787 -0.07594475 0.1055467 -0.1939306 0.06348482 0.1318527 -0.07353541 0.09911964 0.1225498 -0.07175262 0.1510879 0.1356527 0.004481016 -0.04807373 0.08863287 0.1313573 0.06229808 0.0978496 -0.05434697 -0.08770855 0.1103762 -0.06906272 0.1521414 0.07565692 0.1185046 0.1131855 0.1467412 -0.06226118 -0.5089642 -0.05233866 0.09562228 0.09854113 0.00800967 -0.08872138 0.08336215 0.1034811 0.09327709 0.128764 -0.05966107 0.1226488 0.08917574 -0.06480718 0.1503705 -0.0536691 0.1173909 0.1269598 -0.2248636 0.1280046 0.1151836 0.06424981 0.1150884 0.08561391 -0.06693444 -0.06507974 0.08529445 0.07152203 0.1035774 -0.05376814 0.1298447 0.09644008 0.08765265 0.08909402 0.08287614 0.09660387 0.1538684 0.140113 -0.05508544 -0.05576653 0.07522043 0.1044764 0.09649857 -0.05828815 -0.1532633 0.1119485 0.0758727 -0.07604393 0.1415656 -0.05352131 -0.06289244 0.1187703 0.0785248 0.137045 0.1223635 0.06791929 0.107371 0.1311719 0.08689709 0.1192633 0.06198562 0.09042581 -0.03543162 -0.1936224 -0.0551742 -0.08479902 -0.2064255 -0.06121488 0.1179867 0.1470871 0.1038112 -0.05423983 -0.08811438 -0.06352387 0.1105487 0.009705424 0.09920429 0.0701121 0.09282627 0.1338894 0.08522185 0.1113908 0.1012383 0.105836 0.08619855 -0.05604015 0.09136454 0.140037 0.09913423 0.1221582 0.1275777 0.06758315 0.07594317 0.1240033 -0.05115689 0.1281786 0.04980068 0.01743275 -0.09349948 -0.02912502 0.1009378 -0.04577957 -0.1450665 0.1422849 -0.05762174 0.128822 0.0870889 0.09031268 0.1162215 0.09211314 0.1100767 0.09429931 -0.1943705 0.07997989 0.09080009 -0.2428144 0.09174814 -0.05447726 0.04938524 0.09871107 -0.05894595 -0.06937365 0.06544494 0.1534826 0.1148749 -0.02467645 -0.07278468 -0.1287173 0.07447797 0.1147809 0.06724618 0.1182524 0.1078146 0.1138353 0.06114929 0.09363625 -0.09542827 0.09029698 -0.08035402 -0.0932391 -0.02777464 -0.07700684 0.1483003 0.07659215 0.1003929 -0.1592874 0.1286682 -0.340562 0.1476787 -0.08710609 -0.06546817 0.08642184 0.08267047 0.1293387 0.1286118 0.1139721 0.09037821 0.1157716 0.1275432 -0.1015077 -0.0832552 0.148587 0.0675799 0.07185045 -0.1297666 0.1150807 0.09490661 0.0838148 0.09687936 0.08141293 0.08674978 0.08860941 0.1052178 0.1014087 0.07467489 -0.03018352 0.0722866 0.1022644 0.1586632 0.1470314 0.08328275 0.09294221 0.08711199 0.1231755 0.1124897 0.08558825 0.0939403 0.1034547 0.09908704 0.0821999 0.1241611 -0.06067554 0.09824697 0.1435883 -0.50566 0.1221278 -0.0196105 -0.0113032 0.06600211 -0.1713276 0.1060957 0.06940176 0.1082813 0.1041867 0.1222736 0.1059232 0.08483555 0.126513 0.08537304 0.1393988 0.1205416 0.128222 0.08911418 0.1478385 0.09660111 0.1127311 -0.09427807 0.07453679 0.07701728 0.07843062 -0.1429909 0.1264875 0.1423087 0.09797391 0.1152994 0.130565 0.08128208 0.08803121 -0.0826657 -0.09805785 0.004078614 0.1363118 -0.09172191 0.0854267 0.07292222 0.08687286 -0.05566263 -0.05630217 0.018521 0.1286853 0.1282504 -0.05858373 0.1063548 -0.05191143 -0.0482782 0.1322426 0.1110113 -0.05368527 -0.09128377 0.1029626 0.1331401 0.1193288 0.01685328 -0.04154652 0.08437644 -0.04901749 0.1268436 -0.07842003 -0.0525738 0.06306861 0.1302817 0.0886941 0.03452881 0.133007 0.03828541 0.1095679 -0.05965015 0.1461371 0.1377076 0.09246588 0.08487271 0.09722237 0.08273482 0.102784 -0.1954319 -0.03361519 -0.08549181 -0.04965966 0.1080528 0.04659647 0.1227335 0.104152 0.128233 0.07887054 0.1054699 0.08059203 0.1096042 0.1319203 0.08514906 0.1250349 0.1092458 0.04148005 0.1012883 0.1049529 0.07110072 0.1264767 0.1400965 -0.09022658 0.1100573 0.1032216 0.06327245 -0.3800094 -0.13845 0.1005088 -0.0480647 -0.05872834 0.131053 0.1224267 -0.06779025 0.10898 0.1112299 0.08120986 0.1091171 0.07132217 0.1204708 0.09728721 0.1259757 0.05660666 -0.08691659 0.09535494 0.08874936 0.09061595 -0.04569637 -0.0779438 0.1099461 -0.05087707 0.1127079 0.1200916 -0.06415551 0.1123605 0.06162924 0.1352245 0.09903095 0.09834909 0.06585713 -0.06506314 -0.1571947 0.07187189 -0.1160436 0.07500291 0.0916029 -0.03103214 -0.5934511 0.1008157 -0.08312847 0.08018273 -0.009518662 0.1359738 0.08844972 -0.09443421 -0.04732067 0.1039337 0.06529123 -0.06165693 0.1006902 0.0866052 0.03274516 0.1353099 -0.02855204 0.1389677 0.1104889 0.08064388 0.08171234 0.09038155 0.1114414 0.1235374 0.1340062 -0.162278 0.08786392 0.08383781 0.09477524 0.03237608 0.1177026 0.1212132 -0.07895359 0.1045805 0.1225688 0.08584822 0.08644389 0.1167782 0.08702415 0.09085264 -0.0751918 -0.3861209 0.1211532 -0.04380403 0.08925962 -0.2414622 0.07706644 0.1073344 -0.07899541 0.09927335 0.1208741 0.1292862 -0.08963843 0.08790726 -0.0705018 0.08151171 -0.05185005 0.0966871 0.1106075 0.09779631 -0.05639736 -0.3106198 0.09905401 0.09754409 0.13275 0.1354506 0.1345229 0.1027699 0.07026389 0.092576 -0.03069847 0.08107062 -0.06032892 0.1226561 -0.06431955 -0.04333669 0.1310343 0.08766446 -0.05944897 0.1088961 0.1186798 -0.0478651 -0.07343084 0.130892 -0.07063796 0.1119343 0.1505888 -0.07750611 0.002481336 0.1039011 -0.08375267 -0.1131088 0.1000154 0.1191673 -0.02090526 -0.05489019 0.1208042 -0.09768981 0.1140986 0.09048013 0.1109172 -0.05502616 -0.06101735 0.1098076 -0.04454004 0.08183381 0.08052412 -0.06903975 -0.03571159 0.1022734 0.0744973 0.02247042 0.06979241 0.1009859 0.0906685 0.06312603 -0.06904889 0.09252079 0.1567069 0.09844846 -0.05100797 0.1248914 0.07591822 0.07321849 -0.1045254 -0.08519493 0.04919546 0.1500045 -0.02990114 0.08781452 -0.0006454409 -0.5956564 0.1050551 -0.0628067 0.07294188 0.04777467 -0.1246665 0.09121636 0.1094237 0.0590733 0.06382366 0.1184278 0.09792867 0.09514928 -0.0531129 -0.04946474 0.0307675 0.1201289 0.1343139 -0.03027191 -0.04452289 0.1006341 -0.3009096 -0.07500348 0.07266589 0.14886 0.09266959 0.1132971 -0.1301989 0.08490193 0.0997633 0.08506723 0.08709294 -0.06651314 0.09042145 0.1020429 -0.4773121 -0.0638945 -0.05747372 -0.06285047 0.08433732 0.1090051 0.0961808 0.09335215 -0.06829368 -0.04768475 0.08756711 -0.07295278 0.1077476 0.1137494 -0.04419098 -0.08315115 0.07485866 -0.1107006 0.129733 -0.09228508 0.1263801 0.08760763 0.0612694 0.1193593 0.1227293 -0.0497863 -0.05556201 -0.04363688 0.1113075 -0.1151281 -0.1663847 0.06457738 -0.1226476 -0.0544739 0.1153973 -0.07895917 -0.06111448 0.07879874 0.1143324 0.1303064 0.09483139 -0.09267903 -0.4867991 -0.05625394 0.08652047 0.1187613 -0.1035923 0.09740773 0.08180664 -0.06822165 -0.1399749 0.1123093 0.1035294 0.1086715 0.1334253 -0.494803 0.09139557 -0.04503939 0.1068284 0.06158986 -0.06565608 -0.1068643 -0.0447204 0.06750229 -0.06165869 0.1011357 0.122472 -0.1583692 0.1099787 -0.03506635 -0.171701 0.09790286 -0.09034158 -0.05826759 -0.01468838 -0.0673669 0.1243497 0.09737278 -0.06607515 0.08302969 0.08315607 0.1189339 0.1095125 0.1050399 -0.03049893 0.1103638 0.1042107 0.1197623 0.0897414 -0.05378888 0.1143722 0.1623689 -0.1605846 0.04136023 0.05600184 -0.1124726 0.09051596 0.1205553 0.1168603 0.08503363 0.1050932 0.05812772 -0.097322 0.1282049 -0.05569616 -0.04413084 0.1203931 -0.06952114 0.1108597 0.1039768 0.128735 0.08994292 0.1298764 0.1006993 0.08690281 0.02542517 0.1004855 0.09921274 0.1193151 -0.09371728 0.1103565 0.08903515 -0.06674896 0.08955839 -0.09387644 0.1278395 0.1161179 0.1040482 -0.009906422 -0.01960996 -0.06618741 0.1316524 0.06730969 -0.06791045 0.09231044 0.09388224 0.09689965 0.125493 0.1039253 0.1224828 0.112445 0.127874 0.1517045 0.07034571 0.08645095 -0.07439343 -0.09564519 0.1505198 0.08664776 0.10344 -0.1661787 0.07891365 -0.06675637 0.1254138 0.07768556 0.03099212 0.08016983 -0.05152706 0.09870247 0.09019735 0.1628389 0.1059755 0.1108897 0.07064187 -0.04554411 0.09378584 0.1433736 0.1100888 0.06933877 0.154639 -0.09396504 -0.05535051 -0.05803715 0.1117154 0.1163953 0.1326903 0.05330854 -0.05259364 0.09592497
        </DataArray>
        <DataArray type="Float32" Name="wss" NumberOfComponents="1" format="ascii">
          0.001291296 0.00701633 0.01280976 0.00280054 0.001023087 0.01480385 0.001336543 0.0007847208 0.006149354 0.008307154 0.002044311 0.0005331674 0.0004028347 0.003357234 0.001969178 0.002610333 0.01351128 0.002864302 0.002051547 0.02731818 0.0007653031 0.00274589 0.005003019 0.0007804029 0.0009535932 0.002665666 0.004011121 0.001675098 0.01689158 0.0006645463 0.001736097 0.001658443 0.0009404261 0.0004048635 0.001344662 0.0005122186 0.02150677 0.0001100322 0.001430566 0.002188564 0.001837888 0.03908192 0.000688504 0.005849316 0.01549755 0.0009982835 0.001760393 0.00129243 0.002182897 0.02600876 0.0447202 0.003645465 0.001228078 0.01206475 0.03637855 0.001183589 0.004768601 0.02865241 0.01295822 0.001720958 0.001530473 0.005984022 0.0008121996 0.0001827289 0.03186424 0.00160738 0.008516148 0.003131529 0.01486456 0.001437646 0.009159708 0.0005490319 0.02758688 0.003921205 0.006012828 0.003644362 0.03363766 0.01051777 0.002329221 0.0001387831 0.002927046 0.002067085 0.0007647283 0.0007867301 0.0006492157 0.009401985 0.003939222 0.008813906 0.006442566 0.004526711 0.001116089 0.02214827 0.002156979 0.003295701 0.005024785 0.0005042349 0.001285395 0.003337338 0.0008366959 0.005552595 0.03804829 0.01031436 0.02467755 0.00411703 0.02149804 0.004705514 0.00244301 0.008159932 0.02419758 0.005547435 0.002066483 0.0115018 0.004519774 0.00320825 0.002123802 0.003026635 0.004979311 0.000551807 0.004923609 0.004067325 0.001245636 0.01967779 0.001113269 0.001470375 0.000783688 0.001754183 0.001163705 0.03325459 0.001312448 0.01392817 0.0006518976 0.003620922 0.04265667 0.004706396 0.01187767 0.006096317 0.003915328 0.003682075 0.004074163 0.003600755 0.0004908079 0.00329357 0.01387973 0.02229303 0.02121843 0.00310084 0.0005723416 0.02595647 0.006890226 0.03866018 0.0002293922 0.003305792 0.01254101 0.001068084 0.001352354 0.05596376 0.001500229 0.0502124 0.0001779095 0.0007006833 0.001418058 0.002013999 0.003614075 0.003884268 0.00421465 7.761375e-05 0.001317403 0.01062177 0.0003865467 0.05149658 0.002536173 0.002599952 0.01067479 0.0003301048 0.001219409 0.006508311 0.0002315233 0.003535487 0.0001797934 0.002204437 0.00948221 0.007935986 0.03594239 0.002587203 0.001001251 0.00330007 0.0007466529 0.0009695209 0.0007514197 0.001344952 0.003574801 0.00119332 0.0006108757 0.003755535 0.001761784 0.01326536 0.001794974 0.0004861948 0.001608743 0.002229136 0.003847704 0.01808342 0.00142984 0.0003680749 0.004134859 0.0001344498 0.001508585 0.005416033 0.007650118 0.0007433894 0.02409883 0.009760364 0.001606829 0.008164365 0.009516108 0.005391652 0.01142134 0.005834158 0.001586882 0.002731 0.02185295 0.0009814781 0.003665338 0.009083947 0.001601076 0.003526637 0.01736219 0.014946 0.001182902 0.002739731 0.005062192 0.0005294264 0.009630018 0.01265918 0.0006479236 0.0008928355 0.005765288 0.0006528932 0.002535233 0.02771265 0.01345673 0.0007007713 0.002092589 0.01016851 0.00080162 0.005762969 0.0003171302 0.00773311 0.001149392 0.006097983 0.00375516 0.004761828 0.002249501 0.0002343088 0.04339233 0.002620314 0.0009500462 0.001808671 0.003396063 0.001325267 0.001552344 0.004661826 0.002301532 0.0006225045 0.004276925 0.001312763 0.001299305 0.0002362271 0.0009460972 0.001749621 0.003636959 0.0009991683 0.01886323 0.0005569086 0.003582848 0.0005312918 0.001730583 0.003348077 0.008410752 0.005030876 0.004278644 0.005731529 0.0001469022 0.0006695041 0.0007171609 0.002892618 0.005383921 0.006739696 0.001730981 0.004614872 0.0001741719 0.0004665525 0.003822127 0.01075273 0.001208799 0.01631034 0.01182698 0.00343264 0.00956785 0.008813193 0.00696402 0.001428966 0.001073385 0.001058708 0.001319834 0.006929297 0.009764911 0.01441143 0.0009979605 0.005633528 0.00289126 0.003496248 0.001396731 0.0009628232 0.0076343 0.001809816 0.01125369 0.008056861 0.0009970942 0.001392127 0.05873018 0.0005272815 0.0002820693 0.002929282 0.0009515163 0.005516781 0.001030601 0.06072583 0.002121775 0.002581393 0.003575926 0.004329394 0.0007715882 5.520325e-05 0.01749191 0.001680129 0.004250477 0.00135174 0.003345046 0.0001649827 0.005708694 0.0003738213 0.001112862 0.002013137 0.001043565 0.02187312 0.0008064009 0.0003412196 0.002032941 0.03801549 0.001601216 0.005361276 0.002087566 0.001173528 0.001043255 0.0009701225 0.01161461 0.002037163 0.0009453351 0.007785298 0.006052023 0.005348397 0.0005693769 0.001650451 0.01079743 0.0058679 0.01572682 0.01747171 0.01397629 0.003502811 0.0004948927 0.002034456 0.002179644 0.006446846 0.004075075 0.001172187 0.002370719 0.00189334 0.001059142 0.005283513 0.001152331 0.006278086 0.002993014 0.0009214164 0.003771209 0.003943876 0.03566845 0.001164071 0.004444892 0.001764445 0.005267527 0.006278475 0.007660558 0.001895436 0.00080269 0.00144694 0.0003769331 0.0004632162 0.01043861 0.001309276 0.01263111 0.001437997 0.0007309053 0.0002240278 0.001291251 0.007439521 0.001541449 0.01632915 0.0009751601 0.001167472 0.001184051 0.003427557 0.04304829 0.004793201 0.01179717 0.004744872 0.004534061 0.05642903 0.002941964 0.0005563289 0.002832006 0.007107738 0.00108585 0.0009530293 0.001169979 0.002014285 0.005943722 0.01840065 0.00223436 0.002596831 0.0004215661 0.0007404386 0.001414526 0.002791222 0.000392942 0.0006196785 0.00653883 0.004687182 0.001668687 0.0007847867 0.001480528 0.004115747 0.003324096 0.03301078 0.0007208016 0.002890405 0.0008484654 0.005864249 0.0082266 0.01178217 0.002194177 0.003833156 0.001873124 0.006582758 0.005216133 0.01430979 0.002256955 0.00539424 0.001560411 0.02108767 0.005044377 5.572355e-05 0.000431579 0.01774023 0.001243073 0.0276416 0.001631523 0.0115176 0.002268502 0.001593508 0.001094041 0.01479026 0.01204267 0.001349927 0.002871865 0.003700942 0.004964604 0.001175454 0.005007001 0.0003340979 0.001036512 0.0008208157 0.04066219 0.0527264 0.05547355 0.002950639 0.01230735 0.003514827 0.0009257743 0.0006270816 0.01000408 0.005474885 0.0003836269 0.003675339 0.004288928 0.002924499 0.01748187 0.003725089 0.0004236993 0.0009732844 0.02123184 0.002089393 0.00125655 0.002227087 0.0036552 0.002461968 0.01380558 0.005306332 0.0005937507 0.008889853 0.0002570314 0.003902618 0.0005586627 0.001256316 0.001138338 0.002470219 0.0006737945 0.01609993 0.002539972 0.01292765 0.009534286 0.004852917 0.0009785416 0.0009223598 0.003878659 0.01412974 0.0005961074 0.02016714 0.00109926 0.0006627265 0.006718499 0.0006899333 0.03065088 0.004386235 0.0009221907 0.001237177 0.0003510937 0.02651891 0.002026119 0.003891519 0.00596417 0.0009326995 0.002779678 0.005702777 0.0007756479 0.01469014 0.001279499 0.008429567 0.001161389 0.002249882 0.03408277 0.01019808 0.0004649605 0.0008078924 0.001122779 0.0005846979 0.03935825 0.00072657 0.002273362 0.001287887 0.001157773 0.00218449 0.002434037 0.0007781571 0.0004492182 0.002155778 0.001934708 0.003557624 0.01412589 0.01921363 0.0008246755 0.002103741 0.01674836 0.00573203 0.006791104 0.0007923252 0.01626288 0.003802662 0.002098918 0.001676985 0.0007403294 0.004871123 0.006131631 0.008402739 0.0007564598 0.002555224 0.002060323 0.01420915 0.004150983 0.0007679529 0.005065069 0.0009228143 0.008070962 0.001034214 0.01311937 0.000875884 0.001093474 0.001762354 0.0007319541 0.01928154 0.004371093 0.0007244188 0.0119755 0.0009541981 0.0002779418 0.0003364787 0.0009088619 0.003454588 0.002940553 0.0005546763 0.01078617 0.005737145 0.01152865 0.02761015 0.002137139 0.002905857 0.002081585 0.0008638084 0.002533647 0.002182958 0.000825722 0.00104231 0.008829371 0.002182366 0.001743327 0.005122678 0.01237102 0.00606239 0.0008745481 0.001256693 0.001466015 0.005989357 0.000404294 0.001686373 0.00151272 0.003069215 0.01515896 0.01263018 0.004418648 0.01792206 0.0006776619 0.000988695 0.01650751 0.0003799349 0.002546732 0.0002168168 0.001356811 0.009568401 0.001544402 0.002669436 0.001333557 0.002538265 0.001897594 0.0007261066 0.001930402 0.006107851 0.001038358 0.001682823 0.001810185 0.00394533 0.001343183 0.005201613 0.003662284 0.0009438549 0.002180531 0.001128985 0.001029689 0.002245942 0.002956343 0.001791063 0.002492032 0.0009441963 0.002115106 0.001020773 0.001374441 0.001148045 0.001081217 0.002227385 0.01866599 0.01018763 0.001647402 0.005718385 0.04651757 0.000828488 0.001853152 0.0003428711 0.005568756 0.001510803 0.008378684 0.004471344 0.01052086 0.000244161 0.005357906 0.001267032 0.00128922 0.004257977 0.0007531116 0.001384919 0.002487102 0.005694213 0.002664222 0.003892973 0.001143627 0.01085988 0.005428561 0.002382246 0.001858815 0.003462755 0.0002846413 0.001091606 0.001030113 0.001375534 0.002009709 0.001275027 0.008839679 0.002416137 0.00635621 0.001908129 0.00143975 0.0009330855 0.0008535333 0.0005868228 0.01304691 0.00493012 0.006031594 0.001108718 0.004093037 0.0006695089 0.0002216 0.02936784 0.000297677 0.004956347 0.0003908524 0.002542157 0.0008131536 0.001741966 0.00429391 0.001089496 0.02249416 0.001053894 0.02074147 0.055772 0.0008678468 0.002083724 0.003171518 0.0003309721 0.005681115 0.001733463 0.02587605 0.0008346516 0.003266623 0.00203593 0.002172014 0.0002204636 0.001671444 0.0006872929 0.0008865916 0.0009296125 0.0003834404 0.003949594 0.02202211 0.0005623137 0.0008951219 0.0007611777 0.0647046 0.0005951179 0.0001202405 0.008625176 0.004720584 0.0245726 0.002712637 0.009108147 0.001136025 0.001436083 0.001866232 0.0001946325 0.02886749 0.002355157 0.01264779 0.001733959 0.0008068038 0.0006252032 0.0009233767 0.02958882 0.001084327 0.003088972 0.0004870043 0.0009636189 0.0004102341 0.04142737 0.0007706478 0.002138931 0.01091539 0.004241921 0.001081238 0.001106714 0.002655093 0.001004481 0.002582325 0.006954212 0.02770492 0.0003550008 0.002688235 0.03487315 0.009625568 0.005982609 0.02483541 0.004977422 0.00789728 0.0005483911 0.02384105 0.02286729 0.03126267 0.0166541 0.007423454 0.0009548966 0.002082043 0.002499546 0.007820033 0.004822772 0.0009073024 0.001281513 0.001054884 0.002920819 0.00290957 0.005420204 0.003561547 0.00256196 0.001630255 0.0009551313 0.001439925 0.006086139 0.02365139 0.004687092 0.0009807209 0.003618587 0.0003057248 0.001293009 0.0007959568 0.01324323 0.0003279238 0.001954642 0.002227809 0.002386529 0.005816765 0.003556819 0.001410781 0.00095075 0.0006041767 0.0007797959 0.001226296 0.0003955159 0.001605455 0.0003687719 0.01486399 0.0009983431 0.004582948 0.009132174 0.02824522 0.0004113808 0.00442898 0.001383568 0.0009427704 0.03969822 0.05163957 0.002227464 0.0003227715 0.001491059 0.0005118574 0.001551495 0.05136843 0.0008356206 0.0006310256 0.0005413576 0.01624295 0.001677393 0.002504451 0.0007398895 0.001429481 0.0391784 0.007410619 0.005592821 0.002154717 0.006883781 0.004081475 0.0005577558 0.0003877873 0.001107466 0.01079708 0.002879175 8.965297e-05 0.008554726 0.06159218 0.08215952 0.0005455656 0.004754414 0.0009152867 0.002842165 0.00252931 0.001893389 0.0003734197 0.002034994 0.006676447 0.0005953963 0.007024802 0.0008859363 0.0003509772 0.001782814 0.0002805358 0.0008742935 0.0007280179 0.01040617 0.00618415 0.002842012 0.00219254 0.0004711317 0.00503011 0.04940502 0.004374495 0.00998219 0.01293034 0.001057424 0.001039389 0.001174362 0.001930882 0.0005464024 0.001262942 0.002943225 0.01841109 0.004414503 0.003516171 0.0005327164 0.006854174 0.001041084 0.002113705 0.0008144249 0.007572404 0.001804427 0.001259873 0.002171764 0.005298587 0.014769 0.01850143 0.001311954 0.001412317 0.0002162055 0.01238922 0.002616922 0.0002508114 0.0007828507 0.002110895 0.0003275023 0.001012589 0.0004368844 0.005041274 0.0003765021 0.002589756 0.001654781 0.003891784 0.001565648 0.02508243 0.002002519 0.000563064 0.003119074 0.002067212 0.004371022 0.03442329 0.0004404861 0.001760954 0.003399456 0.00225134 0.002451851 0.004806814 0.002127052 0.007635136 0.01220173 0.001405906 0.00268257 0.001705138 0.00128015 0.01210984 0.001251998 0.002821746 0.000246463 0.01009636 0.004389428 0.03685461 0.0210256 0.0006750764 0.00246341 0.005722084 0.001205482 0.006800943 0.0107109 0.00325643 0.0005172168 0.01011007 0.0004578241 0.002166049 0.001007504 0.01133243 0.03378535 0.001652338 0.00421206 0.0008820427 0.004440146 0.001014521 0.000139988 0.001326472 0.004389176 0.001877512 0.0001854853 0.000410358 0.005131507 0.001882009 0.003379379 0.002003086 0.01305406 0.008510767 0.0009887872 0.00277757 0.0006393897 0.02384237 0.002509302 0.001439098 0.001010158 0.001629681 0.0008548939 0.0004864948 0.01804769 0.003313427 0.03237476 0.0007344179 0.002459534 0.0004661352 0.009819667 0.00103862 0.0003479296 0.0008518274 0.0006657881 0.005327732 0.0007364543 0.0004227924 0.005644685 0.0008584367 0.004108439 0.001099809 0.004027877 0.001239871 0.0006916071 0.0002023685 0.003552533 0.006706289 0.002456353 0.00810876 0.005549275 0.001989647 0.005070908 0.003766357 0.002527717 0.001646325 0.0001698089 0.01534859 0.001440998 0.0159457 0.01618895 0.0007153368 0.001844872 0.002689813 0.0007280885 0.006534634 0.01599642 0.01265653 0.001997666 0.0007368547 0.006228214 0.006753704 0.0005291104 0.01495193 0.006231042 0.001004134 0.000821689 0.02787548 0.002744643 0.001045047 0.003134729 0.001428464 0.001451655 0.0003836997 0.04424404 0.001047878 0.001135285 0.004256155 0.00412275 0.01758892 0.003913248 0.0007770168 0.005155873 0.03947412 0.0009267328 0.01633273 0.005740406 0.0004868373 0.002382246 0.001260842 0.0003272174 0.001640966 0.0006954612 0.0005195957 0.004530052 0.005179276 0.0004859883 0.0007162902 0.001632653 0.001031093 0.00371959 0.0007548322 0.001305862 0.02210002 0.002591085 0.009433539 0.003611054 0.01467927 0.00148314 0.002527018 0.005832048 0.01679357 0.000659084 0.000567959 0.001947615 0.006228083 0.04569163 0.003165363 0.005922215 0.002372991 0.001759076 0.001129517 0.03107727 0.0007010787 0.004566322 0.0002441801 0.0009265738 0.00229591 0.001134796 0.00157997 0.008627851 0.03396289 0.003729496 0.0003235224 0.0311643 0.004469225 0.001788375 0.001644998 0.01305224 0.02478263 0.005087081 0.004661425 0.005157956 0.001691603 0.008084758 0.008099539 0.001849225 0.0009057155 0.0001298751 0.0003011109 0.001243365 0.0005762242 0.007760075 0.0003029116 0.001265413 0.0004132924 0.006544534 0.0008645666 0.00320361 0.0255515 0.002052346 0.0001615548 0.003206877 0.001134739 0.002136469 0.001657162 0.0007635509 0.00805179 0.004648051 0.001694344 0.005607544 0.0005448326 0.001278538 0.001131349 0.01952129 0.0007296027 0.001881429 0.01653802 0.01981421 0.002024291 0.002415644 0.006056692 0.0006003577 0.0007815439 0.002522678 0.0005910287 0.001016235 0.002187006 0.000291433 0.001777102 0.004532094 0.0005270237 0.002168914 0.01207245 0.01678418 0.0005080811 0.000638478 0.001070811 0.001481887 0.01243343 0.001446907 0.00758631 0.001559122 0.02496297 0.001226559 0.001382631 0.0002711 0.009376819 0.01610734 0.005007741 0.005369727 0.0008927897 0.0003134569 0.04148414 0.002245815 0.03609683 0.005493633 0.001985488 0.001113422 0.0006291998 0.0004837208 0.0003971985 0.0009346074 0.003575634 0.00066924 0.0003612287 0.0009064451 0.001458313 0.0003575796 0.002370859 0.0009094226 0.002564018 0.002405629 0.0002464336 0.002538215 0.007755697 0.0001381091 0.00411726 0.0003508611 0.009340562 0.001383731 0.005411677 0.003676925 0.001569837 0.0005159908 0.0006761198 0.04693266 0.001108908 0.001611954 0.0353903 0.001890711 0.001537975 0.000275713 0.005857297 0.005076935 0.001847032 0.01766649 0.002213497 0.01403488 0.0007945551 0.002766005 0.01224322 0.04795482 0.003453556 0.0002327435 0.003401077 0.0006216852 0.01630749 0.001680549 0.002948902 0.004789186 0.02374436 0.003344344 0.00695932 0.03386423 0.002556832 0.003157143 0.002865999 0.001721666 0.004522069 0.007387053 0.007716348 0.001056069 0.00735198 0.01306303 0.02833168 0.0007327984 0.001494122 0.001436614 0.00530282 0.001341644 0.0008686752 0.003193592 0.009797252 0.02345872 0.02881544 0.008201564 0.0005707606 0.006726124 0.002249776 0.001311428 0.00202602 0.00140755 0.0003410629 0.002420027 0.0007762815 0.05262015 0.001098685 0.007382196 0.001670591 0.0006917447 0.007392807 0.001333062 0.004056961 0.001785105 0.000883056 0.01692764 0.08701036 0.0005680941 0.006660888 0.0006604604 0.01806268 0.01840978 0.02857046 0.004096245 0.01159034 0.001879031 0.008929614 0.001408872 0.0008099729 0.002601867 0.00109958 0.01107147 0.001214972 0.006556651 0.003428689 0.03844864 0.002005179 0.001099583 0.0004600363 0.005094514 0.0007445853 0.04318834 0.001054542 0.002906882 0.006891335 0.006204228 0.001307359 0.007890102 0.04656811 0.004985835 0.0008760093 0.002056048 0.01933265 0.001676246 0.002113628 0.001373162 0.0007835026 0.0003238241 0.0049387 0.04353202 0.002233372 0.02830875 0.01054462 0.002233126 0.004662949 0.003457684 0.008970966 0.001363949 0.001031234 0.001127816 0.01419358 0.0008680894 0.0009264562 0.002190094 0.007496527 0.001185021 0.00579858 0.004499161 0.00465555 0.003087251 0.002942977 0.0004982183 0.0008491485 0.001613827 0.002255381 0.0004575958 0.006950866 0.0005473071 0.03575008 0.002202753 0.0025002 0.001425879 0.00103231 0.001506142 0.002423782 0.001064282 0.00143653 0.0007392861 0.01188657 0.001446321 0.01961208 0.02600256 0.0006789916 0.005284867 0.07081341 0.005752343 0.003371272 0.0088188 0.009371322 0.01830519 0.0007222799 0.002917884 0.00199155 0.01917421 0.04090282 0.0005959121 0.0009878291 0.02025649 0.001253489 0.01152776 0.02287832 0.04187426 0.002279492 0.002347238 0.001035593 0.000323472 0.05328411 0.01125812 0.0005809558 0.02987664 0.001027546 0.02773217 0.01029579 0.00766748 0.03339757 0.001537386 0.004077214 0.001187549 0.04635723 0.01351914 0.01503212 0.0004934146 0.008894679 0.006335304 0.0008680133 0.00142524 0.001201238 0.0002757483 0.002071783 0.01837268 0.0009249657 0.001181709 0.003201145 0.00341721 0.0009921908 0.0002664264 0.006799701 0.01178156 0.001099899 0.006158185 0.001985243 0.007931402 0.01095866 0.008198566 0.00019821 0.000570186 0.001375214 0.002410634 0.0002651713 9.467966e-05 0.002006919 0.006109125 0.00773551 0.000774475 0.007461075 0.02933891 0.009821958 0.001086902 0.01848176 0.0006392841 0.001818671 0.001002223 0.0004978706 0.00537767 0.02229607 0.0002257889 0.002571497 0.000259678 0.000797403 0.001024631 0.001451755 0.05929224 0.01199163 0.001836499 0.0001567558 0.009213446 0.01495096 0.003048611 0.03618116 0.03803553 0.007604658 0.006921512 0.006127936 0.000443454 0.0007929617 0.001473913 0.006419296 0.003600925 0.009610952 0.001010885 0.05348304 0.003912241 0.01755461 0.000858426 0.02976066 0.001051928 0.001384507 0.003987755 0.001534919 0.03395444 0.002838494 0.003007058 0.002413195 0.0009575695 0.001568292 0.001173757 0.001004629 0.0003183852 0.01305083 0.00752657 0.04580123 0.000690501 0.001543795 0.002177406 0.005199444 0.001447147 0.02670607 0.0002328173 0.001082192 0.001961983 0.005790256 0.001251471 0.009218767 0.0001917437 0.009100415 0.0007748967 0.01757002 0.005615939 0.003140971 0.01881002 0.004052374 0.002633202 0.003422218 0.001923718 0.001414493 0.005437398 0.00165318 0.005257861 0.001163474 0.0001494822 0.01444874 0.002041642 0.04007649 0.007706023 0.04288164 0.001205633 0.01280888 0.001907555 0.003018234 0.0008255676 0.001610972 0.00196849 0.0006036325 0.00838608 0.02005 0.001232273 0.0009272089 0.0005124115 0.003049003 0.003785494 0.00373519 0.001827425 0.0007300648 0.01822253 0.0006113067 0.003284772 0.001197708 0.0008205961 0.01336471 0.06251466 0.001358521 0.01714762 0.01235575 0.0007995897 0.006347816 0.03001115 0.005282017 0.00201875 0.0007576995 0.0008235312 0.00217808 0.002583886 0.003277246 0.000453787 0.0005213108 0.003696216 0.009932011 0.008128475 0.0004676556 0.0007370881 8.156535e-05 0.001905255 0.0003415987 0.0002883677 0.009962304 0.000692033 0.0001510833 0.0009763147 0.0007602381 0.00313316 0.0148931 0.003521787 0.002785551 0.0006919687 0.0003913903 0.003569244 0.003615534 0.004157612 0.01341447 0.006281571 0.003906461 0.001972123 0.001117175 0.001094274 0.001088182 0.00108893 0.00134799 0.007858786 0.002602192 0.002687084 0.0222235 0.003604863 0.001422935 0.0005377014 0.003511643 0.03198578 0.002480698 0.02776348 0.00110053 0.004048807 0.001015049 0.002229101 0.05636469 0.0004961037 0.002814644 0.03987743 0.0008047529 0.0009054626 0.01627015 0.001325317 0.03587001 0.01251179 0.001102799 0.01125415 0.004348256 0.000839193 0.02177897 0.001163378 0.0009786329 0.0003874048 0.001236813 0.005828226 0.001981556 0.004272462 0.002729075 0.000867796 0.0005260701 0.05863182 0.000629525 0.0003174505 0.048123 0.009653042 0.002730388 0.001882691 0.0008700371 0.003317136 0.0005962114 0.03850265 0.001363479 0.0009954218 0.001488629 0.006820699 0.0006803577 0.0002433803 0.002381927 0.002616657 0.002969952 0.001903765 0.003236753 0.003249079 0.01161744 0.01267798 0.002411121 0.002147657 0.0008695443 0.0007067878 0.004678827 0.003336312 0.004398317 0.00249669 0.002751808 0.004066462 0.002821299 0.001229476 0.008190428 0.05249264 0.004336411 0.02427146 0.00240119 0.02172522 0.004232232 0.01840186 0.001321611 0.0008976745 0.0157727 0.002550135 0.00135432 0.002541169 0.02471207 0.002178396 0.0007547539 0.002306624 0.00505879 0.01433169 0.00257575 0.03572793 0.008421807 0.001225955 0.002240134 0.001112798 0.005315718 0.001103987 0.02266245 0.001425932 0.003976947 0.0009370169 0.0009781914 0.003394489 0.0009745627 0.000397764 0.001579554 0.02110666 0.0007389224 0.01683879 0.05179339 0.007382023 0.01906241 0.001672563 0.01442095 0.0002939372 0.0005058749 0.04131199 0.001204673 0.01588733 0.001877062 0.002008959 0.003437403 0.00109064 0.00921196 0.003837741 0.001850821 0.0007845989 0.0486804 0.02169989 0.0003733881 0.003275284 0.05527804 0.001725534 0.001489468 0.0009242679 0.001460151 0.004568139 0.002885055 0.0008921729 0.001311084 0.004560348 0.001293194 0.001466951 0.006166691 0.00339983 0.0006510531 0.003490938 0.001291581 0.009626276 0.04987958 0.005586428 0.001197351 0.001292863 0.04140512 0.002655925 0.01569216 0.003479276 0.03774405 0.0001359017 0.009787827 0.0006377076 0.001447754 0.01608789 0.001286807 0.00183738 0.001809666 0.05915695 0.001630781 0.002555744 0.00117489 0.001220668 0.01711933 0.0009876867 0.001604282 0.0003747932 0.002672065 0.004439297 0.0002821157 0.0006055488 0.0005725027 0.001314604 0.04993052 0.002497281 0.003929865 0.06867499 0.008022091 0.002871721 0.005967793 0.003759939 0.004779997 0.001609278 0.01742653 0.01022556 0.002740793 0.002608644 0.003538711 0.002057024 0.009529636 0.05292942 0.0001721124 0.005108823 0.0063824 0.002054753 0.0007980131 0.004236983 0.001014958 0.001245463 0.007667445 0.0001572309 0.005165409 0.001037529 0.00144629 0.0006914817 0.001378094 0.01575884 0.05522619 0.02037745 0.01137529 0.001738409 0.001738171 0.04793255 0.002321351 0.0009385275 0.02353213 0.0008649534 0.001374852 0.04098058 0.001703388 0.003119208 0.0006615811 0.03000395 0.002420197 0.00729101 0.003366099 0.002132325 0.0009570772 7.884691e-05 0.02178035 0.002868349 0.002107376 0.001843127 0.001153424 0.00143666 0.0001835768 0.0005375835 0.003114961 0.0007904244 0.0008484136 0.003489941 0.001996559 0.00849878 0.0008516848 0.001527601 0.0002116403 0.001251888 0.0004238453 0.0132066 0.000732842 0.01175562 0.008600906 0.002339216 0.0007922534 0.002168714 0.00181337 0.0006103849 0.0007727297 0.001122842 0.004629311 0.001298226 0.0006344338 0.004315159 0.0005336186 0.001915825 0.02085076 0.03249143 0.02388926 0.005625993 0.003380671 0.0003264392 0.01983521 0.00588608 0.008036818 9.019749e-05 0.0002389677 0.0002535248 0.0002823033 0.005421594 0.001224317 0.002804554 0.003199731 0.00232946 0.0007934073 0.0008745143 0.001687623 0.006220513 0.00344981 0.003318883 0.01306438 0.001739458 0.03021198 0.003080755 7.323429e-05 0.0003600464 0.0007046798 0.0006955314 0.01116385 0.001239103 0.002741982 0.001976749 0.009039183 0.001835189 0.003785076 0.01063382 0.007275266 0.01054503 0.002446413 0.0002348814 0.006237722 0.001737401 0.004301547 0.001907846 0.001055984 0.0005608736 0.00226972 0.001644379 0.002231047 0.0009109491 0.001023615 0.03372853 0.003095997 0.001325627 0.004200354 0.001563762 0.005219094 0.01249476 0.001255239 0.006355025 0.004913214 0.001234546 0.0003706249 0.003803013 0.002627181 0.0007288308 0.001021369 0.00442282 0.001070851 0.0009474443 0.0157412 0.0005735891 0.0007587841 0.006436596 0.007264397 0.002485127 0.0009557178 0.0007314171 0.01884904 0.00230813 0.002416383 0.004067215 0.000625924 0.003307208 0.008901706 0.002004075 0.001340782 0.02150416 0.002424958 0.0004945238 0.00171404 0.003766466 0.001000543 0.0004146201 0.001201211 0.02344944 0.004003058 0.0006635216 0.0003386104 0.001234624 0.009327671 0.00432863 0.0005151976 0.002624858 0.006575767 0.001512073 0.04711253 0.002342687 0.000997502 0.01533061 0.003633571 0.001501097 0.0004280011 0.00377126 0.0005333464 0.001155769 0.001588682 0.006271502 0.007370273 0.006203826 0.001140516 0.02188138 0.002089904 0.01137763 0.0003380733 0.001447042 0.003435928 0.0005594937 0.003885227 0.0005772437 0.005796255 0.003263517 0.0002119029 0.001114833 0.0004633244 0.003256678 0.002296562 0.001512896 0.006308895 0.00374412 0.004146449 0.02114153 0.001426218 0.007106829 0.001666775 0.004704799 0.0002024008 0.005644938 0.007812127 0.02775693 0.001106777 0.002133891 0.004582791 0.0004977872 0.01434552 0.02202283 0.0007838313 0.002338873 0.0006538013 0.004393275 0.0008728184 0.0006174117 0.0005782224 0.001381785 0.0008823039 0.003757065 0.0004744352 0.02213441 0.002969771 0.009219845 0.01694715 0.001088656 0.0008365352 0.004967206 0.00162531 0.001296877 0.004160335 0.004447666 0.00213761 0.001161899 0.001570244 0.01179943 0.002237045 0.01199062 0.01346343 0.001503222 0.0009143419 0.0003467572 0.0007639633 0.009811953 0.00130762 0.001709851 0.003767534 0.00243834 0.00239617 0.007414164 0.001068303 0.003966311 0.01074835 0.00223953 0.00859568 0.000759838 0.06091554 0.0009419126 0.0008701359 0.01194432 0.002132702 0.001840015 0.001449563 0.01959897 0.00107978 0.001336778 0.0001815062 0.001124951 0.04965594 0.002578737 0.01513238 0.05460428 0.001631281 0.006207603 0.001998699 0.002099674 0.0009550453 0.0006540896 0.04553445 0.001995816 0.0007632764 0.00134316 0.003328985 0.001098517 0.0002772369 0.03263881 0.01114605 0.02225895 0.001266392 0.003152972 0.02147697 0.002695734 0.0003921779 0.01478096 0.001273746 0.0076059 0.06529504 0.0005093921 0.00117482 0.03257157 0.01142247 0.003463796 0.006186796 0.001835848 0.0003612603 0.0009689002 0.005837941 0.000561844 0.06042201 0.01940147 0.00156197 0.000270346 0.009936663 0.00151396 0.001105236 0.001570088 0.0009384482 0.0001918644 0.001784902 0.001365456 0.01712064 0.004815663 0.001039274 0.004357321 0.002145867 0.00053494 0.0003877242 0.001498941 0.03335724 0.009961823 0.001519205 0.000407648 0.002952135 0.0009781524 0.002667987 0.003838844 0.03307366 0.006066273 0.001077461 0.000375883 0.008878686 0.001377604 0.00021865 0.003603332 0.001164232 0.001155829 0.05067253 0.001382195 0.001209126 0.000966402 0.0008058588 0.001711491 0.000905022 0.00137188 0.008503041 0.01717986 0.001182331 0.0005701454 0.002980182 0.001605248 0.00108736 0.001390227 0.00276509 0.02045361 0.003141208 0.003221449 0.002685742 0.001661052 0.0003990026 0.0004540395 0.002113383 0.05842933 0.002575118 0.00865546 0.00357106 0.0003274237 0.0004337854 0.001005251 0.006458694 0.0007379119 0.008912947 0.0005558856 0.0466371 0.009997236 0.0001977446 0.001089509 0.008912133 0.0004465265 0.002289077 0.00128571 0.0003654178 0.0006001663 0.001213632 0.0003272096 0.006301605 0.001191061 0.001680919 0.000732875 0.0008269959 0.0009748733 0.000438187 0.02354986 0.002051358 0.002093953 0.0006308866 0.002195551 0.005806005 0.004205085 0.00326808 0.004676811 0.00502201 0.0131404 0.0047887 0.003409602 0.001480986 0.0004624991 0.01067914 0.001113656 0.001093726 0.001070604 0.0095055 0.007000406 0.0003040413 0.0005462839 0.0006108827 0.003653958 0.003573776 0.001353321 0.05687885 0.002434032 0.01271968 0.003883628 0.01578346 0.0009419238 0.0008593189 0.0004316628 0.0007200029 0.002095966 0.000595819 0.001700226 0.01742006 0.00635644 0.03752159 0.001460194 0.0004518186 0.001615707 0.000557051 0.0564335 0.03858136 0.0007513891 0.0004923573 0.005968157 0.0003648302 0.005576163 0.000940745 0.001056311 0.0006496148 0.001465598 0.001045941 0.03073212 0.0004531869 0.005973396 0.002723307 0.002625555 0.005723713 0.005817265 0.0007166062 0.005704778 0.0002449958 0.00110751 0.02625534 0.00643072 0.00104095 0.01488826 0.0004878381 0.001109396 0.0006518086 0.0005573428 0.002006983 0.01751593 0.001384135 0.006185926 0.0001795108 0.0004070423 0.01015621 0.004604687 0.0008828208 0.001112132 0.004853549 0.001478088 0.001042002 0.003524377 0.0006268196 0.00121043 0.01199853 0.003995597 0.002891029 0.0008247604 0.001275671 0.04293497 0.001538324 0.009271703 0.002184083 0.005077611 0.003324437 0.02129571 0.0006558258 0.004088601 0.03584324 0.005483091 0.005739502 0.0004994746 0.0004642871 0.003737072 0.0008912786 0.003815549 0.0007648101 0.0008592277 0.004277538 0.001085167 0.00498528 0.001341618 0.001187967 0.003873854 0.0195367 0.003707379 0.004680313 0.001504347 0.01188927 0.01614765 0.004781456 0.01109094 0.0002127078 0.00295522 0.01402352 0.01067437 0.0551523 0.0337415 0.03328137 0.003088237 0.003270965 0.002909699 0.00105212 0.000645675 0.003895167 0.003670096 0.00150076 0.006230336 0.0009186041 0.002118026 0.005364311 0.002192651 0.02083111 0.001020093 0.001524467 0.004251974 0.01184601 0.001670937 0.001542727 0.002329532 0.007357583 0.001949651 0.001825183 0.0008978534 0.00952027 0.001809304 0.001508893 0.001576141 0.001809805 0.004266478 0.004118418 0.01132915 0.01715974 0.02330668 0.003434627 0.003921707 0.002744043 0.001315931 0.001714901 0.002890348 0.004019552 0.004716001 0.001176348 0.000686746 0.001173539 0.002566298 0.0008716434 0.001740507 0.01269539 0.007133307 0.002525164 0.0008783763 0.005479433 0.01149359 0.01012638 0.005539286 0.0009807342 0.002455555 0.001317682 0.02663538 0.01631518 0.002471604 0.0006249881 0.002796927 0.001421563 0.0391423 0.03350538 0.002778686 0.001984294 0.02658204 0.004030358 0.001053021 0.003812435 0.0002755265 0.015837 0.008629492 0.004416159 0.001470814 0.003187722 0.001027501 0.007973226 0.00562294 0.008099981 0.0002588222 0.0007121216 0.04853101 0.01180944 0.001937928 0.001024177 0.001621493 0.0007413252 0.0009949831 0.002405151 0.01336153 0.00228948 0.0003471745 0.002644946 0.00173322 0.008599321 0.02943446 0.01085893 0.01104596 0.005113145 0.0002252569 0.002675317 0.001687991 0.0008409687 0.001076891 0.009167462 0.0005879015 0.005856326 0.03341383 0.003200586 0.03624233 0.0009810951 0.0008733624 0.004395598 0.0008519348 0.006196915 0.001975181 0.0003522196 0.0002762061 0.002297658 0.0004592471 0.0002983569 0.001355908 0.0006368728 0.003541003 0.03042685 0.004191789 0.003159207 0.0005313667 0.004605656 0.0004299365 0.04683143 0.0002306584 0.003047118 0.0004284776 0.0007976738 0.001509227 0.04476343 0.000526125 0.009974646 0.004763982 0.01306846 0.007806677 0.0001336548 0.009233412 0.003138052 0.001198233 0.02580877 0.008479325 0.0030244 0.00358834 0.001616853 0.003236098 0.004209178 0.001369318 0.0002846089 0.001021743 0.02831763 0.001083986 0.009539229 0.001046193 0.0008782646 0.001460122 0.00316749 0.002582003 0.002776392 0.001825527 0.01379715 0.009758068 0.02774618 0.001259814 0.002308874 0.001072204 0.0002158364 0.03668881 0.002866182 0.01216122 0.005982886 0.007463361 0.0006084986 0.0008377018 0.001081635 0.00577932 0.007193937 0.002069951 0.001454472 0.0009631633 0.0009073212 0.0002863323 0.02048511 0.001189746 0.007677399 0.001449171 0.006130551 0.006785978 0.006473904 0.003721819 0.001552857 0.00328723 0.004500198 0.000361969 0.0007836307 0.004835165 0.002432412 0.003451833 0.001142103 0.001716929 0.01209736 0.0005525331 0.0008351114 0.04825809 0.008165218 0.01668951 0.001407975 0.0007377834 0.0008414044 0.002077587 0.01460193 0.01884915 0.00943134 0.002498436 0.00131487 5.777025e-05 0.003564068 0.01788489 0.002557887 0.0005127458 0.002130887 0.001450054 0.003918516 0.009177528 0.003719885 0.004850768 0.01582422 0.0006144877 0.001411444 0.03160886 0.009401502 0.0008647384 0.001504993 0.003761167 0.003757406 0.0002232834 0.01188666 0.0005069566 0.002080417 0.01902212 0.002837738 0.003386352 0.00139179 0.003928958 0.00272023 0.001576856 3.918012e-05 0.007965269 0.003034496 0.02557991 0.03000042 0.0001316354 0.05540102 0.0003225881 0.0001998904 0.003324924 0.001417815 0.003404484 0.001038533 0.0005880285 0.0009696329 0.005974706 0.001579012 0.001468754 0.0004723158 0.00373065 0.001460799 0.0006316428 0.01269944 0.003272817 0.0009326804 0.0009247991 0.0002358007 0.0008064991 0.001136674 0.001382268 0.0003672018 0.04664574 0.002056354 0.0004980883 0.002459695 0.003473507 0.004510252 0.004127968 0.01682297 0.01957561 0.000862113 0.002999784 0.001919751 0.0004500685 0.001496961 0.002953559 0.002405466 0.002162823 0.001131703 0.001343374 0.0007633453 0.00922627 0.003952597 0.008209484 0.004570784 0.002914663 0.001959919 0.006352333 0.0003941279 0.02611943 0.04098386 0.0002775622 0.000720467 0.03026913 0.0007335317 0.002391259 0.001713246 0.00188428 0.001009193 0.0001095521 0.0004216256 0.0002761642 0.01119318 0.001204614 0.002335994 0.003090658 0.007454279 0.0006608041 0.01314747 0.003237702 0.002337612 0.0005179218 0.01068894 0.006915803 0.01181321 0.006942456 0.005782055 0.0003450065 0.003110412 0.003021177 0.0100901 0.0005075245 0.002241783 0.01496099 0.005220874 0.001057022 0.001338508 0.04460416 0.01583296 0.003949699 0.003253096 0.0007615518 0.004312886 0.006240881 0.0007443905 0.01127482 0.0007676804 0.006024874 0.003823918 0.0004282858 0.0008428865 0.001462961 0.00141203 0.001098674 0.001301504 0.0008501243 0.002560683 0.02548329 0.02057201 0.001151959 0.011127 0.03190802 0.01184941 0.002118985 0.0007957146 0.001135805 0.03176031 0.002171071 0.003683105 0.008026009 0.04939913 0.006678638 0.0002657464 0.004306574 0.001942725 0.001731151 0.003437799 0.00420031 0.001781604 0.002021875 0.01105235 0.02559423 0.02350342 0.01948606 0.004646587 0.01372313 0.008361345 0.01362029 0.001745555 0.001725147 0.0005112662 0.0007394716 0.0002469174 0.05430557 0.04570021 0.00522966 0.0008332741 0.001756877 0.04449251 0.02849453 0.0156365 0.001156469 0.00140483 0.002754695 0.002945206 0.001199089 0.00184212 0.01460232 0.003297775 0.01248993 0.0008257879 0.002249977 0.001723393 0.0004488541 0.003723857 0.0006342885 0.0009726327 0.01281191 0.001578078 0.01902067 0.003633302 0.0110901 0.007217023 0.004508075 0.006914529 0.007067139 7.847055e-05 0.0009986588 0.001760872 0.003567554 0.002992377 0.01348613 0.003320962 0.002043004 0.001058427 0.01088371 0.0001943119 0.00225906 0.0009205793 0.03539553 0.001218384 0.04496173 0.0006598249 0.00117906 0.01004331 0.001070614 0.01585968 0.002699788 0.001522144 0.0003886678 0.0008670046 0.01781146 0.0009666007 0.006821041 0.003976657 0.004761314 0.001526156 0.003093085 0.0001771802 0.01648847 0.007840844 0.01638719 0.001933992 0.009078155 0.06667011 0.002258146 0.004889643 0.001118041 0.0006273251 0.01421702 0.002551295 0.02442548 0.001360551 0.02056289 0.0007834771 0.001394621 0.02064301 0.001705981 0.0009433653 0.002719401 0.003332705 0.001051423 0.004969975 0.005710212 0.002362215 0.003013141 0.003077469 0.002537611 0.0320424 0.002208232 0.0003941805 0.02028523 0.00491947 0.00216295 0.001000167 0.009716434 0.0006542877 0.005226733 0.008052818 0.001659352 0.01195546 0.001536975 0.001055117 0.0003113363 0.001534171 0.001140952 0.0164463 0.004603462 0.001026463 0.04874098 0.0005495501 0.00101356 0.0005425744 0.006733901 0.0002607482 0.0006818425 0.009108361 0.003780201 0.01225283 0.001410029 0.00125156 0.01698278 0.02627945 8.624887e-05 0.001539472 0.0007702798 0.001010423 0.002972006 0.003145874 0.0006475656 0.01602918 0.01038008 0.002196361 0.002413666 0.001388841 0.001210075 0.001105325 0.004147882 0.001092789 0.008441282 0.01261495 0.01475995 0.0005311822 0.001205336 0.0005076162 0.001163973 0.00369627 0.00136402 0.002556294 0.002303577 0.0009513656 0.00225344 0.0003925085 0.00315438 0.0008148334 0.0004191928 0.006319819 0.00796739 0.02111226 0.001010415 0.001568495 0.004155552 0.0007804875 0.001252581 0.007435232 0.001395573 0.0006660487 0.02188104 0.004275814 0.002397675 0.002660948 0.001698223 0.0003756202 0.001294737 0.003186169 0.01549837 0.0273199 0.01247358 0.001147998 0.001452988 0.001688217 0.0003973077 0.03638339 0.004457783 0.00186751 0.01616783 0.007110099 0.003622432 0.002829287 0.002509848 0.003066304 0.001244774 0.001442349 0.0008065442 0.01203673 0.00131858 0.002923524 0.00293444 0.002494784 0.002279375 0.001064313 0.01216124 0.002787179 0.001667394 0.0003606233 0.0002175878 0.01215003 0.008598407 0.002448756 0.002381278 0.009887285 0.02079886 0.002582801 0.003675688 0.0154869 0.0009455874 0.005328526 0.001226067 0.0007712421 0.003327928 0.0003083578 0.06072892 0.01033217 0.0006142239 0.001770378 0.02920864 0.004320832 0.003432356 0.001206563 0.05232033 0.0004428581 0.0002724221 0.00247269 0.004445859 0.002155961 0.0161213 0.00699249 0.0007240314 0.002715247 0.0005447523 0.003360138 0.03287864 0.008274008 0.002414555 0.004505795 0.05269026 0.05301835 0.001065278 0.002326042 0.001842146 0.001188586 0.0009851116 0.002971078 0.0001633524 0.01387885 0.001058201 0.001325017 0.0008770237 0.0008121476 0.00149398 0.000659595 0.0007739226 0.00260688 0.005958198 0.009456104 0.00127502 0.000932705 0.02787354 0.00123782 0.001054649 0.00436872 0.001369248 0.0004989576 0.001271316 0.001003931 0.004287771 0.03352719 0.04535787 0.002821173 0.006210143 0.003937567 0.0006383168 0.02571841 0.002059946 0.0006857353 0.009617105 0.009796083 0.001192989 0.001797826 0.0006471378 0.0011626 0.009178032 0.0009943335 0.001370319 0.002176255 0.0007524522 0.0009312997 0.0008231029 0.001106339 0.01411626 0.0008456415 0.0004223366 0.01298292 0.01213271 0.0008132135 0.01821006 0.03787144 0.001022743 0.0032158 0.004288057 0.01497173 0.005742894 0.001555157 0.002429083 0.02630553 0.003727892 0.01479671 0.001784724 0.01819979 0.0707039 0.01606712 0.001609014 0.003100674 0.004224582 0.00156888 0.0182167 0.03674812 0.002749288 0.02490528 0.0005960242 0.004399517 0.0007679441 0.002572171 0.002416604 0.001149617 0.001193014 0.002808563 0.002549823 0.001170168 0.01270274 0.00246524 0.003796721 0.0003937111 0.001171729 0.005551047 0.004400454 0.0005525181 0.006242755 0.01382731 0.0002275182 0.0001509054 0.01667219 0.003705122 0.003699796 0.05179277 0.004526674 0.0005086105 0.0100662 0.002453992 0.002253345 0.01264151 0.01224808 0.005147403 0.004216488 0.002581094 0.0003025357 0.004804414 0.009159376 0.001417471 0.004005393 0.006171467 0.005360863 0.00799719 0.001498425 0.009919251 0.001149947 0.02440658 0.02437147 0.0007431513 0.00196824 0.001061675 0.0007738587 0.003796848 0.02565726 0.00203533 0.005109621 0.00282024 0.001613841 0.002389966 0.001947613 0.0003522458 0.0005613359 0.02616555 0.0007489449 0.002668387 0.009585442 0.04741919 0.002415041 0.01822319 0.001232525 0.0113981 0.007704442 0.0009058082 0.01271433 0.00162551 0.00109477 0.000191629 0.002473627 0.007042145 0.0008282196 0.03551328 0.0008495446 0.005582414 0.002152128 0.001652031 0.002004015 0.001374482 0.003761732 0.03377303 0.0261449 0.001588009 0.00224333 0.001340903 0.00588033 0.0008698313 0.01158698 0.01278536 0.007753348 0.01777674 0.003631648 0.002922598 0.004783696 0.002030483 0.001281752 0.0005888426 0.0002510912 0.000437368 0.00139162 0.001621753 0.02792555 0.001056566 0.002594686 0.00759581 0.01020067 0.005635838 0.001355647 0.00258566 0.001421682 0.01563941 0.0003606256 0.0009283958 0.004714342 0.0009525751 0.01465718 0.001769587 0.0006906217 0.0008072752 0.0009531068 0.001292412 0.001088104 0.008988236 0.001876692 0.00486928 0.01037169 0.0009402706 0.02654045 0.003853203 0.006660992 0.05328777 0.003768231 0.00127653 0.0003761041 0.02078751 0.0004567235 0.0005600798 0.003559563 0.004155875 0.0007283866 0.01396771 0.0008243141 0.002276795 0.000843924 0.0007923663 0.0004746379 0.04844828 0.0020273 0.004919894 0.00223151 0.003366501 0.007453783 0.001487365 0.006465514 0.0006279026 0.0003628877 0.02861549 0.00125736 0.01480487 0.07610051 0.001311715 0.001913068 0.0004642211 0.001316716 0.005742081 0.03556033 0.01152409 0.0546688 0.0008720108 0.002091914 9.594594e-05 0.002980648 0.0006382961 0.03252116 0.001278081 0.002710662 0.0006543659 0.001014215 0.003242325 0.001183487 0.01347294 0.000752081 0.01213786 0.008534226 0.02326539 0.04356717 0.0007006548 0.003318756 0.003007283 0.00139181 0.00305959 0.0008687878 0.002431503 0.01358304 0.001297137 0.001180805 0.03867418 0.001608263 0.005222857 0.01521643 0.007968951 0.001216122 0.001928386 0.02985161 0.01047687 0.001482462 0.004726503 0.0006169755 0.01520652 0.0002880787 0.001141647 0.0009880374 0.002325835 0.006580428 0.01031049 0.02497204 0.004088995 0.00057135 0.001713721 0.001150496 0.0006151079 0.00334634 0.01152636 0.0002309167 0.005220863 0.002748531 0.002826638 0.0008914903 0.004839769 0.01855085 0.007235671 0.001658523 0.001385704 0.003118159 0.008250029 0.0220039 0.0009008974 0.001356509 0.009128647 0.001791564 0.0004068286 0.0005416606 0.01614005 0.007616764 0.0006376364 0.004534767 0.0005719929 0.001483041 0.01529624 0.001919108 0.002555779 0.02915007 0.000748609 0.004213998 0.02213175 0.002492844 0.0009981828 0.006989582 0.0009617094 0.002507773 0.002619947 0.002137262 0.006562431 0.002551517 0.0156251 0.003645177 0.0003774071 0.001772296 0.0009992066 0.001836138 0.0006499582 0.0001002422 0.01470077 0.0003448084 0.004499675 0.0005592635 0.0612709 0.004150882 0.008036041 0.0007237246 0.0007275057 0.0101 0.001037225 0.009450588 0.0005771818 0.001665318 0.0008195352 0.002126586 0.0005867432 0.04958406 0.0008504506 0.002318394 0.003782786 0.001793449 0.002295736 0.002244306 0.006275794 0.003054036 0.0006399306 0.0003890751 0.001018871 0.001197664 0.0007666295 0.0002746064 0.00221041 0.004394108 0.01174102 0.0002405477 0.005395235 0.001533501 0.005996509 0.0004678886 0.0004290445 0.0003976947 0.005106424 0.0004784987 0.009390962 0.001418872 0.005968444 0.0009272532 0.01843603 0.002336264 0.02502206 0.005964037 0.001128266 0.007299797 0.0274946 0.005001775 0.003593311 0.001667316 0.0008519166 0.002185985 0.01987703 0.001456668 0.001475655 0.0005479244 0.002260274 0.005423523 0.005117714 0.0005332421 0.03274543 0.0005359548 0.05976511 0.001546373 0.006540054 0.0003312429 0.005607727 0.0005768627 0.0008403259 0.0005481327 0.001461032 0.01602391 0.0004264552 0.003509188 0.002187692 0.003858238 0.0008696761 0.00444998 0.002440484 0.05127242 0.002899421 0.003557967 0.002883957 0.003397457 0.03066129 0.001812998 0.00861071 0.0007062055 0.01310942 0.001195307 0.000808484 0.0004276608 0.001111585 0.02264161 0.01385305 0.0005537197 0.002798179 0.04610879 0.005124283 0.004910884 0.001460433 0.001394983 0.005472934 0.0007496828 0.002090967 0.0003766756 0.003726823 0.01534308 0.002170983 0.0009254562 0.001614621 0.002157428 0.02356203 0.002124076 0.01596049 0.03199069 0.01223489 0.04230995 0.004392792 0.0005637374 0.004152293 0.001404689 0.001560371 0.0009393735 0.000738678 0.02676735 0.002884221 0.0005499129 0.001367886 0.00846672 0.0167497 0.0009099373 0.0003623494 0.00522391 0.00122016 0.001065175 0.001793289 0.0004891597 0.004098428 0.003639319 0.01556925 0.009080297 0.03303627 0.001201136 0.0008916763 0.003114264 0.03712716 0.0003375946 0.001925455 0.004434481 0.0121543 0.00431263 0.004123034 0.004872493 0.006496108 0.0007094921 0.003928717 0.009074171 0.006947971 0.006336326 0.02476352 0.0007854009 0.002354724 0.002002064 2.181817e-05 0.0003717186 0.001384886 0.003514889 0.001974455 0.02151072 0.001228812 0.00265803 0.003118237 0.005264834 0.0357606 0.001783201 0.001538252 0.00158954 0.0004780626 0.002329674 0.004528838 0.002104349 0.002061449 0.0125195 0.001274774 0.001438209 0.003324906 0.002203657 0.04956402 0.05236075 0.0007577082 0.006615747 0.001147019 0.02904523 0.002826899 0.004902318 4.681158e-05 0.004120496 0.0009554224 0.00018177 0.001295946 0.001631088 0.00083266 0.0007513813 0.001676484 0.001228799 0.04657211 0.001847905 0.004574296 0.05713945 0.03478814 0.003995689 0.007614023 0.0006456286 0.003124831 0.0220519 0.0009447093 0.003326046 0.0004234675 0.01252173 0.0005445264 0.01182031 0.002855815 0.01128936 0.0008057933 0.00373815 0.0007537445 0.02670559 0.01932878 0.003507226 0.01600124 0.007148538 0.0248398 0.001474242 0.001940916 0.007310644 0.0003826986 0.007459192 0.05850279 0.001884165 0.002292302 0.002301269 0.01228823 0.001258097 0.03144235 0.001564075 0.005970629 0.001243958 0.002448222 0.0005834967 0.02905827 0.02798055 0.002746835 0.01429224 0.009593045 0.003605279 0.002359928 0.001923993 0.0224843 0.005198761 0.001792712 0.001132291 0.007306195 0.001854736 0.001004185 0.01266791 0.003945712 0.01639818 0.0008640109 0.04091947 0.0192913 0.004600127 0.001689589 0.00103624 0.003309529 0.007970494 0.002924686 0.005263933 0.004116337 0.0008144212 0.02591618 0.03305973 0.001525561 0.005754036 0.001867759 0.001288212 0.0001857506 0.07394742 0.003599955 0.0003794344 0.00139818 0.02272028 0.001134691 0.001576782 0.0005604107 0.006906413 0.003413683 0.01258369 0.008420091 0.002666651 0.005108074 0.05503206 0.001159815 0.002314186 0.005046571 0.00111552 0.001072008 0.003326525 0.03397261 0.001356078 0.03722057 0.000703367 0.002706219 0.004825707 0.005666994 0.00591616 0.00130082 0.0006392079 0.006765386 0.01016392 0.004938282 0.01666236 0.0005364058 0.0003594704 0.001404115 0.001248322 0.001465892 0.003960038 0.004261873 0.00801855 0.003537598 0.050327 0.0008008316 0.0001965243 0.000510051 0.005501102 0.03108981 0.0007037514 0.001638115 0.003084714 0.01123703 0.001072738 0.003334933 0.03456796 0.002367923 0.001739497 0.02533749 0.001677511 0.002032525 0.04412054 0.03288743 0.002164507 0.002325364 0.001867331 0.02594065 0.004619179 0.002628539 0.01457392 0.002649008 0.002260205 0.001489632 0.0001456197 0.001865406 0.0009258135 0.009381291 0.006155097 0.001876337 0.001022074 0.002145136 0.03552155 0.00249971 0.08448527 0.0003085523 0.0007024882 0.003857721 0.05656198 0.002346664 0.003560058 0.002580891 0.05194774 0.003627375 0.0006887956 0.004274307 0.003766854 0.004999904 0.01528003 0.004004817 0.004039317 0.0003303624 0.05917291 0.001895201 0.01176076 0.001003036 0.001965182 0.004182258 0.0008124901 0.0008507318 0.01197178 0.0004565874 0.003212423 0.00152144 0.006303748 0.08851331 0.0008266655 0.0002388208 0.001844489 0.001340156 0.002412979 0.001346636 0.0002343178 0.002092004 0.007003951 0.002500958 0.000485764 0.004796305 0.001344529 0.01134915 0.002832015 0.0001569924 0.002800798 0.00111557 0.004685425 0.001269419 0.0008663576 0.004490015 0.0077972 0.00251375 0.007360268 0.0003650586 0.001505652 0.002400358 0.06672937 0.000160043 0.0007001606 0.0004677561 0.01141225 0.001229834 0.0009294347 0.0005988574 0.007481161 0.002923114 0.002213294 0.002457266 0.002767206 0.0007249341 0.004313846 0.009298679 0.002480456 0.04904623 0.002088749 0.0009022822 0.002570265 0.002821591 0.0008657221 0.006631544 0.002736508 0.0009659264 0.0005098687 0.0005388253 0.001553547 0.002948668 0.001768884 0.003403054 0.001978507 0.01260735 0.0006853117 0.001645598 0.04249251 0.006834405 0.0028217 0.0003353585 0.02463944 0.006653205 0.05096789 0.00129584 0.005297034 0.002445619 0.01749595 0.002790321 0.01329388 0.001314699 0.002337008 0.001587469 0.0005721822 0.0002359763 0.001819673 0.01199723 0.0005536554 0.0005233844 0.0018505 0.001002438 0.009124967 0.00248376 0.0039808 0.002672708 0.0005743623 0.003841851 0.00948977 0.001124671 0.002176034 0.05405423 0.0001311939 0.0002209166 0.0003797117 0.0008894636 0.01076479 0.0003379982 0.003559413 0.0005780088 0.001179676 0.0008104983 0.001186453 0.009861379 0.0001297484 0.004787295 0.00122736 0.008305508 0.003220191 0.03462928 0.000110615 0.002337729 0.003718073 0.0009144169 0.001824088 0.007926304 0.0008618382 0.000585588 0.0007343363 0.001196658 0.02794265 0.00328392 0.004005678 0.0003320941 0.001549768 0.001121926 0.00585086 0.003512434 0.001408041 0.00279129 0.001051249 0.02661975 0.01315263 0.002103857 0.0008838568 0.004461691 0.000364669 0.04003284 0.02061611 0.006789515 0.03333777 0.000460566 0.001109551 0.0009771234 0.001791405 0.0006049259 0.002099497 0.002497537 0.01055898 0.002151767 0.003471439 0.01670033 0.02717929 0.0006585984 0.0002741567 0.009509499 0.004140381 0.001407353 0.003807432 0.001547433 0.0002306827 0.05616425 0.0004774909 0.02091147 0.00302677 0.00366709 0.005882825 0.009437374 0.001495567 0.01287409 0.001797256 0.0007789618 0.02092281 0.002247655 0.007804662 0.0007006999 0.002950264 0.002613598 0.003491258 0.00282871 0.00304014 0.001591344 0.002824551 0.001502141 0.002726675 0.0005419098 0.005445932 0.0005102499 0.0004922019 0.002917083 0.003449256 0.002379543 0.001269105 0.0006630145 0.0006377794 0.001987893 0.001913976 0.00584416 0.001000571 0.02994992 0.005553999 0.00204509 0.003813854 0.005247712 0.02080026 0.004029059 0.04886338 0.001072319 0.0003726542 0.003077066 0.002249927 0.005019898 0.002873284 0.0001532689 0.002093562 0.000252592 0.03227698 0.0007716886 0.001044735 0.001517778 0.0001884236 0.002084018 0.001003205 0.0005527196 0.003485269 0.0006939637 0.002310356 0.04039568 0.0006510096 0.0008326505 0.02185238 0.002191633 0.01971973 0.001786893 0.002715491 0.007157741 0.03664863 0.004681007 0.000510238 0.0001726611 0.0006361364 0.0004885916 0.0007569523 0.0001296164 0.0006968013 0.0008593068 0.0003053485 0.0008836093 0.0009055336 0.009576147 0.004158464 0.001982421 0.001038523 0.002025643 0.01074252 0.0007664915 0.003066639 0.007404573 0.0006607511 0.006745975 0.0002925811 0.001483125 0.001502681 0.0007239669 0.001641207 0.01342539 0.02110108 0.002527562 0.00529044 0.00372882 0.01037169 0.002723405 0.05468946 0.0004779765 0.002192222 0.0002571967 0.001088922 0.003799502 0.0004154711 0.004648603 0.001352462 0.00124042 0.02351907 0.009540736 0.0006073278 0.01080976 0.0004349529 0.009546589 0.003346764 0.003121044 0.007768638 0.002152473 0.004160327 0.0005826349 0.0002611569 0.002576901 0.0005264464 0.001138855 0.0035813 0.0009579299 0.005369735 0.001357008 0.0017809 0.0006648764 0.003629783 0.01999979 0.002667666 0.0001653988 0.001610913 0.001782492 0.005941101 0.001046255 0.002764536 0.01259389 0.003765159 0.001282968 0.04026467 0.001242543 0.0004979589 0.002401672 0.00496972 0.0004478483 0.00243494 0.0108109 0.0007040525 0.004933851 0.01608223 0.000720687 0.001002624 0.002366222 0.01336745 0.007225879 0.0195817 0.00345378 0.0008570657 0.0009979123 0.001061777 0.008820062 0.001425308 0.05205769 0.003567352 0.004586114 0.001846956 0.001225436 0.003108972 0.0005175887 0.0008509967 0.030656 0.0006447622 0.008582246 0.04338481 0.03691734 0.001405168 0.002284184 0.0002257695 0.0002497976 0.0008238041 0.001179711 0.005640131 0.004934926 0.02432313 0.02053895 0.000509966 0.01166981 0.001303311 0.003125959 0.001974384 0.001426794 0.0009401692 0.00481443 0.009098587 0.02258942 0.0004739969 0.002432496 0.002491505 0.01957565 0.0009825593 0.06197149 0.02712591 0.0002515861 0.001188452 0.0005352384 0.002016915 0.02721805 0.0009335875 0.0004827895 0.001311171 0.01006339 0.003189965 0.005007719 0.02265609 0.001250167 0.0006876075 0.0005845004 0.001214436 0.005378034 0.001090327 0.001357642 0.002540936 0.005056253 0.001479303 0.002298458 0.0005471109 0.000923273 0.0008190284 0.04911253 0.001977507 0.000638869 0.01651475 0.003294955 0.005380107 0.002473174 0.03164642 0.02091188 0.02146359 0.001599606 0.001958868 0.01005194 0.001540477 0.04736761 0.005500026 0.004651754 0.01113075 0.0009025718 0.000465338 0.0004053518 0.0005408925 0.003098122 0.001074796 0.001300863 0.004109088 0.001925326 0.001129861 0.002931418 0.001521546 0.0003298001 0.003939198 0.005475327 0.01216949 0.004635318 0.0006662771 0.009693059 0.002076098 0.0008582188 0.001853782 0.007561487 0.003156756 0.0006458808 0.02254752 0.0008750756 0.01660618 0.0001634352 0.004072578 0.007483491 0.001479638 0.0006505193 0.002151989 0.004407844 0.01982037 0.002079266 0.002527039 0.006053426 0.002264303 0.0006132272 9.810042e-05 0.001204757 0.001442954 0.01560183 0.004370573 0.000803729 0.05810253 0.001014233 0.007368698 0.02412526 0.003699913 0.01646653 0.0008276852 0.001029006 0.001801361 0.0115928 0.002527636 0.0005075507 0.01349646 0.06463735 0.0004059646 0.001562442 0.001167468 0.0007034449 0.006220274 0.006655138 0.04930413 0.01087715 0.001886503 0.003602257 0.006425269 0.002505726 0.000925043 0.001599171 0.0006734852 0.002336277 0.0003701907 0.005823159 0.002888402 0.02891509 0.0006401804 0.0008798669 0.01780369 0.003280207 3.484639e-05 0.02778233 0.03661254 0.005445579 0.001368292 0.0007996861 0.03706932 0.006921442 0.002860134 0.002004473 0.00278688 0.002173434 0.0004015994 0.0006971623 0.001058411 0.001041241 0.01459818 0.003208269 0.001331953 0.007332101 0.01583108 0.008383321 0.01860406 0.0004705845 0.002129147 0.001253975 0.01522179 0.0007566145 0.001220522 0.003086242 0.009319511 0.00127117 0.004274148 0.001277676 0.0003538808 0.0008853695 0.06239962 0.00100975 0.003521095 0.002075231 0.002355034 0.001512575 0.002965362 0.0006908723 0.0006325243 0.0006695243 0.003117796 0.00205538 0.01934227 0.0005649449 0.0006937334 0.0008101317 0.001482007 0.001532497 0.003149549 0.004355743 0.002552068 0.0002341892 0.001307235 0.01452762 0.001914856 0.00433625 0.00240332 0.0008020938 0.001127422 0.001779512 0.007883903 0.0002445539 0.02959797 0.002994536 0.03983953 0.004143799 0.0007271594 0.000748903 0.002426688 0.0007711012 0.007032237 0.005219121 0.001357722 0.04408516 0.0009637842 0.03579654 0.001387685 0.002372608 0.001707221 0.0009134978 0.003201101 0.001449332 0.03175293 0.001235304 0.000251487 0.001513089 0.004669257 0.004505643 0.002393791 0.0003049003 0.002364159 0.001238724 0.000512786 0.0005408018 0.005710404 0.001486087 0.002873089 0.002565882 0.002662379 0.000780725 0.002786078 0.00881434 0.001304759 0.001336445 0.004020943 0.002360013 0.0009222354 0.002284196 0.006342673 0.01474311 0.004957767 0.0053058 0.0006439045 0.0007604153 0.0007970879 0.0006259017 0.00728838 0.0009849411 0.002156776 0.004976191 0.001760721 0.003985045 0.03082911 0.00369589 0.001346348 0.004746671 0.000500239 0.00190896 0.008139349 0.04357494 0.0006667852 0.01405478 0.005923639 0.0006650682 0.0006365475 0.0007802795 0.005110761 0.0009608068 0.00305594 0.0004808863 0.00297025 0.0009932726 0.006677987 0.01638178 0.002649131 0.01011215 0.001172997 0.007109142 0.0006116125 0.0003726481 0.003276493 0.02237874 0.001598512 0.002427262 0.002144952 0.001310565 0.002049789 0.003695258 0.03933065 0.006195978 0.001920023 0.002110238 0.01407231 0.008284197 0.006837916 0.002281487 0.0006677858 0.005764268 0.001180787 0.02084747 0.001243368 0.001544996 0.003696522 0.03353448 0.0008231319 0.0008801183 0.007661094 0.001997468 0.003394058 0.02038315 0.02547354 0.001062171 0.002730804 0.002123533 0.001102863 0.0009032288 0.05656905 0.008102886 0.001781913 0.001177594 0.001438299 0.001184651 0.001660654 0.03777948 0.02012744 0.003857496 0.01368157 0.0008511677 0.002090928 0.001526183 0.004763845 0.0008615999 0.01696025 0.0006978845 0.007940119 0.0004222222 0.001134303 0.01322129 0.007477441 0.01940625 0.001095431 0.001012842 0.003656499 0.005571863 0.0002705729 0.01320293 0.04801908 0.002437326 0.001309149 0.006642217 0.0005185221 0.001181683 0.02007092 0.0038319 0.0004845401 0.0008833052 0.07100586 0.003447136 0.009425472 0.004305643 0.0003861271 0.004029343 0.007803629 0.003872636 0.006754227 0.0006534544 0.00229608 0.0004695737 0.003440492 0.003179512 0.0002451836 0.001171514 0.001019297 0.000436574 0.003914126 0.001298739 0.002060074 0.002742503 0.004954304 0.005685819 0.003307139 0.00910243 0.03316534 0.0006388302 0.03901177 0.0157417 0.003375361 0.00948183 0.003385379 0.0005188989 0.0002628104 0.001201806 0.001089772 0.001446371 0.00161393 0.0002968331 0.004605051 0.003119868 0.001819803 0.001290598 0.001325449 0.01745982 0.002064507 0.002686106 0.004625623 0.004928166 0.0287237 0.008533506 0.0002773171 0.0008220823 0.004122548 0.01052979 0.00461666 0.003869433 0.01420844 0.01540902 0.0002762829 0.0004090293 0.000893791 0.003881501 0.001470756 0.0001932136 0.0008628475 0.01160647 0.001272414 0.0006438181 0.02057609 0.03522647 0.0496112 0.0007477533 0.005957826 0.01561403 0.002748305 0.0009489239 0.00617316 0.009904929 0.0003923032 0.03825022 0.0214227 0.000425036 0.01447333 0.00339229 0.001985981 0.04177211 0.0002745713 0.009837823 0.0005514232 0.00936585 0.001741785 0.0137951 0.0009420427 0.008879301 0.001596966 0.001362429 0.004984627 0.02372474 0.0005343664 0.04021091 0.04288519 0.001443137 0.0007708672 0.001080439 0.003953942 0.007215281 0.001596906 0.005498335 0.01313197 0.001358379 0.0009254409 0.009574447 6.489085e-05 0.0437457 0.001420815 0.003457211 0.01534098 0.01074677 0.02418233 0.05507649 0.0003872303 0.0005225707 0.001916869 0.01196365 0.01008956 0.001680703 0.001423874 0.001478696 0.0012188 0.002711925 0.005476042 0.0008031079 0.0005209649 0.000235898 0.000543043 0.0008529218 0.0003825887 0.004814644 0.001060253 0.0008376557 0.001139511 0.007653818 0.0005619669 0.007553644 0.0003174725 0.0005115906 0.000511181 0.001285212 0.00104584 0.008459148 0.001071755 0.001334973 0.006143785 0.01358863 0.001100837 0.00183666 0.01537923 0.002798493 0.001644011 0.002696241 0.0006478128 0.01871666 0.001103609 0.002073805 0.003192342 0.007686441 0.007472037 0.0007116825 0.002049366 0.007393533 0.001715009 0.0008461777 0.001290677 0.0001698039 0.01807976 0.002416939 0.00118953 0.005927688 0.01587585 0.0008608651 0.04441579 0.008095308 0.001140731 0.0003223136 0.05784224 0.03825022 0.005815699 0.007444118 0.001105933 0.01324477 0.0005002647 0.001032893 0.0004943496 0.00579995 0.008076711 0.006914211 0.001154629 0.00480962 0.003545783 0.03221864 0.004899187 0.006292977 0.004838677 0.001083161 0.004118645 0.0511159 0.001147434 0.009033504 0.01208755 0.003967489 0.003127817 0.001621809 0.004983535 0.004231676 0.000923619 0.005938313 0.01029172 0.04075119 0.004470214 0.002050537 0.002299289 0.002771525 0.001133693 0.03783016 0.008225616 0.0007424027 0.0001428513 0.001724058 0.01708368 0.0006355431 0.009429462 0.0007267013 0.00991725 9.144874e-05 0.007412327 0.0009694842 0.007163312 8.751455e-05 0.01906669 0.00139327 0.00267611 0.005066623 0.0009726291 0.0134624 0.0008968959 0.001822084 0.000429268 0.0007637288 0.003430401 0.002145795 0.004286622 0.006128641 0.001164687 0.002350625 0.001106042 0.0007530789 0.006949332 0.001049196 0.00180502 0.001986323 0.001046808 0.02140588 0.001381123 0.001314706 0.04003384 0.0009984943 0.0003667022 0.005422973 0.01353672 0.002100512 0.001493308 0.0009727727 0.0007890026 0.009921017 0.01874955 0.0007618881 0.002492236 0.02740745 0.002176021 0.001460058 0.002619548 0.001837465 0.008231042 0.0004069522 0.01880983 0.0009289872 0.0004484035 0.0009039954 0.003560694 0.00059723 0.002338397 0.003290184 0.004839796 0.00584913 0.001844788 0.04931973 0.001082991 0.02576783 0.02879065 0.001306939 0.0009133955 0.01090626 0.0004427307 0.0003750982 0.02261241 0.001339915 0.002959382 0.003153726 0.0002293441 0.006355852 0.05445838 0.005107182 0.003527356 0.02217269 0.00256322 0.005865957 0.001774106 0.0006913683 0.002878488 0.008167967 0.004837421 0.01038443 0.02171944 0.01352188 0.002511405 0.00180683 0.002622044 0.000460845 0.0004976474 0.00581375 0.01090866 0.009394267 0.006253453 0.0001661693 0.01359694 0.002089115 0.001387094 0.01673885 0.0006820924 0.03454581 0.001787225 0.002436973 0.002409264 0.01349326 0.002220363 0.01592373 0.0002574464 0.005022095 0.0009555818 0.01555511 0.001080453 0.0004927915 0.0008611505 0.002240666 0.003816192 0.001274624 0.0152164 0.0003510688 0.001110888 0.001112657 0.0007009244 0.003462234 0.06049102 0.003226982 0.02488135 0.003596893 0.0008484265 0.04051975 0.05351392 0.001272636 0.0006648546 0.001048915 0.00351912 0.001663871 0.01314112 0.0004755529 0.003741819 0.003350311 0.002124867 0.002913996 0.006112667 0.003654059 0.002608823 0.0001462786 0.00345469 0.02934309 0.001803597 0.05098597 0.000550721 0.04668111 0.01306429 0.001199627 0.006811035 0.002944372 0.000482419 0.00687146 0.0157354 0.000920656 0.005279595 0.0009514188 0.0007122249 0.0008111485 0.00459143 0.003995039 0.0003013835 0.004819906 0.001026965 0.008948089 0.0004258475 0.01212259 0.001812019 0.0007673372 0.001254901 0.01021962 0.008371631 0.0008731667 0.02965091 0.004525841 0.000470238 0.001695683 0.003838701 0.003524997 0.02795418 0.006725535 0.0003418897 0.001670516 0.02111314 0.001139827 0.00161048 0.007102458 0.005474698 0.001886009 0.0006064682 0.009060504 0.0002665331 0.002825673 0.03640007 0.0001664348 0.001085675 0.004755443 0.008195539 0.01462991 0.0004400997 0.0006104108 0.01230913 0.0005244949 0.0003565943 0.0002713592 0.004008153 0.005867133 0.0008627822 0.01484085 0.001223338 0.03341183 0.0005403651 0.0005900865 0.001712363 0.001914617 0.00832741 0.001903822 0.01510931 0.0001169629 0.02543766 0.003181928 0.0002557375 0.007022377 0.003533213 0.00226721 0.0009807813 0.002982412 0.004001736 0.01031059 0.0002615134 0.0009847763 0.00508602 0.00474963 0.002396504 0.004769409 0.007305309 0.0007470286 0.01632915 0.002192665 0.001032761 0.0003967288 0.0007535052 0.002931591 0.002793376 0.006932867 0.0005189575 0.01963892 0.005678102 0.004862439 0.01066668 0.0006761124 0.01435411 0.00332124 0.0002782948 0.0003248554 0.0005912466 0.02314741 0.001221853 0.002398213 0.02965715 0.03059105 0.0006169399 0.0008792619 0.005287508 0.004254803 0.003977104 0.02082313 0.002205684 0.0246281 0.002807856 0.0008801451 0.0004794308 0.001738718 0.0008357276 0.01102043 0.001264542 0.0006314461 0.01354486 0.0009103451 0.001106841 0.0009657484 0.0008904132 0.0005253707 0.001764197 0.02075402 0.001285987 0.002204296 0.0005092424 0.002281086 0.001212263 0.01658638 0.0124372 0.0007902448 0.001827141 0.001169131 0.001070193 0.0008788109 0.001707892 9.69262e-05 0.01707078 0.001295074 0.0006815018 0.001356735 0.001479779 0.04615956 0.0007224428 0.005370235 0.005953236 0.0005474803 0.004901022 0.0001393176 0.001292412 0.01334776 0.00123567 0.006887648 0.05171764 0.000208633 0.002081142 0.001509258 0.04220696 0.0007512982 0.001686195 0.0006598087 0.001637931 0.007742341 0.04939798 0.004699116 0.05007895 0.0005090754 0.001193925 0.001355349 0.0007638657 0.00118689 0.01164981 2.502532e-05 0.02407886 0.04298539 0.002501495 0.001165086 0.004296192 0.006347077 0.0001474117 0.004880394 0.003040118 0.002136405 0.01130067 0.001908401 0.0009860216 0.00209777 0.006374857 0.006573776 0.002232036 0.0007734061 0.005941442 0.00238584 0.0005581379 0.0009537551 0.001646403 0.007858152 0.0006195116 0.0003937809 0.001131267 0.01671803 0.001051149 0.01393347 0.001022084 0.002412776 0.0008716916 0.0004961781 0.04848437 0.0005647835 0.001053208 0.0003707392 0.003128657 0.0008668597 0.001131549 0.005276736 5.385786e-05 0.001125698 0.001714254 0.0006662821 0.001312736 0.005902568 0.00385756 0.01611444 0.0002589645 0.000109843 0.0005632869 0.01536733 0.007480977 0.006195038 0.002238038 0.0005247201 0.001134577 0.0008393231 0.001885799 0.01614212 0.02331477 0.01806525 0.0008526048 0.003137589 0.0002664407 0.05992582 0.0009893678 0.002230935 0.002864568 0.002175318 0.004022174 0.002380955 0.00367684 0.007913533 0.004144805 0.001869902 0.03413792 0.03489516 0.007346751 0.001191974 0.001914117 0.0007494127 0.003419637 0.003416242 0.0003457783 0.003137404 0.003511708 0.003982457 0.0001603754 0.001628735 0.003373421 0.002055947 0.008261141 0.01352703 0.001352077 0.01260289 0.0004232977 0.0009636188 0.003683979 0.002561351 0.0493408 0.005192243 0.0001386803 0.001143913 0.002154088 0.002966562 0.01172261 0.001212658 0.002526592 0.00109069 0.003650319 0.0004741869 0.002624707 0.02431155 0.0005891604 0.0008686178 0.001687861 0.0003119512 0.002292536 0.001882099 0.0007113153 0.01664539 0.04998538 0.0006775178 0.01583239 0.0008241789 0.001238694 0.01214599 0.009421234 0.017811 0.002198726 0.01432487 0.0009546649 0.001263393 0.001838867 0.01311795 0.00622778 0.03969413 0.00424514 0.0007024631 0.01519573 0.004378535 0.002761911 0.00112319 0.002536786 0.003037414 0.001895769 0.008994667 0.001551092 0.006071661 0.004510403 0.004230968 0.004233734 0.001881415 0.03204931 0.003328379 0.004851211 0.006019569 0.0003663118 0.0006355979 0.001015501 0.000497232 0.01080666 0.03820406 0.001022546 0.02217563 0.0002213171 0.000697712 0.0006411377 0.004595879 0.01928041 0.007833264 0.0008828717 0.003831888 0.04967448 0.001466765 8.824105e-05 0.02401529 0.0003132869 0.003519763 0.001095538 0.001269707 0.04838781 0.002793813 0.003197459 0.004917189 0.01823166 0.003544162 0.02986459 0.0005893706 0.00182177 0.000645848 0.003258403 0.02759506 0.0003249852 0.00459649 0.02383813 0.003585886 0.0005687449 0.002639964 0.0005147373 0.002025026 0.0110393 0.001108502 0.00291446 0.004217694 0.0009721994 0.0003378344 0.001669649 0.002305868 0.000701573 0.00256025 0.003742856 0.002600612 0.0111376 0.001177517 0.02103674 0.0012449 0.002927632 0.001981391 0.004888474 0.01579671 0.03913695 0.0009164957 0.00164404 0.0008102088 0.07364538 0.04409032 0.01021652 0.004001617 0.001356549 0.02254916 0.002853311 0.004171433 0.00221696 0.00309213 0.003552387 0.002824597 0.007976743 0.004662465 0.01395798 0.002311521 0.00182374 0.00207206 0.001401078 2.842168e-05 0.007447499 0.001849622 0.002306232 0.002588737 0.001046254 0.01685795 0.005286089 0.001557083 0.001202966 4.377305e-05 0.0009843278 0.04215745 0.004570752 0.002319796 0.002875683 0.004699358 0.004718753 0.008574568 0.003081662 0.004634428 0.02610066 0.002459197 0.01740277 0.0009549505 0.001514713 0.0009988102 0.01835919 0.008768118 0.005896707 0.0006066246 0.0001200617 0.001871161 0.002580072 0.001031096 0.01040075 0.001033333 0.002776864 0.01164002 0.001008049 0.001059087 0.005119952 0.001135048 0.00826508 0.0002219877 0.0002464336 0.0005343687 0.008001306 0.001523428 0.0007502059 0.001211947 0.001127549 0.009783012 0.0107517 0.0008628034 1.215334e-05 0.0008856262 0.001268774 0.0009989106 0.05645613 0.005386661 0.002223733 0.0004970208 0.00254945 0.00527711 0.0131239 0.004065626 0.01832117 0.007683815 0.001047509 0.01848459 0.0005740491 0.001029103 0.001948836 0.01366025 0.001358264 0.0004135343 0.0005498497 0.01737882 0.002117098 0.002330116 0.0001566346 0.03776824 0.01045968 0.0005415613 0.0005574738 0.003544777 0.0007848678 0.003884313 0.001492784 0.02394321 0.00122594 0.01712627 0.0008853941 0.001693898 0.003536765 0.0009286197 0.0002263982 0.003700638 0.006547209 0.001155165 0.002724648 0.00130052 0.001693407 0.002579884 0.008293574 0.01360277 0.0008499576 0.002137931 0.001205464 0.008253758 0.005880442 0.001597462 0.001554926 0.003458766 0.002051996 0.001778283 0.0008346798 0.0008745116 0.008626794 0.00144593 0.002986197 0.008554358 0.0008109467 0.0002117946 0.002627238 0.0003448145 0.002405195 0.001193397 0.002139396 0.0005634465 0.004121496 0.001960455 0.004433644 0.002125341 0.0001055487 0.005514508 0.002874682 0.001741969 0.007790125 0.002377871 0.003839643 0.05149689 0.0008491325 0.001104198 9.254202e-05 0.002867847 0.003506298 0.01693952 0.001336146 0.0004852416 0.003597839 0.03738248 0.0005150279 0.01827127 0.0005736872 0.003624368 0.008250041 0.01854403 0.001007757 0.0003995158 0.001059568 0.01149347 0.002650679 0.003386815 0.0002536424 0.004092865 0.0008708587 0.001676048 0.000847863 0.0009112904 0.0001244739 0.0005716931 0.0001876188 0.01424882 0.002794016 0.004490207 0.0006975384 0.0243962 0.001270314 0.001244427 0.002995381 0.002015485 0.00140473 0.02162522 0.002694704 0.004912833 0.009212444 0.006295386 0.004397654 0.002987254 0.03825568 0.0005622921 0.001080158 0.001706949 0.007262406 0.00292613 0.003168504 0.004600064 0.007179284 0.006503726 0.001176507 0.005879112 0.00178983 0.0003419047 0.001045656 0.01761228 0.003512823 0.009624341 0.0005029903 0.006556052 0.0005935747 0.01835755 0.003635797 0.01409713 0.01820285 0.01285073 0.001681231 0.001311975 0.001339271 0.0004168194 0.0005496689 0.0009646169 0.04719004 0.005582354 0.002081334 0.007418589 0.007537419 0.004322996 0.01712722 0.0004521488 0.004232492 0.06017559 0.001076095 0.002113092 0.003057475 0.001539914 0.001595935 0.03776027 0.02201486 0.0009858392 0.002099056 0.00124383 0.002080373 0.01336568 0.004976653 0.003799212 0.006421171 0.001958645 0.0009369027 0.0009229988 0.05403673 0.001254166 0.001708121 0.05724332 0.04692447 0.001289956 0.003799653 0.001910212 0.01277113 0.002543133 0.0002122502 0.01531909 0.02940241 0.001296497 0.007123714 0.001952243 0.01453332 0.0138386 0.01329041 0.006085351 0.001271201 0.0009414304 0.003747271 0.0006535471 0.0003133599 0.001908705 0.002605504 0.001919564 0.002917012 0.0003974853 0.04318282 0.005404322 0.001407881 0.00233207 0.001255162 0.0157558 0.001538439 0.001148925 0.006198242 0.003148283 0.01548633 0.006827969 0.009270811 0.001399072 0.003704336 0.0006181573 0.0002213019 0.001378129 0.002214394 0.0009243942 0.01654489 0.002540662 0.006620749 0.01586404 0.003842939 0.01309649 0.001143502 0.05753309 0.0009984836 0.002689794 0.003758268 0.003505836 0.0003847175 0.002156651 0.005685194 0.0003956741 0.005445434 0.003485278 0.000918338 0.008495515 0.001467783 0.02026199 0.0002507486 0.003617479 0.0005484619 0.02798169 0.0005587147 0.004017446 0.0004980416 5.77428e-05 0.001236402 0.001569209 0.02239561 0.0009390463 0.0012352 0.0006408955 0.001440456 0.00103342 0.004293906 0.003468761 0.005694728 0.0002987675 0.0002011671 0.005129987 0.002874742 0.0008438061 0.002234567 0.003581728 0.005656169 0.003078848 0.0006153989 0.0004590267 0.001124739 0.002923694 0.000379554 0.01175761 0.001048199 0.002265568 0.001379133 0.001111867 0.01978665 0.001609552 0.001477433 0.06050513 0.003681831 0.00561139 0.001474558 0.005261555 0.003416092 0.0136573 0.0005402612 0.0004662055 0.003305016 0.001557796 0.0009372429 0.004404786 0.02303771 0.002311621 0.002932006 0.002938085 0.0008270934 0.002103442 0.001185165 0.0006700224 0.008983759 0.00881019 0.001225378 0.0003634735 0.0009901522 0.002491963 0.0008198478 0.002005044 0.004473708 0.01482533 0.002411383 0.02003788 0.01360074 0.0009011543 0.00216584 0.003074008 0.003673684 0.001112712 0.001179983 0.0008428431 0.000666622 0.000826638 0.002228448 0.002144749 0.003014647 0.002509719 0.0044728 0.0006605699 0.006602892 0.001115141 0.007877571 0.0340312 0.001593917 0.008171893 0.002093849 0.005379068 0.001307919 0.0004106686 0.004062541 0.003440151 0.0006925614 0.001484561 0.002243779 0.0003782405 0.002084062 0.008650804 0.01378623 0.03600932 0.007052591 0.002407692 0.002139367 0.00133248 0.02543471 0.001843765 0.002970979 0.0002143239 0.0008535443 0.002049064 0.002374237 0.0006372972 0.001198344 0.0007272335 0.001083214 0.02237257 0.02760468 0.000811573 0.008768221 0.002931709 0.01300375 0.002762396 0.0008237827 0.0009251298 0.01186706 0.006516129 0.002738949 0.001178546 0.0118205 0.001248741 0.001678818 0.005047099 0.0009949498 0.0007885055 0.01701589 0.001065723 0.02100451 0.001532551 0.001086307 0.02500931 0.002267478 0.0002973796 0.00791972 0.00179415 0.000816424 0.002589621 0.004995359 0.0009925666 0.000171833 0.0003703481 0.001100257 0.0002037578 0.003731842 0.001068536 0.000970378 0.000785634 0.02969912 0.009988023 0.0003659838 0.001018302 0.01173862 0.0009507073 0.009589471 0.0004477821 0.003343052 0.05310249 0.005719913 0.001171171 0.04435905 0.004144848 0.01733518 0.003503769 0.0001784533 0.0007241638 0.001273528 0.005512109 0.00606345 0.001847753 0.0001973187 0.0004303304 0.06379219 0.001026678 0.02687337 0.006724199 0.04200129 0.00193872 0.016726 0.008812948 0.003445611 0.001845902 0.003618107 0.003254584 0.002017035 0.0004505699 0.001524813 0.005463488 0.002171219 0.005260924 0.0004667282 0.00136157 0.0001132931 0.002339872 7.503741e-05 0.00199124 0.001732162 0.006409373 0.002206823 0.001943647 0.003536416 0.04823434 0.00356248 0.002358672 0.07493006 0.007983021 0.01075531 0.001183308 0.005752724 0.004062783 0.001722021 0.001911306 0.004434521 0.01890156 0.0009814821 0.0005257276 0.0008420431 0.004115251 0.001048778 0.001590135 0.003447622 0.001743507 0.008910784 0.001019218 0.0017066 0.02432176 0.005731424 0.02076588 0.0341725 0.00131555 0.0004319009 0.002073262 0.002307884 0.01186092 0.03835253 0.001832979 0.0006052165 0.003023987 0.0005133773 0.01336995 0.002306963 0.005306729 0.007631262 0.01459487 0.01896565 0.00199754 0.005525859 0.002597924 0.002518588 0.0005516481 0.0007948009 0.002395848 0.0005152512 0.004156846 0.000911031 0.002572547 0.0007540929 0.003389125 0.002794885 0.006193254 0.0241047 0.002222295 0.0003633547 0.001753838 0.00117238 0.005904456 0.000548243 0.0008819797 0.001344601 0.006488752 0.007365962 0.002509273 0.01115108 0.002755241 0.002547077 0.0002451533 0.01165016 0.01596919 0.0007106031 0.002018713 0.001032233 0.01519369 0.004264512 0.002579882 0.0008451453 0.004108537 0.0001478451 0.001033242 0.001599832 0.0009244335 0.0003817994 0.0007706804 0.0004625826 0.0005894488 0.0108716 0.0005306127 0.0003652739 0.01491697 0.0008404024 0.0007223085 0.01009418 0.00211246 0.005167419 0.005484764 0.001144053 0.002159346 0.003038166 0.001120946 0.002392956 0.03373073 0.001924492 0.000357108 0.002083215 0.005804851 0.003751461 0.01285412 0.006332253 0.005336131 0.0006047688 0.01097078 0.002821236 0.002215783 0.001442052 0.006010951 0.001553128 0.03340619 0.002483976 0.006207023 0.007641537 0.0008504884 0.00386828 0.04259682 0.001241897 0.0003281746 0.001272777 0.01328732 0.00113817 0.00290076 0.0008215399 0.001694853 0.01382797 0.005883629 0.004266341 0.001724329 0.002284706 0.0004841708 0.001383978 0.007981979 0.002832556 0.04504772 0.0007855279 0.0005699064 0.001728105 0.0006579267 0.002508345 0.0003724602 0.001622615 0.002936394 0.001093435 0.04387677 0.004125352 0.0003721296 0.002297058 0.006397152 0.004335953 0.03746547 0.002013229 0.01027615 0.0005741069 0.00864353 0.007488739 0.0241912 0.004303164 0.02226981 0.005076915 0.0001594671 0.04931878 7.187066e-05 0.0008371186 0.00391476 0.00864366 0.0003037241 0.001568506 0.0009157403 0.00408706 0.02455972 0.0008150566 0.008853981 0.0003205613 0.06142876 0.0006295593 0.01380588 0.001743173 0.005310955 0.001608522 0.0008940132 0.02842234 0.002617459 0.004192361 0.0007509732 0.001221287 0.0008236743 0.003375956 0.001465147 0.0004902274 0.005736699 0.02221091 0.006935598 0.002339433 0.001571649 0.0153273 0.000712113 0.000606616 0.01386741 0.0006704157 0.007963742 0.002842586 0.0006078497 0.003559428 0.00379667 0.03131605 0.01605619 0.02832315 0.01450983 0.009306108 0.001299951 0.003851141 0.001487875 0.005053626 0.001587942 0.001665065 0.0005779638 0.0005044921 0.00196582 0.003146364 0.001109504 0.009166624 0.0008811563 0.001720952 0.01791824 0.003419271 0.001056742 0.04064845 0.01294545 0.002929647 0.004173767 0.002164584 0.0009655639 0.004890429 0.001052663 0.01593434 0.004460128 0.002412777 0.0007886158 0.001642788 0.001043462 0.001666959 0.003119551 0.002062521 0.001662507 0.014612 0.00194299 0.0007519649 0.000439536 0.005093417 0.00396486 0.008302629 0.00235205 0.0008999961 0.001999283 0.00088914 0.01592728 0.08600525 0.04436424 0.01448305 0.001368237 0.003269061 0.00207572 0.001602185 0.001902268 0.002884629 0.001272383 0.0001843932 0.004031684 0.001008592 0.0005591687 0.000870507 0.000790889 0.0009348904 0.02494608 0.001020718 0.02628412 0.001938161 0.02428954 0.001173064 0.0009250183 0.001475201 0.03992094 0.001644255 0.000203875 0.0004519137 0.0005698256 0.001144841 0.01293919 0.000735969 0.0008392872 0.0001684893 0.001868761 0.0008958601 0.03514984 0.0004570152 0.001414478 0.005652782 0.003490771 0.003577631 0.007815566 0.003707258 0.0534501 0.009870254 0.01271097 0.002587727 0.03001974 0.004335648 0.003524757 0.001353435 0.001282108 0.01115523 0.007484735 0.01704745 0.004793399 0.0007309621 0.0001144572 0.002851269 0.0003920225 0.005112276 0.0004836292 0.01023788 0.002000615 9.596637e-05 0.001145633 0.00121727 0.003499274 0.01764965 0.005032043 0.004905979 0.0347023 0.002806635 0.002652372 0.005823065 0.00285305 0.0009978021 0.002184342 0.01419194 0.005230702 0.00151563 0.004423863 0.01751211 0.000829873 0.002310658 0.0005304979 0.0002623494 0.0009223847 0.0003483491 0.002259954 0.003741583 0.009337995 0.001590045 0.008796512 0.00585484 0.001352764 0.007063694 0.0009341575 0.002417839 0.002900464 0.00169746 0.03341485 0.001911149 0.00504659 0.01610943 0.0001059598 0.006391262 0.02452556 0.05060052 0.02552723 0.008202594 0.001096887 0.00206779 0.004447052 0.001663196 0.001924307 0.0007353418 0.001022516 0.002796614 0.01844053 0.001290007 0.01131676 0.001118993 0.006403642 0.005591704 0.006086057 0.001114639 0.0008304605 0.0005630667 0.0026132 0.01890317 0.002808512 0.001175245 0.01052688 0.0009376528 0.00311243 0.002835772 0.002100846 0.001267443 0.0005297739 0.01435949 0.00413562 0.0003206616 0.004776399 0.02490959 0.0008752567 0.0141476 0.001135768 0.0009869789 0.002795615 0.003025243 0.00137441 0.005813491 0.00426604 0.01157462 0.001666569 0.001340052 0.002123319 0.002653345 0.03158696 0.001120904 0.0003940217 0.005495463 0.003685609 0.0008080254 0.002178955 0.01280022 0.000313805 0.000524015 0.002637615 0.0009204456 0.03354067 0.001053421 0.001007093 0.001271054 0.002279549 0.001051666 0.04168225 0.000795383 0.001011853 0.01712906 0.001846712 0.003007575 0.002875702 0.01036729 0.04670056 0.0003096368 0.02452803 0.002159991 0.001928136 0.001166928 0.0009717797 0.03263784 0.002074908 0.01241785 0.004018704 0.005389478 0.003701707 0.01539926 0.0185167 0.0003242463 0.001387564 0.005391384 0.0003463122 0.02383178 0.002635021 0.005049596 0.0319458 0.009886735 0.002028105 0.004278099 0.001674242 0.002657462 0.003605986 0.003853996 0.002031533 0.00242265 0.007360164 0.001222055 4.188239e-05 0.0010255 0.07673754 0.001300878 0.01005863 0.001288629 0.001200655 0.01388243 0.0004378764 0.001202688 0.008464933 0.04913528 0.00282641 0.0002135484 0.01359291 0.0005396466 0.005146663 0.0003955599 0.008077566 0.004725284 0.0004337125 0.06547491 0.00359713 0.002206258 0.002357969 0.001727504 0.04937829 0.003083183 0.001407237 0.001299563 0.001246354 0.002970726 0.002334845 0.002700634 0.0104449 0.0008815018 0.003800628 0.004897651 0.001141378 0.003369561 0.006069676 0.0009369173 0.0006414378 0.005040308 0.001326778 0.01475929 0.002566314 0.0007888004 0.00126946 0.009208217 0.006122886 0.0008446432 0.0004434271 0.04454223 0.0004250512 0.001066913 0.00263803 0.001352602 0.0008370242 0.02636445 0.001445246 0.001012005 0.004950472 0.001035293 0.004924859 0.002971597 0.001022717 0.0002959772 0.007288684 0.01754635 0.0008367978 0.002191012 0.0007397415 0.00714831 0.004831601 0.006176557 0.001786214 0.001032668 0.001752124 0.002586045 0.003860285 0.008543815 0.001282672 0.03251245 0.0006507182 0.007799753 0.003803411 0.002470367 0.001047084 0.01736769 0.003867656 0.0005046027 0.0002868015 0.006511042 0.001317185 0.004718847 0.003637256 0.004444319 0.00252037 0.001817439 0.002009255 0.001572054 0.0006967284 0.01359656 0.008934719 0.003949269 0.008538014 0.002274175 0.02789473 0.0001911831 0.001112145 0.001827312 0.001293169 0.01673646 0.002353221 0.001775044 0.00282558 0.02992087 0.008025773 0.0007191219 0.003713608 0.001768688 0.001085088 0.0001871082 0.004984864 0.01668333 0.002030349 0.0009716131 0.003476053 0.002309635 0.00412958 0.02749722 0.01019367 0.0008399829 0.006948357 0.01451709 0.001495412 0.03538223 0.04387235 0.002176815 0.001959596 0.006020457 0.00242745 0.000708604 0.0002294697 0.02637361 0.0003928215 0.001123033 0.03621269 0.03196188 0.002154364 0.008703795 0.01060849 0.01357767 0.006120046 0.0009989113 0.01102524 0.000245749 0.02551189 0.0001779799 0.0003633882 0.001230477 0.004431614 0.005212291 0.01931904 0.002497072 0.00260057 0.02793055 0.0009462305 0.001369038 0.0005756995 0.01746455 0.006274948 0.0005675216 0.0005376153 0.01745033 0.001830793 0.01061072 0.0104325 0.000756567 0.00105272 0.001414873 0.01807509 0.002250003 0.002019034 0.002927912 0.001815599 0.001646106 0.005318985 0.03620982 0.006399062 0.04377108 0.007298596 0.007951505 0.006707404 0.01410607 0.002235136 0.001241481 0.001293219 0.0007570771 0.02428689 0.002612015 0.002169797 0.006653726 0.002591688 0.007527335 0.03379027 0.009633687 0.000211372 0.003427163 0.00227413 0.001046472 0.001356509 0.0005818178 0.0007214524 0.003935916 0.001536944 0.01421895 0.0008017455 0.006318601 0.0048008 0.001599135 0.005670073 0.01197667 0.06697907 0.003061713 0.002030418 0.0007804892 0.005130359 0.001415648 0.006748771 0.03647249 0.00379979 0.002719754 0.002909088 0.002109275 0.003184341 0.003517463 0.004580186 0.007916062 0.001375585 0.001700078 0.001271071 0.001136149 0.02164589 0.001882052 0.00148002 0.0003397954 0.0004166415 0.01836411 0.0009878516 0.001707299 0.001040136 0.001178639 0.003168397 0.001379276 0.0002704045 0.001639287 0.0007956804 0.002504232 0.001433443 0.005544037 0.0005769506 0.005431799 0.008799856 0.001083376 0.0147459 0.01875207 0.001036805 0.0003203182 0.002495873 0.0002217802 0.002347804 0.003546903 0.02813562 0.01841268 0.03862123 0.0007170699 0.01722743 0.001939547 0.001378642 0.001242063 0.004206307 0.001852891 0.0002173096 0.002780426 0.001947949 0.002476448 0.005998314 0.0325546 0.001938491 0.004202299 0.002560885 0.002899453 0.01042728 0.002945733 0.01024898 0.002156903 0.01424686 0.0005940633 0.0007549713 0.009936749 0.0006049293 0.03697114 0.001475176 0.0009970653 0.0004173413 0.004091057 0.006180763 0.003216245 0.0004169801 0.003731841 0.00492979 0.001240982 0.003358755 0.00156727 0.0009017977 0.001154213 0.0009022761 0.0006186311 0.003094901 0.005096236 0.002492407 0.005391452 0.001415493 0.002641749 0.002756052 0.001324848 0.001289795 0.02945888 0.00133641 0.007298881 0.002107908 0.001586664 0.001059565 0.001766975 0.004439297 0.01397991 0.001197313 0.005142345 0.004112971 0.001609641 0.0006047092 0.01561837 0.005076462 0.001385411 0.006666127 0.001861093 0.009166854 0.005295115 0.02073351 0.0006753656 0.01924299 0.006611243 0.002214166 0.0004004853 0.02765487 0.05706051 0.01466085 0.008528328 0.0008163698 0.003569939 0.005014758 0.001357981 0.01270571 0.00403616 0.0006803204 0.001842194 0.006396793 0.00710527 0.01936784 0.00280909 0.0009969133 0.0007742177 0.002252191 0.001301708 0.002513385 0.002019207 0.008364735 0.000256706 0.0002537175 0.01028173 0.0007657135 0.02141405 0.0007287212 0.004177822 0.04763981 0.0007210739 0.003601184 0.0006622172 0.01066785 0.0007077081 0.002785809 0.002429024 0.02259556 0.0008196703 0.01523576 0.01457383 0.001514429 0.004001265 0.003969432 0.001215436 0.0002488268 0.01389732 0.008347843 0.003098582 0.0007665447 0.01378853 0.003444114 0.007463598 0.001231632 0.002452626 0.0001023079 0.001050891 0.001238505 0.001443265 0.01246567 0.00234221 0.003370274 0.002044236 0.0007421896 0.0007821089 0.0005473749 0.001583808 0.0007235481 0.05241432 0.002368337 0.0008348855 0.003596427 0.000552942 0.02326067 0.0484684 0.003963286 0.001279829 0.004072946 0.002358623 0.003769292 0.002402159 0.0009626776 0.001012318 0.04997741 0.001151344 0.0005136096 0.001821964 2.587441e-05 0.006379093 0.05418885 0.01216146 0.01481056 0.0034016 0.0004585409 0.0001633892 0.0007137498 0.00101356 0.0006071143 0.0005269637 0.0005106428 0.0004260663 0.01349899 0.001674144 0.02398315 0.04609002 0.001374475 5.31778e-05 0.001065278 0.01842325 0.01503092 0.0007244003 0.0007058057 0.002074729 0.01616744 0.003604436 0.002827114 0.0006597653 0.02990285 0.001756374 0.003448494 0.001858936 0.006477824 0.003230555 0.001351605 0.02117167 0.01157324 0.001257954 0.00106634 0.005119367 0.000758488 0.00385519 0.001195056 0.0029869 0.02031035 0.000943845 0.0007620118 0.0009910534 0.001213428 0.01143624 0.0005588942 0.03117376 0.003672699 0.0004463293 0.01158084 0.000357398 0.001218592 0.01222596 0.01166694 0.001260971 0.001384865 0.002960479 0.00100694 0.00251699 0.004786706 0.001111905 0.001597354 0.0378126 0.0009823259 0.004601479 0.001286233 0.001772771 0.002620136 0.01048302 0.0002707364 0.0003731498 0.005039656 0.001021103 0.008042748 0.001287306 0.002733693 0.003917556 0.002141985 0.001255714 0.008038894 0.0006242238 0.0005033012 0.0006909536 0.006590988 0.002729071 0.000587267 0.02555666 0.006421164 0.01240266 0.0003006326 0.01177329 0.001525191 0.01185004 0.001266747 0.01078785 0.0013119 0.003772059 0.0003464051 0.001365245 0.0007503743 0.001575076 0.003577927 0.003883584 0.001190321 0.001280564 0.0004914435 0.005588803 0.003378246 0.003636027 0.005121333 0.02883948 0.04126751 0.00250184 0.001037515 0.001302356 0.009943221 0.001099227 0.001121437 0.009719091 0.01850658 0.001105404 0.01030078 0.0002880566 0.002342472 0.0003598268 0.001494703 0.005654724 0.002192056 0.001231465 0.004359363 0.001060831 0.01024272 0.01552025 0.0006915393 0.00175221 0.01583269 0.0003270991 0.001433435 0.07123186 0.009568073 0.003388691 0.0009363595 0.0003448956 0.0001471978 0.01433322 0.0007264494 0.01558925 0.0009557963 0.02285499 0.002768599 0.002843144 0.0008720397 0.0004810913 0.001948084 0.001119441 0.003505566 0.001151909 0.01414618 0.001108624 0.001347212 0.01342327 0.001490711 0.01235154 0.001460438 0.001610016 0.001447252 0.0008967323 0.001624489 0.001844487 0.001549656 0.006615502 0.001391149 0.0009088767 0.004135477 0.002451053 0.0007793104 0.008571522 0.0005988118 0.003953283 0.001364155 0.0005773664 0.001074937 0.01759333 0.004451802 0.004025784 0.0374079 0.001029655 0.0005027983 0.04680178 0.0004102988 0.01752651 0.0006149509 0.01593573 0.0007558268 0.001660681 0.00115494 0.003763837 0.02644279 0.001009307 0.001026579 0.001873497 0.002341841 0.0007742626 0.0006286782 0.0005910136 0.00222047 0.004721566 0.001903564 0.0008946225 0.01005 0.002722975 0.019827 0.004076078 0.0009950491 0.01072334 0.002994938 0.001982342 0.0002256549 0.004466477 0.0008099835 0.0005026594 0.003364205 0.003619504 0.00401843 0.001248116 0.002589782 0.0604945 0.0006353646 0.000712231 0.002833057 0.01341395 0.002881865 0.01279216 0.008127998 0.0112597 0.01380163 0.006252571 0.01782389 0.00612862 0.008979977 0.0008714575 0.03557367 0.002096643 0.0009853704 0.003008235 0.0159302 0.005631545 0.0001508815 0.001271771 0.001745385 0.02604292 0.01628091 0.002299249 0.02174736 0.0005587962 0.01187251 0.00364561 0.0005825939 0.004871519 0.00056909 0.0007246622 0.01455006 0.002291208 0.002277264 0.000372215 0.001198782 0.009458719 0.00193995 0.02184152 0.00824742 0.001365245 0.001144013 0.01266221 0.0004399847 0.005030433 0.002918214 0.0001098972 0.007259376 0.001212232 0.006328601 0.00348801 0.04486616 0.004069074 0.002281828 0.02569667 0.002744832 0.003994713 0.01157735 0.0003383015 0.001558137 0.0007776011 9.206335e-05 0.003694549 0.003043301 0.00432742 0.003978656 0.0002199891 0.0007147057 0.001747453 0.0167191 0.01528896 0.002290823 0.02894926 0.00433107 0.03209284 0.002666825 0.008609441 0.04605515 0.01081649 0.003509301 0.005433431 0.001528347 0.003278937 0.002591706 0.003243548 0.001549877 0.000941518 0.001609721 0.0006804724 0.0007355216 0.04467024 0.001164105 0.005672083 0.00363335 0.0009215869 0.0008652097 0.04197827 0.04655382 0.01026358 0.001918856 0.005131464 0.00105237 0.001550397 0.05355085 0.001204791 0.003219585 0.001099685 0.0008616194 0.000851537 0.002012157 0.003113806 0.001141828 0.00276311 0.008258891 0.001318128 0.001790692 0.00139976 0.004221812 0.001351811 0.003207188 0.008501526 0.003759132 0.003948084 0.001527456 0.03726819 0.00619334 0.007527021 0.002388925 0.005770335 0.001711157 0.0009748449 0.01625551 0.0003026896 0.01340059 0.00553891 0.001749575 0.0006445356 0.00201582 0.001534456 0.004197245 0.006601635 0.002698848 0.005060256 0.0008542899 0.002066053 0.0005843409 0.001798783 0.01739784 0.006633242 0.0009450166 0.009201952 0.01617197 0.0006089374 0.00118742 0.001287031 0.001839313 0.01515574 0.003792693 0.004080764 0.0124981 0.0007377267 0.004567454 0.0009669888 0.0003689752 0.0005996496 0.01486422 0.0007177581 0.003007249 0.0005470832 0.001438981 0.0005567138 0.001033998 0.001035963 0.003316954 0.00281644 0.001646278 0.0007277164 0.01183011 0.001209176 0.001335455 0.00103696 0.003305138 0.001218091 0.0009187807 0.0002918875 0.002622392 0.0008435249 0.0004444971 0.005489881 0.002208288 0.004904466 0.01295914 0.00369781 0.008836801 0.00405757 0.0005724449 0.002541497 0.0007748934 0.0007715496 0.01218005 0.01177553 0.02902167 0.0006114886 0.006995677 0.01034104 0.001112123 0.01410444 0.005024731 0.002997852 0.003439499 0.001496952 0.0007560439 0.001506358 0.007635497 0.006347523 0.001585958 0.0005413763 0.002466061 0.001332533 0.002617924 0.03053503 0.009454252 0.003893762 0.001725678 0.004828237 0.007411464 0.001149965 0.003406693 0.01282076 0.002058645 0.0043551 0.00551044 0.005822913 0.001931166 0.0004949303 0.003104887 0.02276294 0.0003392958 0.004202796 0.004043881 0.000748424 0.002028534 0.0003990614 0.0005241985 0.0003050028 0.01077128 0.000967801 0.0001376019 0.01323845 0.003221951 0.000590453 0.0002831909 0.01914048 0.00503744 0.001402617 0.01651576 0.003118264 0.01763456 0.03419627 0.0009039611 0.007868141 0.003870371 0.0003570595 0.00735309 0.003037237 0.006268024 0.000875849 0.001954102 0.005613179 0.004559482 0.0005471575 0.001339019 0.001290891 0.001854794 0.0002718548 0.0002966215 0.001824138 0.001096657 0.003382792 0.001100191 0.001235377 0.0006637455 0.0053022 0.0005491572 0.00218929 0.0005187074 0.0003708612 0.001578205 0.0008453562 0.007407949 0.0004019015 0.01171303 0.008884132 0.0002763516 0.005159484 0.001137149 0.01742092 0.009268177 0.001663847 0.0003833448 0.001007023 0.01237305 0.003454542 0.003131224 0.001482221 0.004868792 0.003728197 0.02383746 0.00556343 0.004295456 0.0005136862 0.05125152 0.003930668 0.001715077 0.0009522311 0.02532355 0.01051167 0.005449312 0.0004353469 0.02345203 0.002602196 0.00119388 0.004598939 0.001559778 0.005404019 0.01778993 0.0118177 0.008852294 0.0008838261 0.004141125 0.00125226 0.003513974 0.01111981 0.001405261 0.01231377 0.008576692 0.008127343 0.0005870527 0.001788939 0.003212104 0.0005237109 0.001210624 0.0008989752 0.003600309 0.002222203 0.002592067 0.003066316 0.01903483 0.0003424091 0.0009413121 0.02038749 0.03217111 0.0008446216 0.01204854 0.003500426 0.0008879352 0.0004598266 0.008345497 0.0006147582 0.007523657 0.001712322 0.00167613 0.01388005 0.0003372241 0.002895939 0.005029289 0.004877136 0.0009618705 0.001749309 0.0009026437 0.002450712 0.000428631 0.005170663 0.001505118 0.0003440372 0.001115361 0.008385829 0.006594884 0.008274757 0.0547157 0.008985694 0.001788919 0.02681106 0.01855578 0.0006252523 0.01282245 0.001952746 0.001012742 0.01756087 0.002021348 0.009763273 0.00076177 0.0001920794 0.0007168344 0.00845855 0.0005179212 0.007083375 0.002306751 0.002467338 0.001080093 0.0005978078 0.002877172 0.007204309 0.001296811 0.0004955843 0.03609639 0.001093133 0.003285458 0.01340133 0.004672549 0.003823514 0.002939303 0.003619684 0.0009753593 0.003571582 0.001681324 0.001378551 0.008873564 0.001247783 0.002382546 0.0241032 0.004979411 0.01132305 0.0007201186 0.0006365448 0.002409111 0.001182237 0.001069003 0.00733131 0.0009130707 0.003225194 0.008109516 0.006196607 0.003911686 0.001255231 0.001143791 0.004137097 0.00464971 0.0008963915 0.05404857 0.002501644 0.001905803 0.0001731279 0.0004451738 0.009098801 0.006571473 0.001063363 0.0359362 0.006690603 0.00673126 0.0007539862 0.0006913946 0.02643231 0.002117649 0.0007685989 0.04339648 0.003671876 0.001323773 0.002957594 0.002124077 0.0005850613 0.02924601 0.002484024 0.00350706 0.0001362519 0.001793152 0.0004837885 0.0006085374 0.01289078 0.009441082 0.01726043 0.002271986 0.0008063622 0.004430355 0.01392295 0.00466619 0.006228857 0.01885388 0.00341438 0.0241116 0.0138354 0.0001171414 0.005959499 0.002280741 0.003149227 0.0004467977 0.005578462 0.001315473 0.003565745 0.001299755 0.0009844237 0.00205695 0.002243721 0.03272683 0.0003133643 0.0008748575 0.0008805429 0.0004498802 0.001208887 0.001041292 0.0004133005 0.0005766668 0.01098994 0.003143148 0.001555756 0.001017948 0.01576719 0.006285143 0.008019361 0.005081805 0.000528541 0.03086876 0.002561425 0.002612664 0.002877255 0.002621746 0.001920041 0.02147377 0.002107496 0.02924494 0.003705883 0.00207511 0.004033099 0.0008200671 0.01254549 0.009609811 0.02492464 0.000491658 0.002520281 0.00136382 0.006801012 0.003216721 0.002775955 0.005377798 0.0002109594 0.0002879138 0.002952658 0.000530468 0.001430302 0.0002736207 0.004457495 0.0004549865 0.001070755 0.02133461 0.0007525802 0.0009874109 0.0005498243 0.0009254555 0.001971846 0.001313134 0.00118151 0.0007464109 0.004317007 0.001564827 0.001727397 0.03213064 0.0007079876 0.007305134 0.003618401 0.001626617 0.001612814 0.007727028 0.001282654 0.02305704 0.001978307 0.004805187 0.001392172 0.001142925 0.002221369 0.0007267372 0.0002709935 0.001083562 0.001656855 0.00162081 0.05473369 0.00154756 0.02399716 0.0009010763 0.0504399 0.0008034269 0.006386933 0.001128821 0.001507007 0.001698201 0.001075932 0.01244581 0.0009453088 0.0006585962 0.00839971 0.0003437362 0.02080513 0.03715886 0.01438515 0.0005443878 0.002841584 0.0001504235 0.0005678498 0.001457 0.0004211854 0.009805776 0.001053371 0.002160216 0.003703967 0.0007824539 0.001031286 0.008763877 0.0009538003 0.003779556 0.006700642 0.002774761 0.0009867934 0.01489982 0.01707837 0.0011509 0.0004837324 0.04513399 0.002728742 0.0009083006 0.000357096 0.02712392 0.001261355 0.02958364 0.001797399 0.01384116 0.003732607 0.00536886 0.0002081768 0.009447074 0.028986 0.0081744 0.02979818 0.0003585042 0.0007306484 0.01283871 0.001089224 0.0009629036 0.01347818 0.01199227 0.0007013273 0.0004394355 0.002620292 0.001818382 0.001571346 0.0006045059 0.001726698 0.0005485663 0.01047124 0.0009604503 0.002770776 0.001177309 0.00184695 0.002653603 0.00315831 0.002233703 0.0001610653 0.0125187 0.000606408 0.0275131 0.006519413 0.001078906 0.002087807 0.001727898 0.002991732 0.00303555 0.001197394 0.002829724 0.001109182 0.0004460443 0.01751892 0.01969768 0.006519015 0.005426685 0.0005840477 0.0001348449 0.01056761 0.0005315425 0.001071444 0.002631532 0.001100952 0.001103376 0.001185927 0.001920185 0.0009401524 0.000996462 0.02370232 0.002759425 0.002255132 0.001960361 0.009590534 0.001535007 0.009441141 0.04948274 0.001776198 0.001024105 0.005931458 0.04137633 0.001466991 0.000466201 0.0002559791 0.000149599 0.005143949 0.0008689263 0.0007553493 0.003930173 0.0005162515 0.02283679 0.001689518 0.003826637 0.002641388 0.002538869 0.01851346 0.008271029 0.03059242 0.0002143655 0.01523808 0.00118623 0.0517489 0.01108165 0.00206994 0.006956187 0.0003592163 0.0006584067 0.03308686 0.002800683 0.0001932816 0.0009523918 0.001651025 0.002594505 0.0008355862 0.001999727 0.01207093 0.02095377 0.0005271368 0.001660363 0.0004570069 0.01505601 0.0009804753 0.002390339 0.005602731 0.001952418 0.002459398 0.00329536 0.001528228 0.005729872 0.002683437 0.004222549 0.01502346 0.004706851 0.004031039 0.001104351 0.001632012 0.0003823272 0.001196534 0.0004286615 0.007279904 0.003593959 0.001621873 0.001319036 0.001455306 0.008314018 0.006619711 0.009925444 0.003215771 0.004216752 0.0009708201 0.0001363635 0.008817725 0.01641355 0.0005695871 0.008871303 0.01301685 0.002725474 0.07605767 0.01807946 0.004863574 0.0002001113 0.001548434 0.004390016 0.00106652 0.0004446088 0.008599802 0.0013063 0.0009897377 0.00420658 0.007096857 0.002743457 0.009066232 0.0008305942 0.00371933 0.001304229 0.001077932 0.0008302994 0.0007577116 0.04811566 0.003385554 0.001927849 0.004945514 0.002399513 0.003365483 0.013492 0.03369273 0.01399125 0.001438904 0.002221348 0.003469856 0.001477128 0.005686943 0.005774362 0.008703705 0.0004671821 0.0009102566 0.0003537869 0.0002872987 0.005293388 0.009719187 0.03983802 0.01836837 0.002832815 0.001257095 0.01898807 0.005927179 0.003805318 0.001560898 0.003618118 0.0005812831 0.001318043 0.009250853 0.001157848 0.007918034 0.006100316 0.001848624 0.002286494 0.003676035 0.002248522 0.0005261041 0.00579825 0.003361109 0.002105951 0.001575507 0.04406311 0.01752143 0.0102132 0.0008469307 0.002057595 0.001943722 0.003009022 0.001183336 0.001078299 0.0006239424 0.001589149 0.0009898746 0.001537817 0.0006203813 0.0001351094 0.001571184 0.0004703208 0.03749827 0.00352756 0.0003320444 0.04419397 0.003789314 0.02146593 0.001772091 0.000522704 0.0003927551 0.0005413937 0.002385885 0.0007039377 0.003060222 0.001091736 0.001428348 0.002216095 0.001133585 0.0006759472 0.006158443 0.01224891 0.01064441 0.009924632 0.001136421 0.002363018 0.05487317 0.0006943403 0.008510647 0.004818729 0.005509709 0.0005363989 0.005953737 0.007262958 0.004612642 0.0005403525 0.001105444 0.01507957 0.0009518563 0.02550007 0.001422408 0.0004830766 0.003488192 0.0003993505 0.003368363 0.04209359 0.00352783 0.04167314 0.003970272 0.00103133 0.004075318 0.001033077 0.0001274105 0.01915632 0.00605158 0.04631801 0.0007329891 0.00108989 0.009699835 0.001827517 0.002203248 0.004117257 0.01089236 0.0008282858 0.005385331 0.01677494 0.001173378 0.001828346 0.004184216 0.0005733129 0.0007351964 0.00109857 0.0113823 0.01038727 0.003160434 0.02174536 0.005276073 0.05770996 0.02050236 0.04434829 0.005703819 0.004746543 0.001172403 0.0003052415 0.03625802 0.0002366841 0.007731872 0.0008150212 0.01075982 0.005734145 0.002320788 0.004858084 0.01397805 0.0002832247 0.001178953 0.001265884 0.06094857 0.0004780929 0.0005207051 0.0006273628 0.001328433 0.004693839 0.0002511209 0.00214654 0.0007454643 0.005494337 0.001549477 0.0178867 0.02630825 0.001031989 0.003400763 0.01396312 0.0009864166 0.0007270952 0.0005186999 0.002444142 0.01936529 0.001200473 0.002318087 0.01340449 0.001308445 0.001507649 0.001298461 0.001178654 0.001342812 0.0002576102 0.002356175 0.008739855 0.04474669 0.001493782 0.0009990199 0.03574158 0.01061626 0.007232847 0.001550205 0.03039333 0.02199199 0.0005815148 0.0002044703 0.0009630476 0.002434626 0.001303227 0.0066941 0.001979413 0.001754798 0.02238505 0.0009318727 0.00157577 0.03095783 0.005113233 0.001040612 0.001501497 0.02090995 0.0009384684 0.0004728653 0.001842626 0.008575555 0.004814571 0.014677 0.001241768 0.005593146 0.0010315 0.00611801 0.0003129095 0.001244353 0.0002322175 0.00197494 0.001100052 0.0008603962 0.02189269 0.001502289 0.0003839198 0.003168473 0.0004194313 0.001406865 0.01731942 0.0008176314 0.003760013 0.007202039 0.00222852 0.002606082 0.003073226 0.001852533 0.001753496 0.01628885 0.0002244927 0.007397555 0.001060965 0.003685856 0.001949303 0.004466565 0.003930484 0.001447104 0.0009025491 0.005312523 0.01363669 0.001955651 0.002396207 0.003129709 0.000839524 0.00897132 0.003109882 0.004733458 0.02073349 0.004040685 0.0006128695 0.0005475853 0.000770213 0.001145773 0.003360822 0.0005520008 0.007268349 0.003043947 0.02673211 0.001248951 0.002016958 0.005765252 0.001593067 0.001545234 0.001170485 0.01413438 0.00331577 0.004844677 0.02939115 0.004173347 0.05781287 0.001891218 0.05549138 0.01429702 0.007704113 0.01618117 0.01004928 0.01240704 0.003257625 0.001934063 0.0009871239 0.01252118 0.02337465 0.00265745 0.01297606 0.00920269 0.0003964651 0.00136135 0.0009048798 0.0008031506 0.0005473084 0.00169524 0.02571581 0.0007141605 0.004734368 0.01072554 0.008934287 0.001402878 0.001309362 0.001162858 0.02241828 0.02432991 0.003076094 0.009114946 0.001872945 0.0002835509 0.005558237 0.001384083 0.009958241 0.001284338 0.01072119 0.001901679 0.002681167 0.01037322 0.002316619 0.001040879 0.001025248 0.0006739196 0.005322797 0.0006197209 0.001474398 0.000578372 0.005851471 0.001333645 0.003082374 0.0002523421 0.001457682 0.02603831 0.002676985 0.03264631 0.002519209 0.001480969 0.002687353 0.001041937 0.001217924 0.002950232 0.001737082 0.02941582 0.008784396 0.00300788 0.0005921939 0.003443155 0.003945681 0.01588335 0.0108629 0.0004347578 0.0006903249 0.001501508 0.0009727215 0.02574856 0.00125165 0.003292357 0.05771846 0.0008611843 0.02842524 0.00575954 0.0003746261 0.003151997 0.01064545 0.007621119 0.0207688 0.01122545 0.02285041 0.002591001 0.01774681 0.002523648 0.001046994 0.007427901 0.001188019 0.005210001 0.003327374 0.001561512 0.002638584 0.005195542 0.00107349 0.001982717 0.001898096 0.001451981 0.0005232083 0.003938828 0.001227476 0.002946073 0.01671387 0.02577086 0.0003494086 0.0004619572 0.01232512 0.009473307 0.001714055 0.0003032128 0.0009764845 0.01265323 0.001490949 0.002625355 0.00202164 0.001048588 0.0007112488 0.006334389 0.0006945375 0.001003677 0.0009967248 0.008018774 0.0005990114 0.004776821 0.002385283 0.003452712 0.006012298 0.00437148 0.007541227 0.001852773 0.001149473 0.002440611 0.0005013883 0.001434499 0.005772415 0.01060576 0.0002674417 0.007592823 0.001931406 0.05979376 0.002339849 0.001774753 0.0006000071 0.002543514 0.0009424855 0.01660288 0.03027083 0.03206008 0.003310941 0.00338045 0.001556152 0.01329088 0.01263735 0.03556373 0.0008068031 0.0005611159 0.004905938 0.001417624 0.01581855 0.002217949 0.0004897375 0.0006187228 0.01023427 0.008121519 0.01350407 0.002693284 0.006121343 0.01130279 0.0007968647 0.000840457 0.001048499 0.001018378 0.008804023 0.003865391 0.01647777 0.0001693629 0.0007783183 0.004962372 0.0007549147 0.0007699251 0.0008047867 0.004719225 0.004317195 0.001964782 0.002170612 0.0003425818 0.003650005 0.0008903072 0.001588255 0.002795271 0.02322864 0.003083735 0.008532945 0.0007595418 0.007470518 0.001977431 0.0009499344 0.0002296522 0.002394727 0.001114582 0.00153236 0.001353791 0.0008584094 0.003142541 0.001848882 0.0007316832 0.0008068855 0.001200766 0.01517668 0.0007167429 0.000973551 0.02705807 0.004088888 0.01101174 0.0001950322 0.001069256 0.0005584916 0.000763813 0.0008623351 0.010854 0.003396438 0.005361183 0.000913807 0.02355266 0.001399303 0.01417445 0.007940198 0.01534483 0.006791919 0.002992759 0.003046322 0.009432853 0.06881977 0.004068241 0.04362104 0.03071357 0.05620761 0.0008007938 0.004664161 0.00251502 0.0007028348 0.002453658 0.008185092 0.001143459 0.0002715838 0.001933556 0.0006162067 0.01015299 0.0006223231 0.05491978 0.002719625 0.00121651 0.009389861 0.002145029 0.001095832 0.0006891938 0.003561111 0.01977219 0.0120741 0.00117164 0.002183325 0.000144751 0.003549067 0.0002720874 0.0009280539 0.0003895989 0.01520247 0.0005287905 0.007012921 0.005357634 0.009196891 0.00410442 0.000428364 0.002575306 0.01226167 0.002518074 0.005276058 0.02865721 0.009569068 0.01203309 0.01817247 0.004224009 0.02153778 0.001197736 0.01521094 0.007839706 0.001960121 0.004096191 0.06231009 0.001554723 0.00653949 0.06136756 0.002176519 0.0004298947 0.007678343 0.0007985748 0.002243097 0.007585657 0.003208232 0.001156846 0.007341115 0.004290657 0.0004336069 0.009196387 0.0008486679 0.001147189 0.001699388 0.001054956 0.000649118 0.01024606 0.0008133673 0.003446192 0.001845106 0.003352733 0.001120674 0.004684963 0.04340325 0.001667436 0.005126923 0.001684907 0.0003759765 0.0006121213 0.005693267 0.008688233 0.001719624 0.0147444 0.0602582 0.0009979509 0.0168663 0.01178484 0.003657282 0.000327979 0.02506372 0.002026094 0.002768242 0.003223483 0.02610165 8.824041e-05 0.004590447 0.00113744 0.007657475 0.03739604 0.001439407 0.01054265 0.01377284 0.01418288 0.03618849 0.0006269913 0.002407706 0.001051728 0.004651989 0.01058675 0.003922614 0.001072511 0.002221978 0.02644609 0.06526597 0.00130534 0.0008569656 0.01115802 0.009159429 0.001923242 0.009650744 0.01402765 0.01126469 0.001277729 0.001143877 0.01308169 0.0007557381 0.002416021 0.000785106 0.001182544 0.0005228891 0.00260546 0.08074341 0.005732313 0.0002809197 0.0005883047 0.01199107 0.003178424 0.001850973 0.01374574 0.009199703 0.0004418343 0.003398197 0.002199696 0.002259624 0.0008138996 0.0009329226 0.0008937742 0.0004906014 0.00325004 0.002206164 0.002684525 0.001767094 0.02064546 0.01151004 0.001989499 0.001083501 0.000454478 0.001188057 0.007325721 0.004472675 0.001423636 0.0007047385 0.00493929 0.003356496 0.003851734 0.000428997 0.03989365 0.008853805 0.0008907651 0.002172937 0.001365668 0.000756647 0.000393503 0.001272235 0.01217262 0.001177741 0.002452879 0.0328382 0.0003528676 0.003920058 0.0005525849 0.001816228 0.0349638 0.00503081 0.0001926416 0.001735917 0.01367675 0.0009319138 0.000550711 0.0223427 0.001156523 0.001639686 0.013616 0.0008143073 0.0001030917 0.001903525 0.003745126 0.008303172 0.009343417 0.01889145 0.001452464 0.00154009 0.008408382 0.007301173 0.001073097 0.0004186768 0.001018746 0.000687196 0.005105095 0.005255381 0.007968336 0.0005614918 0.0153752 0.003807343 0.0003976407 0.0007296596 0.005576414 0.009526473 0.001586053 0.03281853 0.005876611 0.0003741305 0.0007552925 0.01223582 0.0004402538 0.003253186 0.03540104 0.000411472 0.0336105 0.009207265 0.0477793 0.002988292 0.009289274 0.0004871234 0.02490343 0.005144705 0.01328021 0.01277745 0.0006357949 0.04480864 0.002691408 0.009898151 0.001168359 0.00138853 0.01211813 0.0001009533 0.002152185 0.0004859952 0.001083965 0.005064504 0.004077088 0.001316731 0.009585324 0.002114344 0.002035431 0.003681606 0.04350026 0.003234256 0.001103818 0.05813778 0.001998311 0.002738561 0.00365342 0.004694612 0.0006027071 0.02078222 0.006232758 0.00139531 0.003343686 0.006477408 0.0001928044 0.005492803 0.0008653832 0.009078083 0.0006222693 0.0009551439 0.007512619 0.001071433 0.00235494 0.005139399 0.01774162 0.003682185 0.0005955358 0.009840198 0.01405092 0.001146828 0.001992991 0.01566905 0.03731169 0.02121877 0.0005301741 0.001505496 0.00100597 0.001957241 0.003303597 0.0008283242 0.0007961877 0.003227036 0.0006791294 0.001675456 0.002535354 0.001918199 0.003347595 0.001417254 0.001201143 0.00720196 0.02188694 0.009402138 0.001585416 0.0008792276 0.0004843985 0.003640782 0.003142798 0.002739622 0.003811115 0.001049214 0.01751933 0.0005200828 0.003252067 0.0003635065 0.01066563 0.007265215 0.0005738534 0.0006491723 0.008563216 0.005175102 0.006380116 0.0001090678 0.00260652 0.001132545 0.0009384473 0.002924999 0.004934447 0.009198234 0.02368812 0.007292915 0.002003079 0.0007051104 0.0007275376 0.0005364739 0.001371039 0.01130257 0.001449264 0.001122974 0.02905018 0.0004126427 0.001253686 0.002027571 0.0006811896 0.0005919271 0.01402464 0.03604811 0.002608344 0.01408704 0.002109903 0.0006937683 0.002168683 0.008054733 0.0009791611 0.008535353 0.005022189 0.03288588 0.0006680984 0.001358458 0.003545289 0.003001169 0.001361467 0.005336818 0.001281147 0.002904011 0.008051456 0.001285202 0.0006701269 0.0007436401 0.002960323 0.002319825 0.029751 0.008024294 0.02310267 0.001314832 0.001844599 0.01637334 0.0007160255 0.001671493 0.0005725265 0.0003729556 0.001301427 0.001778031 0.005430108 0.0006302416 0.01372665 0.0003513781 0.0002417944 0.00221758 0.0002252223 0.001409825 0.001242592 0.005260826 0.002339999 0.001497498 0.001377142 0.001813789 0.003248014 0.005483299 0.001409125 0.005139298 0.002141618 0.01121526 0.001233096 0.005266659 0.002680755 0.008083247 0.00297063 0.00101359 0.003101478 0.0002871905 0.009175505 0.003424898 0.00617639 0.0015781 0.004478662 0.03051197 0.01145885 0.007661148 0.005784541 0.005298256 0.02832568 0.001526986 0.0001728544 0.01420758 0.005482094 0.04365252 0.0006308014 0.0007176849 0.03658178 0.03174265 0.04165771 0.007539272 0.003787277 0.003148057 0.01303436 0.001796598 0.0007063979 0.000381201 0.001452308 0.003234801 0.02293843 0.07782929 0.0167185 0.0008793448 0.01311217 0.0006294592 0.001186269 0.004810826 0.003743901 0.004461843 0.01027687 0.0010576 0.004311595 0.0002422414 0.01062314 0.003689845 0.0005512092 0.02128699 0.0108322 0.00251186 0.001071012 0.03013444 0.004024002 0.008450095 0.001121545 0.001400094 0.002807486 0.01210136 0.004838311 0.000306245 0.0007683311 0.02278323 0.003168189 0.008449813 0.002232405 0.002875087 0.00518075 0.003508861 0.0004324691 0.001791746 0.00119999 0.01821647 0.05615018 0.001636763 0.002171228 0.04418916 0.001109741 0.0006597252 0.002086662 0.002511409 0.0008965904 0.01432806 0.0008549344 0.001039449 0.001162413 0.003976529 0.003850088 0.001663255 0.004949544 0.01079788 0.0006802104 0.001547482 0.008714191 0.00232449 0.007729754 0.01325902 0.0009380191 0.004473255 0.0007860688 0.04739588 0.004426248 0.009808691 0.001609183 0.0003356212 0.02121277 0.003589507 0.0004517903 0.003122432 0.01838949 0.0015615 0.001923145 0.004312857 0.002321202 0.03966635 0.002580432 0.004422314 0.005646615 0.0016775 0.0006621245 0.001349257 0.008828674 0.01446433 0.006294585 0.002502339 0.03239871 0.005022095 0.0009049577 0.001275897 0.03884658 0.003883785 0.002609021 0.0004163999 0.000403866 0.005419225 0.01128799 0.001186947 0.001424344 0.0008705077 0.01334276 0.001361003 0.00189117 0.01417642 0.002369776 0.0004319141 0.004343587 0.001044349 0.001146898 0.002596851 0.05221839 0.005113266 0.003289393 0.002258923 0.0005373121 0.001834972 0.003006618 0.01164783 0.001409158 0.001184028 0.001221095 0.003805807 0.0003520073 0.007843127 0.002788906 0.002763618 0.001801467 0.0001627819 0.002753587 0.002916897 0.005289388 0.0005545394 0.00552272 0.002436646 0.001920198 0.006748013 0.001676688 0.01151359 0.00204643 0.01348143 0.01095743 0.004598644 0.0006476035 0.01084272 0.008228193 0.004767159 0.002070522 6.956669e-05 0.001845895 0.0003758399 0.006995468 0.006296544 0.007415462 0.00209664 0.001735468 0.0008602071 0.004709471 0.0005306412 0.001236341 0.0003000581 0.001287785 0.003061065 0.0006210184 0.0002717897 0.001054039 0.001188378 0.003392044 0.001276258 0.0004004348 0.001713931 0.001377374 0.002355271 0.0009633499 0.00286926 0.0003395231 0.002879597 0.01970152 0.003403982 0.0001430616 0.008847566 0.0008513034 8.491403e-05 0.06865048 0.001606737 0.01282902 0.01119167 0.0007366137 0.001449011 0.0008754123 0.00556623 0.002341244 0.02075072 0.004858193 0.002185494 0.001223993 0.01434892 0.001760197 0.007525685 0.01297797 0.08464078 0.002836439 0.002272398 0.001043693 0.002577295 0.004736625 0.001213188 0.001753687 0.02200021 0.003935293 0.04303972 0.004300239 0.003573707 0.01891343 0.001309926 0.004988538 0.0029032 0.002628817 0.001171167 0.002115451 0.002265271 0.002058616 0.002293583 0.002258104 0.002487937 0.001784419 0.04254138 0.02563879 0.001715971 0.003879036 0.000747484 0.0007599728 0.002088165 0.001533382 0.001636117 0.001620756 0.0002774218 0.001055068 0.00107292 0.003080921 0.0004961701 0.004582015 0.001316551 0.003500101 0.004472138 0.001100617 0.0004232144 0.008619202 0.005363018 0.001399833 0.00124689 0.000168431 0.01377534 0.006087852 0.0003656483 0.005980368 0.003308107 0.03745782 0.04744633 0.004832212 0.0007437365 0.002429954 0.005505503 0.001188425 0.005788592 0.001753444 0.005793276 0.003804154 0.02292078 0.0009623924 0.0005636708 0.0005658255 0.00534753 0.00128924 0.003094378 0.000691634 0.0009983822 0.005644468 0.0435041 0.001321564 0.001257094 0.001637503 0.0003096479 0.0004267561 0.008350166 0.0005723202 0.003997287 0.01299483 0.056142 0.001417858 0.01625736 0.007722992 0.001139506 0.001674844 0.002229855 0.01151966 0.001608222 0.0004499865 0.000348018 0.001022248 0.005091082 0.002136738 0.001407349 0.01356088 0.0009915783 0.0005069523 0.004438076 0.005257219 0.0003512379 0.0009885676 0.00702424 0.001163046 0.001604513 0.001083586 0.009014599 0.006662 0.008389457 0.004509008 0.03573079 0.007046957 0.03547551 0.0009313818 0.008872947 0.03863632 0.005638766 0.01218218 0.0009823465 0.007053413 0.000716918 0.002086411 0.001230843 0.003155139 0.004944651 0.001454776 0.001989952 0.0009500135 0.003555147 0.0435938 0.001997181 0.001214861 0.03357369 0.01221366 0.01369434 0.0007572384 0.0007645186 0.002043084 0.001197065 0.02056531 0.001227126 0.007134385 0.002852857 0.002759018 0.008131626 0.00499306 0.06052446 0.0006224003 0.00110914 0.007603534 8.955533e-05 0.004077796 0.03311106 0.002639784 0.00105997 0.01375905 0.001874461 0.005057657 0.008520356 0.0007628869 0.0005735414 0.002344803 0.008366732 0.002579427 0.001118401 0.002936487 0.0006936451 0.001527959 0.001318491 0.002922898 0.009378732 0.06020664 0.002812333 0.005748814 0.0003054811 0.01041864 0.007727715 0.002281405 0.005043528 0.01047697 0.001718282 0.00286529 0.00252932 0.0007787101 0.002666298 0.009888509 0.001345185 0.0005509365 0.004424929 0.04111899 0.002420793 0.003247732 0.0007503437 0.001174218 0.000751961 0.002000041 0.0006999027 0.001193357 0.001600913 0.003406337 0.0008001209 0.00840622 0.001937215 0.007655108 0.01517157 0.0009552315 0.01609465 0.000781304 0.002643763 0.001818645 0.00591602 0.03081975 0.001649145 0.0004447608 0.0004077821 0.04746649 0.001284077 0.002878952 0.00617578 0.004231453 0.002610969 0.003455117 0.0004248485 0.004218351 0.0007869289 0.01796675 0.001139333 0.004891217 0.00108708 0.002574597 0.0001754517 0.0009569039 0.004941522 0.005338407 0.03477965 0.00131414 0.01600556 0.04438752 0.001994968 0.0007509122 0.002492929 0.0001309599 0.005456903 0.0353342 0.0007624034 0.0004042189 0.01387001 0.00132911 0.009008024 0.00323198 0.001141705 0.000489558 0.001403563 0.000407962 0.006743701 0.0007625511 0.006625714 0.01331343 0.01384591 0.0004091083 0.00376758 0.0005979977 0.005429859 0.003557045 0.0006913403 0.003207519 0.002248015 0.002337659 0.01433847 0.003772074 0.03169134 0.00218989 0.001172275 0.0408169 0.01474009 0.003723237 0.0009092671 0.003652644 0.002774421 0.0008417358 0.0008997867 0.0007221057 0.002602644 0.08289074 0.001936503 0.0001939344 0.04623866 0.002406201 0.003728766 0.002368388 0.001136366 0.003861326 0.003175332 0.0006347413 0.0208494 0.0009911533 0.004560017 0.005392161 0.01959511 0.001648454 0.000827878 0.001410964 0.0005733774 0.005980207 0.001020871 0.001025151 0.001424564 0.005271925 0.0006934852 0.01171786 0.008089907 0.005640001 0.005549448 0.003181359 0.0008734888 0.001625136 0.03930371 0.001039614 0.02032462 0.003007455 0.01444883 0.004361891 0.0005311404 0.002142541 0.00246144 0.0007050282 0.0009324218 0.0006236959 0.0003465732 0.0009045975 0.01225731 0.01671769 0.000862092 0.000575575 0.001113721 0.02541604 0.001055417 0.004673663 0.002146763 0.000475594 0.003400599 0.001976793 0.008030333 0.00948919 0.002653666 0.00280706 0.0661369 0.007195473 0.001628867 0.01714737 0.003310731 0.001241383 0.00146188 0.008714568 0.001025377 0.001788316 0.001764224 0.001799544 0.004245586 0.0008180065 0.01800796 0.0003673894 0.0001008085 0.003693415 0.007351022 0.008248428 0.001993452 0.004845805 0.007475273 0.0009992417 0.05430644 0.00310111 0.0005509965 0.001134469 0.0004058768 0.002143219 0.003686163 0.003996206 0.0008617471 0.004679188 0.0026051 0.004395271 0.01048169 0.003854482 0.002792691 0.0009700556 0.001433412 0.006554873 0.0002158847 0.002557116 0.001438423 0.02495177 0.001509685 0.01282942 0.00054219 0.001282499 0.00105519 0.00251948 0.01696054 0.004094901 0.007523141 0.02471125 0.001309882 0.03391352 0.003222707 0.00170795 0.0001185744 0.002394306 0.003145191 0.03803106 0.001551931 0.001561163 0.002707961 0.001422797 0.001226569 0.003364103 0.00107946 0.0008225442 0.004025144 0.00440993 0.0008698991 0.002312804 0.001822946 0.02479771 0.004634341 0.0004372416 0.001710129 0.0008161752 0.001761058 0.01008146 0.000800864 0.00717545 0.001737342 0.004618285 0.001666604 0.02902276 0.001007332 0.000418127 0.001346281 0.003909763 0.0005746232 0.0002206378 0.01426335 0.001225076 0.003567127 0.03359694 0.01647993 0.003343512 0.001864392 0.00118769 0.02243068 0.0004187364 0.006913384 0.0005815647 0.001227578 0.001336741 0.002459903 0.002754202 0.0009781891 0.01186439 0.002219489 0.006190812 0.008318814 0.002389515 0.003718869 0.0007544156 0.002398284 0.002977046 0.005102369 0.0007965911 0.005386161 0.002258393 0.01654799 0.02040907 0.002888227 0.002120789 0.002357712 0.001436879 0.001691788 0.001713872 0.0009766038 0.002635178 0.005663582 0.003301898 0.01952747 0.0009338072 0.005060764 0.0006637758 0.01774405 0.001495115 0.0009138254 0.0009494014 0.002878696 0.001261542 0.002510415 0.001564426 0.0009509344 0.0008036351 0.01334066 0.001772465 0.0007318958 0.006733167 0.001490912 0.0003947241 0.00156731 0.001066949 0.02141334 0.04992232 0.004335939 0.01413324 0.002703368 0.001688273 0.01701201 0.05291181 0.001570988 0.002774295 0.00401638 0.007678388 0.002068699 0.001523221 0.002008212 0.001767422 0.0009947821 0.001284769 0.00198197 0.002224967 0.002462139 0.01766015 0.001964772 0.01554495 0.004716431 0.002336821 0.0001749256 0.003201058 0.0002957466 0.0009650938 0.0006685483 0.002227209 0.03784006 0.001839146 0.0009994402 0.0004493519 0.02641615 0.001352887 0.001184088 0.001567852 0.0004299569 0.001259057 0.0009184163 0.001885874 0.002049381 0.0008392975 0.001571138 0.01795269 0.03061133 0.0005084657 0.001087524 0.0009113401 0.04687368 0.001142203 0.0007139132 0.007114626 0.002316988 0.0002323222 0.003356287 0.001423256 0.01609381 0.00100711 0.002498218 0.003516935 0.005738223 0.001882724 0.003865434 0.003301109 0.01800581 0.001100651 0.002474508 0.004107198 0.001031776 0.001225127 0.002783287 0.004016562 0.01690003 0.004208084 0.0003436265 0.007486852 0.0006650831 0.01464819 0.003725295 0.002215249 0.0009814349 0.001599063 0.001931478 0.0006339467 0.000344049 0.006550976 0.001293068 0.002109226 0.001685335 0.007197067 0.001682023 0.01322662 0.0009531553 0.002263937 0.008590178 0.009612882 0.005590668 0.006806387 0.0034333 0.0004259865 0.013147 0.002468482 0.001376578 0.002980067 0.00643193 0.009253295 0.01109159 0.003232276 0.001109994 0.00624255 0.0003625889 0.005859806 0.00954297 0.004121766 0.01240441 0.002524457 0.002841562 0.01042075 0.001223192 0.01417165 0.0004308537 0.001305485 0.008908951 0.002795606 0.001600634 0.00248697 0.01232634 0.01041802 0.002291563 0.02515306 1.778394e-05 0.00482781 0.0009588089 0.005652592 0.03629234 0.0003085488 0.008116305 0.003892426 0.009134199 0.01668124 0.0002788559 0.005730593 0.0006819552 0.0007197665 0.0001918663 0.003468291 0.006257588 0.0007536603 0.02140144 0.01573363 0.00317732 0.003226305 0.009482566 0.002462653 0.0001792794 0.01182841 0.002644779 0.001358854 0.001024794 0.001638395 0.0002978301 0.01742004 0.003901901 0.002578767 0.002210498 0.001556918 0.004685108 0.004876557 0.004224097 0.009018779 0.002381479 0.001175644 0.005369523 0.001002821 0.0001751487 0.004597169 0.005612987 0.0009569004 0.001823415 0.0007562655 0.00306506 0.001792018 0.001877397 0.009370281 0.004001843 0.0009791909 0.009027438 0.001322678 0.008232464 0.0009692358 0.001145378 0.00128781 0.0004903352 0.002191431 0.001444455 0.002786737 0.001240635 0.0009347317 0.02741927 0.03986173 0.001179771 0.01657013 0.001830776 0.0002303938 0.006704632 0.000428658 0.007445659 0.002668465 9.627388e-05 0.003645213 0.006470647 0.04001815 0.001672749 0.0001891502 0.0005582806 0.009613891 0.003962353 0.0002815964 0.0005035068 0.02419646 0.0001405411 0.0003688728 0.0006834644 0.0001040697 0.04078082 0.004147772 0.001439129 0.001512083 0.007585528 0.002046444 0.0105746 0.0086989 0.0002960817 0.003601455 0.006097908 0.001305291 0.03458105 0.0110765 0.01443493 0.0375498 0.00884163 0.0665702 0.0003745035 0.02489917 0.0007672457 0.0004569842 0.00241257 0.007518946 0.0004433215 0.002504487 0.0007429903 0.001995233 0.00715531 0.004060403 0.003661478 0.0004765503 0.0005784826 0.0006216549 0.01283949 0.0004305794 0.002963883 0.04146667 0.02065602 0.02389177 0.01451089 0.001760997 0.001084076 0.003742768 0.0002999625 0.002264252 0.01897173 0.006303811 0.0009799534 0.006482363 0.0012424 0.001065183 0.0007613187 0.002817858 0.0008201115 0.0002304486 0.00190445 0.0008237324 0.00063046 0.001149532 0.01241616 0.002336038 0.01080967 0.001373951 0.004649027 0.002024881 0.001784702 0.001117036 0.001290508 0.006449274 0.0007648435 0.004727333 0.00950486 0.01820032 0.01814258 0.001288723 0.00343557 0.006161527 0.00107477 0.001189654 0.0007386549 0.004421683 0.0003771508 0.0007611628 0.0004844168 0.001199761 0.00177113 0.01186725 0.003484824 0.004979108 0.001550027 0.006764143 0.004105682 0.003577005 0.001686838 0.0368913 0.002975994 0.0004932793 0.0003345331 0.005654595 0.009009553 0.001057395 0.02297232 0.009983638 0.001781918 0.01380024 0.002440201 0.0008250087 0.001838464 0.0103337 0.006068502 0.01830707 0.000558692 0.007561672 0.005775642 0.006188205 0.003230608 0.0005393457 0.00129187 0.0009088378 0.001364253 0.02170564 0.001084676 0.003700806
        </DataArray>
      </PointData>
    </Piece>
  </UnstructuredGrid>
</VTKFile>
